booking_id,passenger_key,flight_id,booking_date,status,record_status,reject_reason,processed_at
B1000,0ec7791a73871e8b0861aa10cb6463f2fb14662de661dee674a163a0715826c8,AI192,2025-06-14 11:37:36.951,CANCELLED,accepted,,2026-09-11 07:11:20.746785+00:00
B1001,300157648fad5d6b5022b8db564c771b4c2a664921cd1b16064d0e2e5e22db39,6F026,2025-11-02 11:37:36.951,CANCELLED,accepted,,2026-09-11 07:11:20.746785+00:00
B1002,6449dca9721d77287fb2981b9ed9d1ed3ca4ad264adc6e9192669f25d5d1a50d,SJ010,2025-08-25 11:37:36.951,CANCELLED,accepted,,2026-09-11 07:11:20.746785+00:00
B1003,5adf5b4ebebb0ca26f00087113022f4f43e43c61e85ce5f9b2772b8e7f20e645,AI069,2025-12-30 11:37:36.951,CONFIRMED,accepted,,2026-09-11 07:11:20.746785+00:00
B1004,30b09b0e0c0e6d44a9308797ee9e624372f2a5e8a55c12a5b3a111c02df3b7a8,UK003,2025-10-02 11:37:36.951,PENDING,accepted,,2026-09-11 07:11:20.746785+00:00
B1005,8e4dc79f7a90cd09a4e965e36a4ebeab755808b2240b30adde5a80d7f60a263a,AI048,2025-08-31 11:37:36.951,CONFIRMED,accepted,,2026-09-11 07:11:20.746785+00:00
B1006,047b4fb03c2b4ca33c8e6d064537ba4fd22a032b962545707290355a750bb22d,AI140,2025-06-29 11:37:36.951,CANCELLED,accepted,,2026-09-11 07:11:20.746785+00:00
B1007,2821f6cf04a9e76de90c835074b7ebe9fd9317cec58ef8923d867efc2649f27c,UK167,2026-03-12 11:37:36.951,CONFIRMED,accepted,,2026-09-11 07:11:20.746785+00:00
B1008,31f3557d1b55d767e323b4035aaa94298e270d852b888fa6ca24da93038f89d0,AI245,2025-09-07 11:37:36.951,PENDING,accepted,,2026-09-11 07:11:20.746785+00:00
B1009,9129176be94a360d9536c0d8ce292139994aae112995e2a28da01e4f2cae246f,SJ158,2025-04-28 11:37:36.951,CANCELLED,accepted,,2026-09-11 07:11:20.746785+00:00
B1010,60f871d6a4c7725edaa5013adfe5c8e248a870afe8828e9a310e25657830875e,AI155,2025-11-24 11:37:36.951,CONFIRMED,accepted,,2026-09-11 07:11:20.746785+00:00
B1011,2e693356f5e829174705bbb59e0a4ab7ae9655037e345d7afa6cdc46f9964ae0,AI179,2025-10-25 11:37:36.951,CONFIRMED,accepted,,2026-09-11 07:11:20.746785+00:00
B1012,4f5a316fba0e4be6f11454d81c1a1e0f21f1de06315d9c564f7b47c7a6f01f59,AI137,2025-08-15 11:37:36.951,PENDING,accepted,,2026-09-11 07:11:20.746785+00:00
B1013,cecee5bd96c8c5ea0417bbe4602a6e036a761e89cbd38a97b8cdaf952beb3d8e,SJ001,2025-07-20 11:37:36.951,CONFIRMED,accepted,,2026-09-11 07:11:20.746785+00:00
B1014,26c67228c0e97d2bc8d44eaf2a8d18bc6508730a38c13dcfef6411bebac38709,SJ172,2025-09-15 11:37:36.951,PENDING,accepted,,2026-09-11 07:11:20.746785+00:00
B1016,cb85429c38fca570c5729e2aaa00a5de3fbf41eef28f5c7ca08fb0093316806d,UK027,2026-01-13 11:37:36.951,CANCELLED,accepted,,2026-09-11 07:11:20.746785+00:00
B1017,953da170d674ef52a3fa5808745602e78b58200cf2234a2caafc954a282f790b,UK067,2026-04-04 11:37:36.951,CONFIRMED,accepted,,2026-09-11 07:11:20.746785+00:00
B1018,6b113d8b1a85ba5eb8b61b1d70225f343b4bd35b4df6094a8a7cfba8db80daed,6F196,2026-03-25 11:37:36.951,CANCELLED,accepted,,2026-09-11 07:11:20.746785+00:00
B1019,b23d79024cc864bb204d1333904b3073f5ea14592b028964b568a91475e2784e,6F164,2025-07-31 11:37:36.951,CANCELLED,accepted,,2026-09-11 07:11:20.746785+00:00
B1020,9d6540e2bd71f645b38708f6cc80a3fea83748834fd0ff42bba6f6a86c523efa,SJ112,2025-12-06 11:37:36.951,CONFIRMED,accepted,,2026-09-11 07:11:20.746785+00:00
B1021,f09e3ac6cbc74d8f92da2c362cdcec12be5a695897f8af8b5f4fccb18962fe7b,6F190,2025-12-07 11:37:36.951,CANCELLED,accepted,,2026-09-11 07:11:20.746785+00:00
B1022,b39e61928b425909e99b0fc789c7b26547b1ae0525eed3342c23fb051ba9699d,AI080,2026-03-25 11:37:36.951,CONFIRMED,accepted,,2026-09-11 07:11:20.746785+00:00
B1023,52c05a810c2081a0761d0f8fc9c4152d355ed4b32cab921ab3c10d13a697a447,6F213,2026-02-03 11:37:36.951,PENDING,accepted,,2026-09-11 07:11:20.746785+00:00
B1024,c3aa8402be83f22f03888b8a2c35ed7f73cc14fcc00a0f3a14cde13fb81a8fe7,AI115,2025-06-21 11:37:36.951,PENDING,accepted,,2026-09-11 07:11:20.746785+00:00
B1025,25cf9f26bf035bc6c68e4c4adc829e949671ee3b78a50e7657d3fc2cf82538b6,SJ049,2026-03-18 11:37:36.951,PENDING,accepted,,2026-09-11 07:11:20.746785+00:00
B1026,8147c618c0da90817c143d62b40326cc3a0e60c22f007b0d5fe9ab6142c49e90,AI058,2025-06-27 11:37:36.951,CONFIRMED,accepted,,2026-09-11 07:11:20.746785+00:00
B1027,b0b616ed6e00345bb56979fbf6d24624db23005b98671da7ac4eaa097aa7ed12,UK036,2025-07-25 11:37:36.951,CONFIRMED,accepted,,2026-09-11 07:11:20.746785+00:00
B1028,c1f02247e307c3d91e41079445d674df205c43a4ab745157d0b60a6f85413397,SJ239,2025-05-25 11:37:36.951,CANCELLED,accepted,,2026-09-11 07:11:20.746785+00:00
B1029,fb30c6012f7bcd339bc4b9d20046fe86bb93952c75b6f6a5b6fc17288ccca75a,6F025,2025-06-06 11:37:36.951,CANCELLED,accepted,,2026-09-11 07:11:20.746785+00:00
B1030,b025d78f0603d96800ab37c705f0f4546248a60a6e09d526680fdfb6177cbf3f,6F236,2026-03-18 11:37:36.951,CANCELLED,accepted,,2026-09-11 07:11:20.746785+00:00
B1031,d599ed872679fc8e7943157ef7d8702d470b7da34c022f7a056e2ed22f5f43bc,AI060,2025-11-16 11:37:36.951,CANCELLED,accepted,,2026-09-11 07:11:20.746785+00:00
B1032,bc5bab79e7ba1df1290bcf11fa1c46dd95fb3c8085f1ca47e2388c0b2102741d,UK021,2025-09-03 11:37:36.951,CANCELLED,accepted,,2026-09-11 07:11:20.746785+00:00
B1034,230d3ceee13f129a1908c5f8c0e96dd15631bbfb5808923193e2a94bd951e5b8,SJ179,2025-12-31 11:37:36.951,CONFIRMED,accepted,,2026-09-11 07:11:20.746785+00:00
B1035,d48b4eb770c309d1945f386650d85c61f938db17a3a4efec50c93e4dd1b160e1,6F251,2025-08-21 11:37:36.951,PENDING,accepted,,2026-09-11 07:11:20.746785+00:00
B1036,e828922ca0d1095777a28235238c4922bce43d08e0247b4013fc415d20602881,SJ149,2025-11-24 11:37:36.951,PENDING,accepted,,2026-09-11 07:11:20.746785+00:00
B1037,e0549577f0fd0268238cfbc14508a9ca182ef00e19a58b5df9795b1e1973319c,AI188,2026-03-20 11:37:36.951,PENDING,accepted,,2026-09-11 07:11:20.746785+00:00
B1038,8fdd845021e462167cb6753bcdf32691bad181cc444cc2355d1b615722bf9051,SJ093,2026-01-01 11:37:36.951,PENDING,accepted,,2026-09-11 07:11:20.746785+00:00
B1039,f351f0a690677d85dab9d27ad5946129b18d95c8c7524c8dd3e75c9546d72a35,SJ205,2025-08-21 11:37:36.951,CONFIRMED,accepted,,2026-09-11 07:11:20.746785+00:00
B1040,4ffac6b7b39f14b393c4db5306f500ab8d867727b84403573b02af6be083e3e0,6F099,2025-08-08 11:37:36.951,CONFIRMED,accepted,,2026-09-11 07:11:20.746785+00:00
B1041,9adae57382bb3df9366fd605163ac2c2f9d14fe2f291c20445cc38225a140245,UK176,2025-05-28 11:37:36.951,CONFIRMED,accepted,,2026-09-11 07:11:20.746785+00:00
B1042,7ff6703c385393eb2e385fd7e9e8a111c7925e1a9c9c02568ebcc7bb73c94b44,UK200,2025-12-02 11:37:36.951,CANCELLED,accepted,,2026-09-11 07:11:20.746785+00:00
B1043,bf03ba4477924ce0a5e983ce12e73d18eaffd13b1dc487d5dfee3a68b067328f,6F195,2025-11-22 11:37:36.951,CANCELLED,accepted,,2026-09-11 07:11:20.746785+00:00
B1044,e18af6500917bbbc8ba9fece7299b6ca4c561bdfee04a1f49f584afd0a104ef7,6F174,2026-04-12 11:37:36.951,PENDING,accepted,,2026-09-11 07:11:20.746785+00:00
B1046,b2f001077f80146f6789c203094e1946e8af4c1eccf3bac1e2513657b0ecfc6b,UK059,2025-10-14 11:37:36.951,CONFIRMED,accepted,,2026-09-11 07:11:20.746785+00:00
B1047,58cee2edfcf7f7a5f14327ada0e5b5ae65566d94ec9a11c64a6bbfde0b2afd6a,6F151,2025-12-29 11:37:36.951,PENDING,accepted,,2026-09-11 07:11:20.746785+00:00
B1048,d1356b44bba34cc384a19cea4943fc09977214cba2b977cacd5464e7311ad240,SJ236,2025-09-19 11:37:36.951,PENDING,accepted,,2026-09-11 07:11:20.746785+00:00
B1050,3d1b8d936a59e827768f1fd68d7d36c9f2c15ee6710a1e4455ee828856dd2bb7,AI220,2026-01-15 11:37:36.951,PENDING,accepted,,2026-09-11 07:11:20.746785+00:00
B1051,2ef8603b9ef844250dc5d7cbbbd9ec1c59acc800f2d6f028cca961cea169fc19,6F028,2025-07-05 11:37:36.951,CANCELLED,accepted,,2026-09-11 07:11:20.746785+00:00
B1052,30bfdc8d1d1d2f28ec5826ea2b0ce05233663c3ece7e284045fcbfaeea663300,UK209,2025-12-30 11:37:36.951,CANCELLED,accepted,,2026-09-11 07:11:20.746785+00:00
B1053,64b15cfdb2ef129c4b355f53c95e9b9626da1cd59050b0fcdbf78235e9e6ddb3,UK216,2026-04-01 11:37:36.951,PENDING,accepted,,2026-09-11 07:11:20.746785+00:00
B1054,dcd590f2f6b9075979f2b062fc472262e7e9af73f86a4ffb8b7547ac437c0e1e,AI132,2026-04-11 11:37:36.951,CANCELLED,accepted,,2026-09-11 07:11:20.746785+00:00
B1055,a737c691fc2282a468488d44d32b93975ec0e25ff929689acce3bd67450ca6a8,6F012,2025-10-14 11:37:36.951,CANCELLED,accepted,,2026-09-11 07:11:20.746785+00:00
B1056,4832ced0a54904db67260c33ef1d337ed0f397a940bc0452f36037cc4df40451,UK173,2026-03-24 11:37:36.951,CANCELLED,accepted,,2026-09-11 07:11:20.746785+00:00
B1057,de5eb00b6be507a3529a84b9942898cb11445eec634de4504acc9b15ec0b9b18,SJ047,2025-08-20 11:37:36.951,CANCELLED,accepted,,2026-09-11 07:11:20.746785+00:00
B1058,2dce5e039143bb05f4c3ceb453e08a9d187d2ed459b64d202eedc54b97daa9a4,SJ043,2025-12-07 11:37:36.951,PENDING,accepted,,2026-09-11 07:11:20.746785+00:00
B1059,f8cdd1f64e3db6d7220b3dccc384356f36b0c97fde35f6c81cb7ccb76e9a2f31,UK140,2026-01-03 11:37:36.951,CONFIRMED,accepted,,2026-09-11 07:11:20.746785+00:00
B1060,ccc7e28ec5a8c8d538d292955185713a6602323ac3664a4361e52d2245080119,6F086,2025-12-30 11:37:36.951,CONFIRMED,accepted,,2026-09-11 07:11:20.746785+00:00
B1061,1ba00c140fc77c6aea04068a4574906a372275446a4b7e8a1f1a84373f3843b5,6F114,2026-04-05 11:37:36.951,CANCELLED,accepted,,2026-09-11 07:11:20.746785+00:00
B1062,b0204798f1b68a84e4eeaea1143ae4839db5f1c87c8ac2818fe6a85d35fb7cef,UK153,2025-06-12 11:37:36.951,CANCELLED,accepted,,2026-09-11 07:11:20.746785+00:00
B1063,48d6fbaa827ff9d16f0a92bc9f93be8a1ab34277f54dfcab8e3d3de037b54b21,6F149,2025-05-19 11:37:36.951,CANCELLED,accepted,,2026-09-11 07:11:20.746785+00:00
B1064,1381856e99251d0243066f6304fa6cb572c6b53181a0b980b033cecaef6ac697,UK145,2025-09-14 11:37:36.951,CONFIRMED,accepted,,2026-09-11 07:11:20.746785+00:00
B1065,0d5e13493e81e1ca5563f262ca32d89b5810cc0b9e8cfda962e28224a345f382,UK010,2026-03-06 11:37:36.951,CANCELLED,accepted,,2026-09-11 07:11:20.746785+00:00
B1066,6a85491c76c328ea5ebec3c615489c844dd46f8d53c32a92cc7a93662a88b5e2,SJ003,2025-11-05 11:37:36.951,PENDING,accepted,,2026-09-11 07:11:20.746785+00:00
B1067,de8f5767c2eb7e3bd8323299f8d7f329aec65e543bf9532d311d03056608686d,SJ160,2025-07-23 11:37:36.951,PENDING,accepted,,2026-09-11 07:11:20.746785+00:00
B1068,7abaf2d173b3a291393fc098f9d9eb0f68cc642be0739080821a56d9706dc47d,UK224,2025-11-22 11:37:36.951,PENDING,accepted,,2026-09-11 07:11:20.746785+00:00
B1069,39795c765d0f2268fdaf3bb12acf1fd095c5c399f4d19e79ca7d5e3bdf23a8d4,UK152,2025-08-02 11:37:36.951,CONFIRMED,accepted,,2026-09-11 07:11:20.746785+00:00
B1070,64b15cfdb2ef129c4b355f53c95e9b9626da1cd59050b0fcdbf78235e9e6ddb3,SJ034,2025-09-22 11:37:36.951,CANCELLED,accepted,,2026-09-11 07:11:20.746785+00:00
B1071,d441f7735d58781642b62233c5d6137ee6bdd36b0feb8869a98b9ce0b449a871,UK215,2025-12-21 11:37:36.951,CANCELLED,accepted,,2026-09-11 07:11:20.746785+00:00
B1072,8bca367967fbb829ca70fbaf351af7eb94b876156429d03b75289b69b838fbb9,UK089,2025-08-10 11:37:36.951,CANCELLED,accepted,,2026-09-11 07:11:20.746785+00:00
B1073,36056c926b92fabe73c1150a66df88b61be44ddf01c7b99b19f89d3013347bab,6F180,2025-12-04 11:37:36.951,CONFIRMED,accepted,,2026-09-11 07:11:20.746785+00:00
B1074,f942a3b87796d3f50af546c34a3974a56abe065b56ea2552599d75a76506291f,6F188,2025-09-25 11:37:36.951,CONFIRMED,accepted,,2026-09-11 07:11:20.746785+00:00
B1075,e7ee386bc3c52c0a81ae0034c3824fb28018e34c36f71d7011818af757577d9c,UK131,2026-01-03 11:37:36.951,CONFIRMED,accepted,,2026-09-11 07:11:20.746785+00:00
B1076,0a7e8342a941e87f546e455b0fc951896f010c93dd039691dae1345903fa9fc9,UK055,2025-05-04 11:37:36.951,CONFIRMED,accepted,,2026-09-11 07:11:20.746785+00:00
B1077,1dd6b47657716b59cb22fd22ae67ad7748ff173b0c41c193a2789cfd96c1db1d,UK181,2025-05-03 11:37:36.951,PENDING,accepted,,2026-09-11 07:11:20.746785+00:00
B1078,10e0f7517257380c473733220a034a9284d1c0f8df7b0567fb42b92614dfbc77,6F077,2025-09-21 11:37:36.951,CONFIRMED,accepted,,2026-09-11 07:11:20.746785+00:00
B1079,0c86047beef367b791b6da6bc94b3772cb6f613c2a4cc6b276180aeea9d4b35e,SJ085,2025-06-03 11:37:36.951,CONFIRMED,accepted,,2026-09-11 07:11:20.746785+00:00
B1080,7e929b499c04a7d1b07dd4f78b151797a39f6a323702f2b715c54dd8792c1015,SJ023,2025-06-05 11:37:36.951,CONFIRMED,accepted,,2026-09-11 07:11:20.746785+00:00
B1081,9b0649295a9d5b1c4754b4fdd2bf84d79d8dd79f22fe9ffa52cdfe467459696c,SJ202,2025-11-13 11:37:36.951,CANCELLED,accepted,,2026-09-11 07:11:20.746785+00:00
B1082,35d24dccf0cf566dc371a45707040e2d9bac802f1e4485a954ad678f7ce45a29,SJ150,2025-09-09 11:37:36.951,CANCELLED,accepted,,2026-09-11 07:11:20.746785+00:00
B1083,0209970ef57bf2d868068b32655d47f550d01fc9c499f829601f51eed38e2825,SJ116,2025-05-12 11:37:36.951,CANCELLED,accepted,,2026-09-11 07:11:20.746785+00:00
B1084,279b8bcf5dc2270dfb9c59c4f76564eab90ea31364733c3a8e8ef9dec40ba5a5,6F270,2025-06-14 11:37:36.951,PENDING,accepted,,2026-09-11 07:11:20.746785+00:00
B1085,f4acdb655de5b4a0b92e4a51785afb63b467b6caf8849130fd795ea3168039e5,UK150,2026-03-24 11:37:36.951,PENDING,accepted,,2026-09-11 07:11:20.746785+00:00
B1086,d4400717a61623e3b28abd1f0707dfa337b8ae9a2d06ece4b3c3817a7686d4fc,SJ237,2026-02-16 11:37:36.951,CONFIRMED,accepted,,2026-09-11 07:11:20.746785+00:00
B1087,29052ccec828dbd8d2dc54d657a1c7d58766f701f0cd42dccd20a910b1d76600,AI221,2025-05-08 11:37:36.951,CANCELLED,accepted,,2026-09-11 07:11:20.746785+00:00
B1088,aaf3d76e0bd4c3a53fc21ad72a88718f612ee377d9cf132ead60f3e586f3df1e,SJ081,2026-03-25 11:37:36.951,PENDING,accepted,,2026-09-11 07:11:20.746785+00:00
B1089,3fce6e2ff9159e70d72535d5250fa0f24359c324d789745b9e5223a69a7466a3,UK189,2025-09-03 11:37:36.951,CANCELLED,accepted,,2026-09-11 07:11:20.746785+00:00
B1090,e06dab291f82ef5eff956115d18c08ff1302ce1b33eebe2c89f2c6ead52cb5ff,SJ068,2025-05-16 11:37:36.951,PENDING,accepted,,2026-09-11 07:11:20.746785+00:00
B1091,37ef5e07cd991a00edb308104950db148c43e2b174360a1c9e71bd4c261d999c,6F043,2025-08-18 11:37:36.951,PENDING,accepted,,2026-09-11 07:11:20.746785+00:00
B1092,4fa4db7e4db3817bf07ff338d9eeb4411cbbe9040aced66ad496e6594fe06e9c,UK187,2026-03-18 11:37:36.951,CONFIRMED,accepted,,2026-09-11 07:11:20.746785+00:00
B1093,6cf0211955eb809f210fe3cc88535d4d2919039d916a49615b631d10b26858a1,UK074,2025-05-11 11:37:36.951,CONFIRMED,accepted,,2026-09-11 07:11:20.746785+00:00
B1094,a10028a0d2012db61d90ef1976a06d118eb27e7e5cfd94fbbff6151a8efc6d55,UK004,2026-01-07 11:37:36.951,PENDING,accepted,,2026-09-11 07:11:20.746785+00:00
B1095,8147c618c0da90817c143d62b40326cc3a0e60c22f007b0d5fe9ab6142c49e90,6F194,2025-07-30 11:37:36.951,CONFIRMED,accepted,,2026-09-11 07:11:20.746785+00:00
B1096,60cf5a31b9f345d4b87275ca61dd53e6517ba8c67fcfe8c2872e48e5f7152525,UK068,2026-01-03 11:37:36.951,PENDING,accepted,,2026-09-11 07:11:20.746785+00:00
B1099,5f6517497e48e3c5ea5be96ba23874050ee5b55b13f8dac36a1861adada5d251,6F254,2025-12-07 11:37:36.951,CONFIRMED,accepted,,2026-09-11 07:11:20.746785+00:00
B1100,76db5aea3b6b233584db9dd4995a4542ba51f2895ab5d5ecd30afbc2ed431c79,UK077,2026-03-05 11:37:36.951,CONFIRMED,accepted,,2026-09-11 07:11:20.746785+00:00
B1101,b9321e2bdef7ef53c3be4638b68538e99419d9b6e3587cfff31c5e62ee57258d,AI029,2025-07-19 11:37:36.951,CONFIRMED,accepted,,2026-09-11 07:11:20.746785+00:00
B1103,1dd6b47657716b59cb22fd22ae67ad7748ff173b0c41c193a2789cfd96c1db1d,AI242,2025-08-08 11:37:36.951,CANCELLED,accepted,,2026-09-11 07:11:20.746785+00:00
B1104,c3aa8402be83f22f03888b8a2c35ed7f73cc14fcc00a0f3a14cde13fb81a8fe7,AI242,2025-09-12 11:37:36.951,CANCELLED,accepted,,2026-09-11 07:11:20.746785+00:00
B1105,c78ea740da9be95e3053e860f52e4ddbd39fc438a11caf2b7c23e9c798d7deba,SJ044,2025-09-11 11:37:36.951,CONFIRMED,accepted,,2026-09-11 07:11:20.746785+00:00
B1106,6b2f475cc8c9a2c8445bc4210ee15f95df0f9514155abfc69a8331bfa5aff335,UK063,2025-09-01 11:37:36.951,CONFIRMED,accepted,,2026-09-11 07:11:20.746785+00:00
B1107,1dd6b47657716b59cb22fd22ae67ad7748ff173b0c41c193a2789cfd96c1db1d,AI056,2025-05-19 11:37:36.951,CONFIRMED,accepted,,2026-09-11 07:11:20.746785+00:00
B1108,666758db8b7542ed05e1fd85481901ecc489dc49fa2aaca0323c63701e8927cd,UK207,2025-10-11 11:37:36.951,CANCELLED,accepted,,2026-09-11 07:11:20.746785+00:00
B1109,10b32db5b9526036de158a63d33785ceae5ced5d25dc682d14594e357c63d0ac,UK166,2025-12-03 11:37:36.951,CANCELLED,accepted,,2026-09-11 07:11:20.746785+00:00
B1110,77ee57c28e9dd77f48ad9c86749aab3ecff39ba5a9a5ff820925254bf72576db,6F261,2025-12-17 11:37:36.951,PENDING,accepted,,2026-09-11 07:11:20.746785+00:00
B1111,9426a36d00faf150c42caaccd30079799efe83e727282507aa4a2a1e228e688e,UK134,2025-12-25 11:37:36.951,CANCELLED,accepted,,2026-09-11 07:11:20.746785+00:00
B1112,f40f2a3a4d5194f711459d19a504a8e5ee88d45ecca326082187b9d8ffc428b6,6F152,2025-10-02 11:37:36.951,PENDING,accepted,,2026-09-11 07:11:20.746785+00:00
B1113,8a03fda1ed466bede92b972ec8517d6c0677d5c75f45bbcb0ae5f68eb8f98877,SJ089,2025-11-23 11:37:36.951,CONFIRMED,accepted,,2026-09-11 07:11:20.746785+00:00
B1114,1bf5826060cdd76ba799eee12737a900cfa1cf0e2ff911aa3b3c513141234cfc,6F123,2025-09-26 11:37:36.951,CANCELLED,accepted,,2026-09-11 07:11:20.746785+00:00
B1115,773896000f481ceffff3bececbd8656d245ed28ede2471640e1ffdd750f63a26,AI025,2025-08-23 11:37:36.951,CONFIRMED,accepted,,2026-09-11 07:11:20.746785+00:00
B1116,710ce26c272b55b8c8c8b9865835a77112dbd1d3ed3f3744d0509cdcb13a234c,6F030,2025-12-05 11:37:36.951,CONFIRMED,accepted,,2026-09-11 07:11:20.746785+00:00
B1117,87e3033affbf907e44231a6be4a04fc0c5b905b79fedcbde396d9ef97776ee04,SJ222,2025-09-02 11:37:36.951,CONFIRMED,accepted,,2026-09-11 07:11:20.746785+00:00
B1118,d2ccc33e4ba344605b1732188802d3f420fecdef1f133c1607aaa8fbc8c75092,UK109,2026-04-03 11:37:36.951,CONFIRMED,accepted,,2026-09-11 07:11:20.746785+00:00
B1119,b82ef73887381583148a8412ad5b47b40c862ddde1850e97352659910a75867b,SJ117,2025-11-25 11:37:36.951,CANCELLED,accepted,,2026-09-11 07:11:20.746785+00:00
B1120,0040c0bad1ef88654de37418e9198e70695ff76ee6941d4ac34e1ed9d478bc79,SJ142,2025-08-12 11:37:36.951,CONFIRMED,accepted,,2026-09-11 07:11:20.746785+00:00
B1121,7e605c2b94df0bd196989041d4aa94be12192955faeb6a52c184f3ebac3aef90,SJ142,2025-06-01 11:37:36.951,PENDING,accepted,,2026-09-11 07:11:20.746785+00:00
B1122,04f6acbaafc7dd8e7b9465bbe76ccfc883b473bf655c64a67925f25d9cd6bfe6,AI030,2025-05-02 11:37:36.951,CANCELLED,accepted,,2026-09-11 07:11:20.746785+00:00
B1123,ae5e10d19d5904be81fabe76880f7723537432d5b6751ba665ed531eca8265ad,6F097,2025-09-23 11:37:36.951,CONFIRMED,accepted,,2026-09-11 07:11:20.746785+00:00
B1124,7d2224c7945ef2fd54cf8d1ee5b9c66a279de33cbd7172492ba41a61d4ae9586,6F129,2025-05-23 11:37:36.951,CANCELLED,accepted,,2026-09-11 07:11:20.746785+00:00
B1125,ede84d8736c50c6f03a165bdb8c6d22cf8cb25d9e282451aea6c38deb1b38a4d,6F181,2026-01-15 11:37:36.951,PENDING,accepted,,2026-09-11 07:11:20.746785+00:00
B1126,40a97379060609bdd452c24adc4b156c1ff770a056631e412a3607999f9ee8f4,AI072,2025-10-20 11:37:36.951,CONFIRMED,accepted,,2026-09-11 07:11:20.746785+00:00
B1127,49b082dc72d8c6cd5b8267e5efd314da4be5649ba8185d8b314f298fbf9db9e9,SJ154,2025-06-29 11:37:36.951,PENDING,accepted,,2026-09-11 07:11:20.746785+00:00
B1128,f85efa7bf13dac0ea299c0cae6dc30d48813931829034e214ac890f2ff2d394d,AI031,2026-04-08 11:37:36.951,CONFIRMED,accepted,,2026-09-11 07:11:20.746785+00:00
B1129,30428bcb8350cd8e02ca06037d126e75b95d9a3331a7d95aa1675ad106408f77,AI031,2025-09-18 11:37:36.951,PENDING,accepted,,2026-09-11 07:11:20.746785+00:00
B1130,75657b7a56a2be99d34ae66ed0f9200c2f10cdc9d193d3ffed9d0480b3a2889f,6F158,2025-12-26 11:37:36.951,CONFIRMED,accepted,,2026-09-11 07:11:20.746785+00:00
B1131,a2187b25a0cbea449fd5e1b8e0294405f4ec4580d466eb4f3aa6f7ed0b34c117,6F184,2025-06-16 11:37:36.951,CANCELLED,accepted,,2026-09-11 07:11:20.746785+00:00
B1132,da2b75a920d5ad96e60267d18967deb8b68d721ebcbd1215ab4fcd3a54ee3898,UK141,2025-06-20 11:37:36.951,CONFIRMED,accepted,,2026-09-11 07:11:20.746785+00:00
B1133,10d6e33f061361e9f4afa87809d26ba844117268c5c7c58e78e60388f633b4f2,6F168,2025-12-29 11:37:36.951,CANCELLED,accepted,,2026-09-11 07:11:20.746785+00:00
B1134,c2214ee40b43b4b3548d647dba7d76146041eb8cf858351aa650f25b65fc67e5,6F051,2025-07-28 11:37:36.951,CONFIRMED,accepted,,2026-09-11 07:11:20.746785+00:00
B1135,16e0544f3ee60b13ad81a6af2c2fe597f45e7304eb9e680cae495845a055827a,6F047,2025-12-02 11:37:36.951,CONFIRMED,accepted,,2026-09-11 07:11:20.746785+00:00
B1136,0a7e8342a941e87f546e455b0fc951896f010c93dd039691dae1345903fa9fc9,UK156,2025-10-26 11:37:36.951,PENDING,accepted,,2026-09-11 07:11:20.746785+00:00
B1137,b9b94887093a0b5d1e799e9ffd5c38e779e311c924fc3cdbe77c5a31ba21e183,AI094,2025-09-01 11:37:36.951,PENDING,accepted,,2026-09-11 07:11:20.746785+00:00
B1138,af69b7bd90164380b285302f1d91b4327beca5f036dca5e8f9b71f9930d483cf,AI038,2025-07-14 11:37:36.951,PENDING,accepted,,2026-09-11 07:11:20.746785+00:00
B1139,b14f459679d3dcf7cd2dd9f0b349c30b33d5d39c436086c5d738d61ff4d1551f,6F255,2026-01-19 11:37:36.951,CONFIRMED,accepted,,2026-09-11 07:11:20.746785+00:00
B1140,4323e19cbf47435c70ccf4c4d732e8f5eac0625ffa4e945df7bbf6340a596847,SJ025,2026-01-23 11:37:36.951,CONFIRMED,accepted,,2026-09-11 07:11:20.746785+00:00
B1141,a93ae770d705e361304db3fd9066228f74b58b5b17e9a1a38a3a951a8e3ffd05,SJ185,2025-10-28 11:37:36.951,CONFIRMED,accepted,,2026-09-11 07:11:20.746785+00:00
B1142,80a53d0a98ccdcd4e8920ab98d3ad90348525f364b40015c46814f2b254a3f4b,6F259,2026-01-21 11:37:36.951,CANCELLED,accepted,,2026-09-11 07:11:20.746785+00:00
B1143,b1d56b4194d1f376db1407828e4bcbf9b8da3584817d1043666ce68b4c1714ea,6F073,2026-04-07 11:37:36.951,CANCELLED,accepted,,2026-09-11 07:11:20.746785+00:00
B1144,18f4d801793ca1355dc0974870f06b6c98b2b8e40a188dbaf44b2d658a99f64c,AI091,2025-09-26 11:37:36.951,CONFIRMED,accepted,,2026-09-11 07:11:20.746785+00:00
B1145,49bb6da47d7a25b60b28f17c3cf7350e3d0dc1b879e235900e6a6a4f5a426a66,6F191,2025-08-23 11:37:36.951,PENDING,accepted,,2026-09-11 07:11:20.746785+00:00
B1146,8c58a24c28c3d49f4ac6d21f091baa49050f3758f047016d2d4eceb351457d9f,UK228,2025-08-30 11:37:36.951,PENDING,accepted,,2026-09-11 07:11:20.746785+00:00
B1147,bd61f51224fc538aacaf0b2dc77f1454adb2aa217ab829cd51233cc0ba03f494,6F146,2026-03-25 11:37:36.951,PENDING,accepted,,2026-09-11 07:11:20.746785+00:00
B1148,61499de9a057d041ffad5f30fb8a8071612979467575fef6ab12f0b1f6d2dabe,6F068,2025-10-13 11:37:36.951,CONFIRMED,accepted,,2026-09-11 07:11:20.746785+00:00
B1149,ad54812ce527e8222fa725d3884e1e35cb5e850af0e927233e0de812bacd7b0b,SJ218,2026-01-08 11:37:36.951,PENDING,accepted,,2026-09-11 07:11:20.746785+00:00
B1150,59deb44302c4edf047e2c17220c032d4fdf0b321ee9d9f4d332da6bc4f9e8cbc,UK083,2025-09-25 11:37:36.951,CONFIRMED,accepted,,2026-09-11 07:11:20.746785+00:00
B1151,60ea292881c66c6b20a07a2d63b31e4f01aaa0078e86d38d8225393bbaae310d,SJ007,2026-01-18 11:37:36.951,CANCELLED,accepted,,2026-09-11 07:11:20.746785+00:00
B1152,d441f7735d58781642b62233c5d6137ee6bdd36b0feb8869a98b9ce0b449a871,AI077,2025-08-14 11:37:36.951,PENDING,accepted,,2026-09-11 07:11:20.746785+00:00
B1153,06954aa35c273780621ee767acb69bf595717937e4da0bb292fb4df1e08715cb,UK017,2025-12-20 11:37:36.951,CANCELLED,accepted,,2026-09-11 07:11:20.746785+00:00
B1154,5da45e1ca0580357cbe9f2aea10bf2542030774d07236bfe9325d1bdf26d1249,6F229,2026-02-17 11:37:36.951,PENDING,accepted,,2026-09-11 07:11:20.746785+00:00
B1155,b24f4a321d59a21a42fc8359571f10431f3586b33857c5859f94d92f5b2775f2,6F074,2025-10-08 11:37:36.951,CONFIRMED,accepted,,2026-09-11 07:11:20.746785+00:00
B1156,6fdd23c0033b516153e243f9e7b0b9824480cbfe9a00a2804cdc9f0bfd189bfa,SJ088,2026-03-25 11:37:36.951,CONFIRMED,accepted,,2026-09-11 07:11:20.746785+00:00
B1157,471defa5224d16816b596306b4d21473807c24b60b4ad74eb536a95e18c86916,SJ167,2025-06-28 11:37:36.951,CONFIRMED,accepted,,2026-09-11 07:11:20.746785+00:00
B1158,778404a025aa5e745950576fc11972d84bb8c9532bcfb9cbfd6785d5bc84cea7,6F234,2025-07-20 11:37:36.951,CONFIRMED,accepted,,2026-09-11 07:11:20.746785+00:00
B1159,63cb0ed0dc4094f5033289e131a9f68d53c0cf7978515c42d926250fca67ab6f,UK071,2025-12-10 11:37:36.951,PENDING,accepted,,2026-09-11 07:11:20.746785+00:00
B1160,7ff6703c385393eb2e385fd7e9e8a111c7925e1a9c9c02568ebcc7bb73c94b44,AI178,2025-11-21 11:37:36.951,CANCELLED,accepted,,2026-09-11 07:11:20.746785+00:00
B1161,48411d83272848c3ddbd5e1eff5e658736e120a6fc664610be92ed3c792c2e92,UK104,2025-11-14 11:37:36.951,CONFIRMED,accepted,,2026-09-11 07:11:20.746785+00:00
B1163,47f87bab52cb70cb5c2fbb4b2be2163afc03693689c636d42869dfe82bff4585,SJ235,2025-11-10 11:37:36.951,CANCELLED,accepted,,2026-09-11 07:11:20.746785+00:00
B1164,5b4b3a078215e95677be21262c49154597fb39861528ba23716481850e52134a,6F209,2025-04-24 11:37:36.951,CONFIRMED,accepted,,2026-09-11 07:11:20.746785+00:00
B1165,987f31d599db55748dc5ac03877cf4dbe02a7ea9a90fc587322ebca7f3541073,AI129,2025-08-20 11:37:36.951,CANCELLED,accepted,,2026-09-11 07:11:20.746785+00:00
B1166,a2a2f3429d99966e036e65ccc5192486788534b5f541058a26a3fa4cdc2c6473,SJ141,2026-01-23 11:37:36.951,CONFIRMED,accepted,,2026-09-11 07:11:20.746785+00:00
B1167,6b2f475cc8c9a2c8445bc4210ee15f95df0f9514155abfc69a8331bfa5aff335,SJ018,2026-02-02 11:37:36.951,CANCELLED,accepted,,2026-09-11 07:11:20.746785+00:00
B1168,07065b72f67d6c71e85f96f4dfac95058739bee7ff49320626a4c55886b086a4,UK120,2025-10-14 11:37:36.951,CANCELLED,accepted,,2026-09-11 07:11:20.746785+00:00
B1169,e6b9ed474beaec36a4a8c3f5c81d95cbcedce27480f03061e0ce77aa4c83b87f,AI078,2025-11-15 11:37:36.951,CONFIRMED,accepted,,2026-09-11 07:11:20.746785+00:00
B1170,8ec9df91d5f49302476ab2699f31b5fda2dd5ebaf83d204ac032a8a2eb010f8f,AI079,2025-09-14 11:37:36.951,PENDING,accepted,,2026-09-11 07:11:20.746785+00:00
B1171,b5394bc21f7e3e244003837bb959f8f1fa2f28b37d35fe2ce821a6724d6fcfe8,UK087,2025-09-19 11:37:36.951,CANCELLED,accepted,,2026-09-11 07:11:20.746785+00:00
B1172,ba240c609e3e9389595e8282b6a1484917d618c3dcdb1c52ba021ac804d7271d,UK133,2026-01-17 11:37:36.951,CONFIRMED,accepted,,2026-09-11 07:11:20.746785+00:00
B1173,5830f0e84f423820ee1b531f0f27f028000b7015148834c8d01b663112c654e3,AI222,2025-06-01 11:37:36.951,CANCELLED,accepted,,2026-09-11 07:11:20.746785+00:00
B1174,0ec7791a73871e8b0861aa10cb6463f2fb14662de661dee674a163a0715826c8,6F049,2026-04-12 11:37:36.951,CANCELLED,accepted,,2026-09-11 07:11:20.746785+00:00
B1175,de8f5767c2eb7e3bd8323299f8d7f329aec65e543bf9532d311d03056608686d,6F105,2026-01-29 11:37:36.951,PENDING,accepted,,2026-09-11 07:11:20.746785+00:00
B1176,c3f76cdae9fb6db0aef61b84974e89611819676663d974b461fc228506539760,SJ226,2025-04-17 11:37:36.951,CANCELLED,accepted,,2026-09-11 07:11:20.746785+00:00
B1177,7e929b499c04a7d1b07dd4f78b151797a39f6a323702f2b715c54dd8792c1015,SJ227,2025-07-29 11:37:36.951,CANCELLED,accepted,,2026-09-11 07:11:20.746785+00:00
B1178,6f518b92335d2e76ad9143276264cc48be25c4133ea8b4a08868d83cb8eed32d,6F034,2026-02-05 11:37:36.951,CONFIRMED,accepted,,2026-09-11 07:11:20.746785+00:00
B1179,b90a43c661dfa4dabba5e37f996eb25285ca7475b7223c72636baecc78da3db0,SJ078,2025-10-03 11:37:36.951,CONFIRMED,accepted,,2026-09-11 07:11:20.746785+00:00
B1180,4b7c0ed9a30daf7410200c3eafe41c417ec44ff2e6c88b7112b3745fa2bc3f70,AI240,2026-04-10 11:37:36.951,PENDING,accepted,,2026-09-11 07:11:20.746785+00:00
B1181,fa0d89051f011eb996b7d709ce9b499e281025786e922347bd16da002799c4c6,SJ002,2026-03-29 11:37:36.951,CANCELLED,accepted,,2026-09-11 07:11:20.746785+00:00
B1182,35956815b404dc08f1764963d3853186baed927a8d17d02d85217692382e47bb,AI044,2025-08-11 11:37:36.951,CANCELLED,accepted,,2026-09-11 07:11:20.746785+00:00
B1183,7e078ff49d6461cbd53e4ca51bbf76f8e8155f88159a030aada82c73f3d03850,UK076,2025-06-22 11:37:36.951,CANCELLED,accepted,,2026-09-11 07:11:20.746785+00:00
B1184,db84d7cd166c280b3dfe8ee00b5792635bb7ed40bdc866ee2b2f66151297bcf7,6F232,2025-08-01 11:37:36.951,PENDING,accepted,,2026-09-11 07:11:20.746785+00:00
B1185,82f93af2a303089a2a6d7e83ee87158475632799e06213b0c4d1e8d82db17b2c,SJ228,2025-08-16 11:37:36.951,CANCELLED,accepted,,2026-09-11 07:11:20.746785+00:00
B1186,226393ed23238dba004a4da861c931b9036d9a783159ffb6ed3f2503a777ee5f,SJ074,2026-04-04 11:37:36.951,CONFIRMED,accepted,,2026-09-11 07:11:20.746785+00:00
B1187,9f8f441275f18d81e2e78dbd8e2a366596d6351dacc7f64584573b84aeebae37,UK229,2025-08-04 11:37:36.951,PENDING,accepted,,2026-09-11 07:11:20.746785+00:00
B1188,d3c8d6a14e3a822fe267a96db0219ab41e35313816dff7e9735230716779b0e7,AI208,2026-04-04 11:37:36.951,CONFIRMED,accepted,,2026-09-11 07:11:20.746785+00:00
B1189,7ff6703c385393eb2e385fd7e9e8a111c7925e1a9c9c02568ebcc7bb73c94b44,AI019,2025-11-23 11:37:36.951,CONFIRMED,accepted,,2026-09-11 07:11:20.746785+00:00
B1190,cf9ddb1932a844f09097f27c7dcd03973b3a5b69466879d0159c949c5bc7a91f,6F029,2025-05-23 11:37:36.951,PENDING,accepted,,2026-09-11 07:11:20.746785+00:00
B1191,ccbc80c675232bd0fbfb1aab96c982b2d564b307eee3efc2912ac3030c76d412,6F018,2025-04-27 11:37:36.951,CONFIRMED,accepted,,2026-09-11 07:11:20.746785+00:00
B1192,9783d500c9c15a4b065bcf139fddfb2c49e139c7961fedee6acca9e7765229d1,AI059,2025-06-23 11:37:36.951,CANCELLED,accepted,,2026-09-11 07:11:20.746785+00:00
B1193,9f8f441275f18d81e2e78dbd8e2a366596d6351dacc7f64584573b84aeebae37,AI159,2025-05-22 11:37:36.951,PENDING,accepted,,2026-09-11 07:11:20.746785+00:00
B1194,6d52391b2c89633c11dbdfc5be9ba65bf92ed66704e88b97b142dda5628bf7d0,6F091,2025-07-11 11:37:36.951,CONFIRMED,accepted,,2026-09-11 07:11:20.746785+00:00
B1195,27576a072249c29f47cbe6d2291f4dcc09650fe71c8611bf96362837e9820005,6F084,2025-07-20 11:37:36.951,CANCELLED,accepted,,2026-09-11 07:11:20.746785+00:00
B1196,8869e7f2321a1e33c7bc21b4762c8cb82cf5499ce4c6146059c42ac09fb4893a,UK170,2026-01-15 11:37:36.951,CANCELLED,accepted,,2026-09-11 07:11:20.746785+00:00
B1197,ecdd521740e35db8e60ae75e7ed2d0772a9658fc9a755cfb5a67660665190012,UK212,2025-05-19 11:37:36.951,CONFIRMED,accepted,,2026-09-11 07:11:20.746785+00:00
B1199,fa0d89051f011eb996b7d709ce9b499e281025786e922347bd16da002799c4c6,SJ075,2025-12-13 11:37:36.951,PENDING,accepted,,2026-09-11 07:11:20.746785+00:00
B1200,c42af6a815398267842302e273f2c508fa18c630e9a030667348ac1859182079,UK177,2025-09-17 11:37:36.951,CONFIRMED,accepted,,2026-09-11 07:11:20.746785+00:00
B1201,92b9f124e1a6b050d0707da59d0f27fe41038efc0be94bc4650e26f0a4252653,UK206,2026-02-01 11:37:36.951,CANCELLED,accepted,,2026-09-11 07:11:20.746785+00:00
B1202,f44567beb023084898efb6390111feba14a5a3e806d6d2e5b84626beba55e14b,UK079,2025-04-29 11:37:36.951,CANCELLED,accepted,,2026-09-11 07:11:20.746785+00:00
B1203,f70af3ae891c50012501bdee316f175807272b1044a26de445df41b763064d95,UK040,2025-06-21 11:37:36.951,CONFIRMED,accepted,,2026-09-11 07:11:20.746785+00:00
B1204,6af2848bc09d6a1af0affe9e0984454a11fb3706fdeb730e2a02b3e17c961084,AI034,2025-07-25 11:37:36.951,CONFIRMED,accepted,,2026-09-11 07:11:20.746785+00:00
B1205,d6e80bb1c720b4f77720793d7f87c68d8d1eb2e067c7e918e2dc372eb0192acd,UK034,2025-10-18 11:37:36.951,CONFIRMED,accepted,,2026-09-11 07:11:20.746785+00:00
B1206,58b4d469b70ca706c5c29f2d006fd50cb42c73964817d8d343d4c87aafbb146a,AI088,2025-07-02 11:37:36.951,CONFIRMED,accepted,,2026-09-11 07:11:20.746785+00:00
B1207,80a53d0a98ccdcd4e8920ab98d3ad90348525f364b40015c46814f2b254a3f4b,AI128,2025-06-11 11:37:36.951,PENDING,accepted,,2026-09-11 07:11:20.746785+00:00
B1209,152824635ed45fe6d39e03f9ca3c2ff1c0537a786c1e55cbdf12869b3bf43ba4,AI233,2025-12-15 11:37:36.951,PENDING,accepted,,2026-09-11 07:11:20.746785+00:00
B1210,c1f02247e307c3d91e41079445d674df205c43a4ab745157d0b60a6f85413397,AI012,2026-01-20 11:37:36.951,PENDING,accepted,,2026-09-11 07:11:20.746785+00:00
B1211,7f536469af8ff37c88949aa6a2502c124085635941a606e9e8f0222f2a508cf3,AI084,2025-07-07 11:37:36.951,CONFIRMED,accepted,,2026-09-11 07:11:20.746785+00:00
B1212,327e283dbe43266b66986ea3bdcc28c62fd15dc57ff5dfc8e76399f7f981fbb8,6F126,2025-07-08 11:37:36.951,PENDING,accepted,,2026-09-11 07:11:20.746785+00:00
B1213,5899e9aac3a96a53d87532940d7e0e5433bdc1da1770e0ac11ee4835b381dc63,SJ061,2025-06-16 11:37:36.951,CONFIRMED,accepted,,2026-09-11 07:11:20.746785+00:00
B1215,eb195ff51c5e4c2d84d5f4f326c15de494bca21883d870b41a7a020acc3d01b6,AI135,2025-08-08 11:37:36.951,CANCELLED,accepted,,2026-09-11 07:11:20.746785+00:00
B1216,773896000f481ceffff3bececbd8656d245ed28ede2471640e1ffdd750f63a26,6F238,2025-12-09 11:37:36.951,CONFIRMED,accepted,,2026-09-11 07:11:20.746785+00:00
B1217,b39e61928b425909e99b0fc789c7b26547b1ae0525eed3342c23fb051ba9699d,6F092,2026-03-19 11:37:36.951,CANCELLED,accepted,,2026-09-11 07:11:20.746785+00:00
B1218,05f0354c59c74a0a507834d80aa920466b626fafe33baf1ec55903880b2668ca,AI213,2025-11-13 11:37:36.951,PENDING,accepted,,2026-09-11 07:11:20.746785+00:00
B1219,c88610742e04a5e1bef073f1da298baefa40b9a75384a5462be9eb22339822dc,UK193,2026-02-15 11:37:36.951,CANCELLED,accepted,,2026-09-11 07:11:20.746785+00:00
B1220,9d28d47d99b4140d9fbb6507c062a3132fb6a5cd3515b0b4a3ad33761719e963,6F178,2026-04-04 11:37:36.951,PENDING,accepted,,2026-09-11 07:11:20.746785+00:00
B1221,dd3e9c4d3539d43d095e9150ef75ff367b6799b2a2f56e727d1c5ecaa7660662,AI158,2026-03-06 11:37:36.951,CONFIRMED,accepted,,2026-09-11 07:11:20.746785+00:00
B1222,f17105ce769d05519f781584b3c096bee1451170017cc023e18970adc0709c1f,UK208,2026-03-30 11:37:36.951,PENDING,accepted,,2026-09-11 07:11:20.746785+00:00
B1224,59deb44302c4edf047e2c17220c032d4fdf0b321ee9d9f4d332da6bc4f9e8cbc,UK185,2025-10-26 11:37:36.951,CONFIRMED,accepted,,2026-09-11 07:11:20.746785+00:00
B1225,d927a217aac04f478e6679711fa8be46df0f4b79b7bc3bb770a060fd04a38ccc,AI163,2026-01-13 11:37:36.951,PENDING,accepted,,2026-09-11 07:11:20.746785+00:00
B1226,a96e8987153a7d6467e157d7ce0a0d4f9833e8c3a1a37fe254fa870de33e8dff,AI112,2025-08-23 11:37:36.951,CONFIRMED,accepted,,2026-09-11 07:11:20.746785+00:00
B1227,0ace203e0cb58c9cded2bfff5636a31bfd1be362b318db3d884eecae804b903f,AI227,2025-10-23 11:37:36.951,CANCELLED,accepted,,2026-09-11 07:11:20.746785+00:00
B1228,8666c0b5e61c77b3690c568e3036411822a2f34010d2503676df185dd4e717e4,SJ083,2026-04-17 11:37:36.951,CONFIRMED,accepted,,2026-09-11 07:11:20.746785+00:00
B1229,37e46ea38858eca03a8c2ded5b392af19d67f0ae5dc2503b728c82463e9be946,UK073,2026-02-07 11:37:36.951,CONFIRMED,accepted,,2026-09-11 07:11:20.746785+00:00
B1230,fa84dcbcfeb2e750831d6dfca946e0407eb009bad59bc79324986d45a3d1cab3,6F169,2025-04-29 11:37:36.951,PENDING,accepted,,2026-09-11 07:11:20.746785+00:00
B1231,ffc825448949f9e1f379b3b5b13dba7cf41d7c14d8c7caf2edb9a45e4e702eef,UK154,2026-04-06 11:37:36.951,CANCELLED,accepted,,2026-09-11 07:11:20.746785+00:00
B1232,fa84dcbcfeb2e750831d6dfca946e0407eb009bad59bc79324986d45a3d1cab3,SJ169,2025-10-06 11:37:36.951,CONFIRMED,accepted,,2026-09-11 07:11:20.746785+00:00
B1233,e06dab291f82ef5eff956115d18c08ff1302ce1b33eebe2c89f2c6ead52cb5ff,6F187,2025-05-13 11:37:36.951,CANCELLED,accepted,,2026-09-11 07:11:20.746785+00:00
B1234,b025d78f0603d96800ab37c705f0f4546248a60a6e09d526680fdfb6177cbf3f,UK210,2025-11-21 11:37:36.951,CANCELLED,accepted,,2026-09-11 07:11:20.746785+00:00
B1235,3b05d9a116f6030634de8c9fe5da5f0f77e9d476700064feaa021ebeb5964175,6F250,2025-12-23 11:37:36.951,PENDING,accepted,,2026-09-11 07:11:20.746785+00:00
B1236,f17105ce769d05519f781584b3c096bee1451170017cc023e18970adc0709c1f,AI062,2025-07-05 11:37:36.951,CONFIRMED,accepted,,2026-09-11 07:11:20.746785+00:00
B1239,dd89072a6d400f0dac0f79d37a72cb63eb73677c86d8b3642db924095328e1ad,AI217,2025-11-17 11:37:36.951,CANCELLED,accepted,,2026-09-11 07:11:20.746785+00:00
B1240,90feb8f0f3dbbc91abffe951b145a98e1a4393a70296ac03b25e005cfedb5aea,UK100,2025-12-31 11:37:36.951,CONFIRMED,accepted,,2026-09-11 07:11:20.746785+00:00
B1241,e244c05f72fe069c7420c78c86dcb12a792638510be262f8dc36958e33ca7746,UK116,2025-12-16 11:37:36.951,CONFIRMED,accepted,,2026-09-11 07:11:20.746785+00:00
B1242,c5390f26ce8f48aa372aa927c9c2dd193be9c60dd185b192a93e1aba8b8538ba,6F036,2025-12-01 11:37:36.951,CANCELLED,accepted,,2026-09-11 07:11:20.746785+00:00
B1243,1c05aa574ac0c7991c603028d027d33a985074ee3bc74ba01da58190db3082ec,AI175,2026-01-22 11:37:36.951,CANCELLED,accepted,,2026-09-11 07:11:20.746785+00:00
B1244,b49a2f1bb6879b7aaeb037c16a9b90e7063fd11be3006016391ec5720551043d,UK051,2025-08-18 11:37:36.951,CONFIRMED,accepted,,2026-09-11 07:11:20.746785+00:00
B1246,fb30c6012f7bcd339bc4b9d20046fe86bb93952c75b6f6a5b6fc17288ccca75a,6F230,2026-04-09 11:37:36.951,CONFIRMED,accepted,,2026-09-11 07:11:20.746785+00:00
B1247,660262af781de4ee753feb63d3b38aa4646b31916a5988bad8129cfb019a7c5f,SJ138,2025-08-13 11:37:36.951,CANCELLED,accepted,,2026-09-11 07:11:20.746785+00:00
B1248,8d124c07754d7f4d534b6e85523133321ee3bc3e743948224ac6c5041f8ecbcd,AI246,2026-03-04 11:37:36.951,PENDING,accepted,,2026-09-11 07:11:20.746785+00:00
B1249,b30e9d95e2792bd8012713f6200525610243e50e98ccff34f90d659caacb3131,6F179,2025-06-06 11:37:36.951,CANCELLED,accepted,,2026-09-11 07:11:20.746785+00:00
B1250,c075a3d93cc3cc26c4c9ae2796f41d59b9c0596279f4be748604bbdf33fdea0a,6F031,2026-01-28 11:37:36.951,CANCELLED,accepted,,2026-09-11 07:11:20.746785+00:00
B1251,6fe50debeb6fc0f91e34d5557eab398b0fce6b1e6c9abb3620a7edc254906246,UK015,2025-08-30 11:37:36.951,PENDING,accepted,,2026-09-11 07:11:20.746785+00:00
B1252,8fdd845021e462167cb6753bcdf32691bad181cc444cc2355d1b615722bf9051,UK001,2025-04-21 11:37:36.951,CANCELLED,accepted,,2026-09-11 07:11:20.746785+00:00
B1253,5bd64d394f2ae62d7b8a552470537070186c0a4cdb5bd407a4ada751e5ad0b39,6F133,2026-02-27 11:37:36.951,CANCELLED,accepted,,2026-09-11 07:11:20.746785+00:00
B1254,7abaf2d173b3a291393fc098f9d9eb0f68cc642be0739080821a56d9706dc47d,6F143,2025-07-22 11:37:36.951,CANCELLED,accepted,,2026-09-11 07:11:20.746785+00:00
B1255,85712f4d85e9e7507f67ace15f4d8e5c822be19e475a9db328d2dd2255dbd371,UK165,2025-09-22 11:37:36.951,CANCELLED,accepted,,2026-09-11 07:11:20.746785+00:00
B1256,e8816d03d7ecfbbf63f740fb08448abadaf42a2a62442631c57e8f761e711039,6F083,2025-08-10 11:37:36.951,CANCELLED,accepted,,2026-09-11 07:11:20.746785+00:00
B1257,c2e73c2667a2da4daa4c4e7278931653796cf35c188df2cd68c993c37a1f24ed,AI082,2025-08-19 11:37:36.951,CANCELLED,accepted,,2026-09-11 07:11:20.746785+00:00
B1258,890a82b6a08f3aef2d0e2c9da0812d4e6a7c309cb64f5a1041cf5f0899b64219,AI164,2025-10-28 11:37:36.951,CANCELLED,accepted,,2026-09-11 07:11:20.746785+00:00
B1259,3639f46bb2527cea22c80271e9658bde9b9463cb2beecb839b1b73b42b769086,SJ155,2026-01-19 11:37:36.951,CANCELLED,accepted,,2026-09-11 07:11:20.746785+00:00
B1260,648690af96ba2a381acdf196876c6c485983cb7444472b91efd3d37c94aebeca,AI189,2026-01-04 11:37:36.951,CANCELLED,accepted,,2026-09-11 07:11:20.746785+00:00
B1261,5f6517497e48e3c5ea5be96ba23874050ee5b55b13f8dac36a1861adada5d251,SJ057,2025-12-21 11:37:36.951,CONFIRMED,accepted,,2026-09-11 07:11:20.746785+00:00
B1262,395b8d64c2e43db1da55956f9390237137b80dcec3b6d6618441edd5f5bcb7f0,SJ198,2025-05-07 11:37:36.951,CONFIRMED,accepted,,2026-09-11 07:11:20.746785+00:00
B1263,f38c7306bbb08f177edb5cadd34dd749be99032b8699b096393b0e7ad0d720cd,6F122,2026-01-03 11:37:36.951,CANCELLED,accepted,,2026-09-11 07:11:20.746785+00:00
B1264,fa75e7ff1db167ca65e324fd7793c8df39f300ad79f10ecd1d0e0f8ad069bc7a,SJ097,2026-04-15 11:37:36.951,CONFIRMED,accepted,,2026-09-11 07:11:20.746785+00:00
B1265,bb4760df3b7f118f231ba7c9978bbea5fef19b8e40e07d838f89a1d3ff636b4f,UK203,2025-08-06 11:37:36.951,PENDING,accepted,,2026-09-11 07:11:20.746785+00:00
B1266,1b03d69efd4c96310611d4d0c33064f30b77f9fce3f9dfb55e24566720a6bee1,UK093,2026-01-16 11:37:36.951,CONFIRMED,accepted,,2026-09-11 07:11:20.746785+00:00
B1267,e776f55a09816419aac315d9cdd6fa07e00c1bd98550d998c6696b448f083113,AI205,2025-05-21 11:37:36.951,CANCELLED,accepted,,2026-09-11 07:11:20.746785+00:00
B1269,ece6407dd75e3490a48210b9f8d366c06eb6258b988127115ac289ce31fff5ce,6F046,2025-09-06 11:37:36.951,CONFIRMED,accepted,,2026-09-11 07:11:20.746785+00:00
B1271,bdecafd8816a0f44afbaa7a302a1f69a66f5dd4fb37fe1463eae27bb929786cb,6F156,2025-10-20 11:37:36.951,PENDING,accepted,,2026-09-11 07:11:20.746785+00:00
B1272,d39c37b3ada0aaba3d9323d2267dd32cb343c130e51ac2dd166cc27787d4d537,AI068,2025-07-18 11:37:36.951,PENDING,accepted,,2026-09-11 07:11:20.746785+00:00
B1274,d7245e50cc9ceadb197432658fcb06badc7cedea7570cd3aecd0401c3806a270,UK008,2025-10-15 11:37:36.951,PENDING,accepted,,2026-09-11 07:11:20.746785+00:00
B1275,43f966839bbac42105d3d34a1cd50e8c55d2eaa11c878b4a7a65e020cb2a2a32,6F166,2025-07-11 11:37:36.951,PENDING,accepted,,2026-09-11 07:11:20.746785+00:00
B1276,5ea631c2a837e8d0130ef3e33d2b2b8dc2c8d6c2c8a88c8db0d41cdb9eb15c59,6F177,2025-07-15 11:37:36.951,CONFIRMED,accepted,,2026-09-11 07:11:20.746785+00:00
B1277,bfb08f173418348d4d9f86d112fde096746e0a0a2b7287e42213d4652af098fc,AI196,2026-01-19 11:37:36.951,PENDING,accepted,,2026-09-11 07:11:20.746785+00:00
B1278,1f668a3ef5a4d3e6257eea41506ad6b479eff70017414198cf6a55538bf3ebb4,SJ191,2025-08-09 11:37:36.951,CONFIRMED,accepted,,2026-09-11 07:11:20.746785+00:00
B1280,7beae73be32351ac577d07c8af2b79160bfa4af12260629372c60f16878139b5,AI226,2026-04-12 11:37:36.951,CONFIRMED,accepted,,2026-09-11 07:11:20.746785+00:00
B1281,9fa69380b2a8cadbafc23e91f6dc44e504e1757d90fbaf3d11852bd1e6c1d187,SJ207,2026-01-21 11:37:36.951,CANCELLED,accepted,,2026-09-11 07:11:20.746785+00:00
B1282,23e58e6925d613786d28b96b2c30bc685baeabb4648179d921a9fa8a5cb9db75,AI009,2025-12-30 11:37:36.951,CANCELLED,accepted,,2026-09-11 07:11:20.746785+00:00
B1284,918f6a8465d47a1f259d653599e57dbeb0dcee18f678d7ef1d6e7d1496a2a012,SJ127,2026-02-22 11:37:36.951,CANCELLED,accepted,,2026-09-11 07:11:20.746785+00:00
B1285,39795c765d0f2268fdaf3bb12acf1fd095c5c399f4d19e79ca7d5e3bdf23a8d4,UK188,2026-03-26 11:37:36.951,CANCELLED,accepted,,2026-09-11 07:11:20.746785+00:00
B1287,4ed4dfa5205ececa0d17a9c7c11d330fa5c54c98c3f39e4ea1a010cdbe0e8934,SJ098,2025-12-13 11:37:36.951,CANCELLED,accepted,,2026-09-11 07:11:20.746785+00:00
B1288,473a289014471e4537d535523e80a88202101626da4e3453529afb117607954a,6F058,2025-12-11 11:37:36.951,PENDING,accepted,,2026-09-11 07:11:20.746785+00:00
B1289,8a36041c0e0a913ff3c6e26532fbfb64b53fc44b30b52f4a32f428a79e3ed2c7,SJ030,2026-03-23 11:37:36.951,PENDING,accepted,,2026-09-11 07:11:20.746785+00:00
B1290,3afa5fb1beefff3d18b77595e48f448707ff75bc6d3b4602a7ef842183813661,UK175,2025-07-26 11:37:36.951,CANCELLED,accepted,,2026-09-11 07:11:20.746785+00:00
B1291,52ed80292d4cf60a3dc2bbc887a62b385756dbf98a871144e03a70c8f42453d4,SJ108,2026-04-01 11:37:36.951,PENDING,accepted,,2026-09-11 07:11:20.746785+00:00
B1292,10d6e33f061361e9f4afa87809d26ba844117268c5c7c58e78e60388f633b4f2,6F075,2025-08-03 11:37:36.951,CONFIRMED,accepted,,2026-09-11 07:11:20.746785+00:00
B1293,8d124c07754d7f4d534b6e85523133321ee3bc3e743948224ac6c5041f8ecbcd,UK222,2025-08-31 11:37:36.951,CONFIRMED,accepted,,2026-09-11 07:11:20.746785+00:00
B1294,9c1dce43bc5075aa7ce762b76c6c7f83cf345223f2be91d0ee8667c73c98d0d7,6F250,2025-07-13 11:37:36.951,CANCELLED,accepted,,2026-09-11 07:11:20.746785+00:00
B1295,ed9aa58ffb5132cdebb750bf9dab83c62af567d49867f18d7eca167e163a7602,AI096,2025-12-29 11:37:36.951,CANCELLED,accepted,,2026-09-11 07:11:20.746785+00:00
B1296,e17819d2e40777a155ad35cbe9b2afc837e46881f2b06e0c2956030dbf82849b,AI216,2025-12-23 11:37:36.951,CANCELLED,accepted,,2026-09-11 07:11:20.746785+00:00
B1297,506a883a7134986b56856eebae559d432386d9fb46d1ac3ab42aaf613a0c3787,6F193,2026-01-23 11:37:36.951,PENDING,accepted,,2026-09-11 07:11:20.746785+00:00
B1298,48e3ac3c934246517a10ada9fe473f742bb6d3dcd9bb54defb4887791662026b,SJ194,2026-01-02 11:37:36.951,PENDING,accepted,,2026-09-11 07:11:20.746785+00:00
B1299,3dd14773f7b94454c2f4c736846484c873d102883fe3663be9067b9e085a6f41,SJ020,2025-09-11 11:37:36.951,CONFIRMED,accepted,,2026-09-11 07:11:20.746785+00:00
B1300,221d5f585d7f02e106fd09a8303cc6d3af52bbef1ba1c1249155e3d6f70e6371,6F070,2025-06-14 11:37:36.951,PENDING,accepted,,2026-09-11 07:11:20.746785+00:00
B1301,506a883a7134986b56856eebae559d432386d9fb46d1ac3ab42aaf613a0c3787,AI051,2025-09-03 11:37:36.951,CONFIRMED,accepted,,2026-09-11 07:11:20.746785+00:00
B1302,40679d1fe9225e537ae965c0c70d1602960a52029698faddb06c6258b03d2780,UK219,2025-12-27 11:37:36.951,PENDING,accepted,,2026-09-11 07:11:20.746785+00:00
B1303,fa84dcbcfeb2e750831d6dfca946e0407eb009bad59bc79324986d45a3d1cab3,AI235,2025-12-13 11:37:36.951,CONFIRMED,accepted,,2026-09-11 07:11:20.746785+00:00
B1305,802221bafe627b96967dc8bd9998ac9385b940cd1ead148b7369f85e296ea758,SJ114,2025-09-28 11:37:36.951,PENDING,accepted,,2026-09-11 07:11:20.746785+00:00
B1306,07f3fc4888b01635c53d2e0677c7d5cf6ed1b6377630af5795819ccbb4910e2e,SJ076,2025-12-01 11:37:36.951,CONFIRMED,accepted,,2026-09-11 07:11:20.746785+00:00
B1307,07065b72f67d6c71e85f96f4dfac95058739bee7ff49320626a4c55886b086a4,UK227,2026-01-26 11:37:36.951,PENDING,accepted,,2026-09-11 07:11:20.746785+00:00
B1308,008c0095fecab8f3c61f0d549a05f20b5c5ca6ea4a0b51061f361a2a5a85f0ce,UK135,2025-07-22 11:37:36.951,CANCELLED,accepted,,2026-09-11 07:11:20.746785+00:00
B1309,bd9f60ae950c23464ed2b001cb09272ba106c87267bd92d51e797d54054647ec,AI234,2025-05-06 11:37:36.951,CONFIRMED,accepted,,2026-09-11 07:11:20.746785+00:00
B1310,b67170d5152dfe731ae81b88f4a6f661bbe291db43d6f4b506e90d45f1c241bb,6F113,2025-08-20 11:37:36.951,PENDING,accepted,,2026-09-11 07:11:20.746785+00:00
B1311,7cc69cf32be76405ae0ef79048e3b3ac8c824fab2ea366c4c2675c2e987532ee,SJ206,2025-11-16 11:37:36.951,PENDING,accepted,,2026-09-11 07:11:20.746785+00:00
B1313,71da4600d7e2b4f3631b164a665ae2d11598aee2f8c4f57fc4ec083fe5042362,6F260,2025-05-16 11:37:36.951,CANCELLED,accepted,,2026-09-11 07:11:20.746785+00:00
B1314,43f966839bbac42105d3d34a1cd50e8c55d2eaa11c878b4a7a65e020cb2a2a32,AI061,2025-04-28 11:37:36.951,CONFIRMED,accepted,,2026-09-11 07:11:20.746785+00:00
B1315,8666c0b5e61c77b3690c568e3036411822a2f34010d2503676df185dd4e717e4,6F237,2026-03-26 11:37:36.951,PENDING,accepted,,2026-09-11 07:11:20.746785+00:00
B1316,3b2be963cb2215d597840b08198dcd72e64a2caa57005f7d8eae91393dd50b14,SJ099,2026-01-06 11:37:36.951,PENDING,accepted,,2026-09-11 07:11:20.746785+00:00
B1317,b117a117a2fdb6df4eeef59bd2fa6d4789f00059e96f3c20c3882fb0ba8abd09,SJ146,2026-02-24 11:37:36.951,CANCELLED,accepted,,2026-09-11 07:11:20.746785+00:00
B1318,f942a3b87796d3f50af546c34a3974a56abe065b56ea2552599d75a76506291f,SJ146,2025-05-23 11:37:36.951,CANCELLED,accepted,,2026-09-11 07:11:20.746785+00:00
B1319,4eb5f8c60498cb6453cb4d3862c3a27ac28972d212cdc34841ac92c36e00caf5,6F071,2025-05-04 11:37:36.951,CONFIRMED,accepted,,2026-09-11 07:11:20.746785+00:00
B1320,6af2848bc09d6a1af0affe9e0984454a11fb3706fdeb730e2a02b3e17c961084,6F272,2025-08-13 11:37:36.951,PENDING,accepted,,2026-09-11 07:11:20.746785+00:00
B1321,e5d58aeed9a2b2390ed4b31e99cdbb4c4459c4ce513f3dfcf86fb2a96e4599f3,SJ029,2026-02-12 11:37:36.951,PENDING,accepted,,2026-09-11 07:11:20.746785+00:00
B1322,664f18ed7d062e75d85733706fd65dd94c16709d67beaf63116275ce93c2e815,UK084,2025-07-27 11:37:36.951,CONFIRMED,accepted,,2026-09-11 07:11:20.746785+00:00
B1323,e60b4de9bea19518f7a8b0864528a25351b68d306a0d68d973a97b10bb40da6f,SJ048,2026-02-06 11:37:36.951,CONFIRMED,accepted,,2026-09-11 07:11:20.746785+00:00
B1324,85dde8cb360db5820f55b8ddf471a72d7a5b06242758a3de44d4755d5c9cd281,AI108,2026-02-04 11:37:36.951,CANCELLED,accepted,,2026-09-11 07:11:20.746785+00:00
B1325,930f6b6b6fd23366f5e3f11c789dc6e3a02a0aea3a96ff079903d5b1ebdc9164,SJ134,2025-08-11 11:37:36.951,CANCELLED,accepted,,2026-09-11 07:11:20.746785+00:00
B1326,9e1d441aa5082d5fa323493bcb16355a9fc117a1e1f5bb813c63b108f06f998e,UK146,2025-10-31 11:37:36.951,CONFIRMED,accepted,,2026-09-11 07:11:20.746785+00:00
B1327,513ff04844cb263c9ea06a8137a24e53dc3a10a07c39d4cc40bb86b6f751685f,SJ036,2025-09-24 11:37:36.951,CONFIRMED,accepted,,2026-09-11 07:11:20.746785+00:00
B1328,f38c7306bbb08f177edb5cadd34dd749be99032b8699b096393b0e7ad0d720cd,6F202,2025-11-01 11:37:36.951,PENDING,accepted,,2026-09-11 07:11:20.746785+00:00
B1329,2031bce13d7599e82fbd93a30ac8bc464fc6686c334d0a2ad38c59f3ee6fc2f5,UK041,2026-02-13 11:37:36.951,CONFIRMED,accepted,,2026-09-11 07:11:20.746785+00:00
B1330,e8816d03d7ecfbbf63f740fb08448abadaf42a2a62442631c57e8f761e711039,6F078,2025-12-06 11:37:36.951,CONFIRMED,accepted,,2026-09-11 07:11:20.746785+00:00
B1331,0f117cfd6a61d4576333a54d3e7c03f1d610d6f7077850b4e9b62948ff1bce0d,AI097,2025-07-03 11:37:36.951,PENDING,accepted,,2026-09-11 07:11:20.746785+00:00
B1332,2adc9149d1a9f485501112fddabd6ede3a9de7570e9413bb7a98cc5a7dbae745,UK159,2026-01-15 11:37:36.951,CONFIRMED,accepted,,2026-09-11 07:11:20.746785+00:00
B1333,27a5f881ccdb4ec4779076eafe5a4698bc0bbd20b40a8ce83e707474d8ebd74a,UK044,2025-09-06 11:37:36.951,CANCELLED,accepted,,2026-09-11 07:11:20.746785+00:00
B1334,8fe15f141709c192fcb47b033e7115f4cb378bf851e10dfce8922b10da00dfba,6F176,2025-09-27 11:37:36.951,CANCELLED,accepted,,2026-09-11 07:11:20.746785+00:00
B1335,d7245e50cc9ceadb197432658fcb06badc7cedea7570cd3aecd0401c3806a270,SJ221,2026-02-11 11:37:36.951,PENDING,accepted,,2026-09-11 07:11:20.746785+00:00
B1336,8bca367967fbb829ca70fbaf351af7eb94b876156429d03b75289b69b838fbb9,6F112,2025-07-03 11:37:36.951,CONFIRMED,accepted,,2026-09-11 07:11:20.746785+00:00
B1338,cd42939e61157a60d3e5bdf2db55645b9480615a4fdf75984a5b6637caa43414,6F014,2026-02-21 11:37:36.951,CANCELLED,accepted,,2026-09-11 07:11:20.746785+00:00
B1339,9eb5fc543797aac48cbe339af1e78ff7989e9ccaececee69d6c07e2d2c8a70e3,AI237,2025-09-17 11:37:36.951,CANCELLED,accepted,,2026-09-11 07:11:20.746785+00:00
B1340,bdecafd8816a0f44afbaa7a302a1f69a66f5dd4fb37fe1463eae27bb929786cb,6F003,2025-12-14 11:37:36.951,CANCELLED,accepted,,2026-09-11 07:11:20.746785+00:00
B1341,799ad972bf89b2814af9828b268e8439ddc585ed3f078236fa140179247d68a9,6F249,2025-07-04 11:37:36.951,CONFIRMED,accepted,,2026-09-11 07:11:20.746785+00:00
B1342,e6b9ed474beaec36a4a8c3f5c81d95cbcedce27480f03061e0ce77aa4c83b87f,UK149,2025-04-29 11:37:36.951,CONFIRMED,accepted,,2026-09-11 07:11:20.746785+00:00
B1343,90395cf0a969344b56786d995bd89378a0b7ee5de79c9f715fdf39d4d437b847,SJ163,2026-03-08 11:37:36.951,CONFIRMED,accepted,,2026-09-11 07:11:20.746785+00:00
B1344,76db5aea3b6b233584db9dd4995a4542ba51f2895ab5d5ecd30afbc2ed431c79,SJ243,2026-03-28 11:37:36.951,CONFIRMED,accepted,,2026-09-11 07:11:20.746785+00:00
B1345,c7fd00be2957d47c6846402d9663a2df55ebc677786c66a8077efe5797691bc0,UK113,2025-06-06 11:37:36.951,CANCELLED,accepted,,2026-09-11 07:11:20.746785+00:00
B1346,e17819d2e40777a155ad35cbe9b2afc837e46881f2b06e0c2956030dbf82849b,AI071,2025-06-07 11:37:36.951,PENDING,accepted,,2026-09-11 07:11:20.746785+00:00
B1347,c20a8f8180acd8e547de2a5cf79547b5c50b8fc2b1c97da4c3f8c9a06580f41b,6F271,2026-02-07 11:37:36.951,PENDING,accepted,,2026-09-11 07:11:20.746785+00:00
B1348,ea9bde3d6d2bfbad37d63273b3894f309dc0746736ac9dcad43d9e9d1aefbf7d,SJ015,2025-06-05 11:37:36.951,CANCELLED,accepted,,2026-09-11 07:11:20.746785+00:00
B1349,49b082dc72d8c6cd5b8267e5efd314da4be5649ba8185d8b314f298fbf9db9e9,UK047,2025-11-19 11:37:36.951,CANCELLED,accepted,,2026-09-11 07:11:20.746785+00:00
B1350,d1356b44bba34cc384a19cea4943fc09977214cba2b977cacd5464e7311ad240,UK020,2026-02-04 11:37:36.951,PENDING,accepted,,2026-09-11 07:11:20.746785+00:00
B1351,0b7f87b6fe8e6b5501124782f198de8633c95a2c341fcf9ce1c660cab93819f7,AI122,2025-09-03 11:37:36.951,PENDING,accepted,,2026-09-11 07:11:20.746785+00:00
B1352,9384466230d99521197fbefb0b61d92519d788d4253a5ce56dcc4521e9802c12,UK223,2025-10-20 11:37:36.951,CANCELLED,accepted,,2026-09-11 07:11:20.746785+00:00
B1353,b09c2aaad3cb07d08d0f673079780bb761d55cabcbe6c25f3ee9dd3160a5a8df,6F148,2025-09-19 11:37:36.951,CANCELLED,accepted,,2026-09-11 07:11:20.746785+00:00
B1354,71c5f6a8e2c2c1c17a30c85894593b5750b72ea8641d76899ca7230d09676324,SJ162,2025-12-14 11:37:36.951,CONFIRMED,accepted,,2026-09-11 07:11:20.746785+00:00
B1355,6939dadcc90a744e6660b32ecc341ad210bffb60e2705d500e2ffa3acf18a07c,6F127,2026-03-30 11:37:36.951,CONFIRMED,accepted,,2026-09-11 07:11:20.746785+00:00
B1356,b9d2b2e914f20c04fcd40848f28e072c5170963223fa5208782bf39dc8645f7b,AI173,2025-11-10 11:37:36.951,PENDING,accepted,,2026-09-11 07:11:20.746785+00:00
B1358,63681d54441aab5b86268e61db044ed49bad1bb75208de35d1db0e05bcf783fc,AI053,2025-06-22 11:37:36.951,PENDING,accepted,,2026-09-11 07:11:20.746785+00:00
B1359,1ab20b0303daf21ff66b01c917cafa3271a8fa3a8ff8fa1b7fb671f4b2ea3417,AI241,2025-10-22 11:37:36.951,CONFIRMED,accepted,,2026-09-11 07:11:20.746785+00:00
B1361,a0ed6e5942cbb0532f9c6954a87d990fc3d1295896f08b476cd1f0486ec345cf,AI110,2025-08-24 11:37:36.951,PENDING,accepted,,2026-09-11 07:11:20.746785+00:00
B1362,d4555caa6a341a2f3590063d39b260afbe29bf6866d68d257e841de626073c2b,AI252,2025-10-22 11:37:36.951,CONFIRMED,accepted,,2026-09-11 07:11:20.746785+00:00
B1363,8a36041c0e0a913ff3c6e26532fbfb64b53fc44b30b52f4a32f428a79e3ed2c7,AI149,2025-12-14 11:37:36.951,CANCELLED,accepted,,2026-09-11 07:11:20.746785+00:00
B1364,4cc9946eb54157a0bf1da08964f3e59b4773b1031edcf5a91a79fa87c2834f39,AI224,2025-09-09 11:37:36.951,PENDING,accepted,,2026-09-11 07:11:20.746785+00:00
B1365,d930a43b2752be3879a93e109d92f631747cf3321f9e9d8ea3c32941cffe632f,UK158,2025-07-03 11:37:36.951,CANCELLED,accepted,,2026-09-11 07:11:20.746785+00:00
B1366,b87d36a0463a33f0baa71866f30c2f5ce8068fd5e26fd7e3254d0e520c5c63b2,6F125,2025-05-05 11:37:36.951,CANCELLED,accepted,,2026-09-11 07:11:20.746785+00:00
B1367,3c30b2d6f533eaa0bdccadbdd9bd4f1ae2778368b82f487ef03866571eb76dc2,UK164,2025-12-14 11:37:36.951,CONFIRMED,accepted,,2026-09-11 07:11:20.746785+00:00
B1368,1441d18cc9fc6be0a932b69a6f2f5af371bbf48488fe40e4353c5f10c34368cf,UK007,2025-12-26 11:37:36.951,CANCELLED,accepted,,2026-09-11 07:11:20.746785+00:00
B1369,c2214ee40b43b4b3548d647dba7d76146041eb8cf858351aa650f25b65fc67e5,6F118,2026-03-18 11:37:36.951,PENDING,accepted,,2026-09-11 07:11:20.746785+00:00
B1370,b9321e2bdef7ef53c3be4638b68538e99419d9b6e3587cfff31c5e62ee57258d,SJ004,2026-01-01 11:37:36.951,CANCELLED,accepted,,2026-09-11 07:11:20.746785+00:00
B1371,a437aced8892408b481277200461fcf998bb5ca36471609d65a746637038558a,6F206,2025-09-25 11:37:36.951,CANCELLED,accepted,,2026-09-11 07:11:20.746785+00:00
B1372,930f6b6b6fd23366f5e3f11c789dc6e3a02a0aea3a96ff079903d5b1ebdc9164,SJ130,2025-05-11 11:37:36.951,CANCELLED,accepted,,2026-09-11 07:11:20.746785+00:00
B1373,e3e390bf6bcc6a4b9edaf64f8bdec33f5f74f27f29e375fbd3e4db23d620e969,SJ070,2026-02-14 11:37:36.951,CANCELLED,accepted,,2026-09-11 07:11:20.746785+00:00
B1374,85712f4d85e9e7507f67ace15f4d8e5c822be19e475a9db328d2dd2255dbd371,AI085,2025-04-24 11:37:36.951,CANCELLED,accepted,,2026-09-11 07:11:20.746785+00:00
B1375,6af2848bc09d6a1af0affe9e0984454a11fb3706fdeb730e2a02b3e17c961084,SJ109,2025-09-02 11:37:36.951,CONFIRMED,accepted,,2026-09-11 07:11:20.746785+00:00
B1376,f52c769551b6545b01616321a38dca33e20f4e80f3f0d32a977c291fc6fd38e8,AI168,2025-08-24 11:37:36.951,PENDING,accepted,,2026-09-11 07:11:20.746785+00:00
B1377,b30baf3e0a4fdf26663978d677b9b4ae2cd098e25b207bba93bce306e6c1267b,UK123,2025-10-24 11:37:36.951,CONFIRMED,accepted,,2026-09-11 07:11:20.746785+00:00
B1378,d76fbfc738233db4832f2e931acdbfbb0ae0aaea5ae8e71e85a64efc52cc26af,UK110,2026-01-16 11:37:36.951,PENDING,accepted,,2026-09-11 07:11:20.746785+00:00
B1379,8fdb1c34e1db3d3ec9f3bcf36245c5d6185deb42bd1fa38ead960bfbb0595013,AI206,2025-11-02 11:37:36.951,PENDING,accepted,,2026-09-11 07:11:20.746785+00:00
B1380,6e87aca372740351bb93fa6583f2e440476271d6233fce02f95031864662667d,6F007,2026-04-16 11:37:36.951,PENDING,accepted,,2026-09-11 07:11:20.746785+00:00
B1381,008c0095fecab8f3c61f0d549a05f20b5c5ca6ea4a0b51061f361a2a5a85f0ce,SJ013,2025-11-11 11:37:36.951,PENDING,accepted,,2026-09-11 07:11:20.746785+00:00
B1382,84073b4c6130bfde40f19191889ad0e3a91ac7f69be5be30bf9054d55d71ccf5,UK061,2025-09-19 11:37:36.951,PENDING,accepted,,2026-09-11 07:11:20.746785+00:00
B1383,e13bcc04215322b84c5a8bd9d64a1e9057169d661a3d0c0b48adefb0fce06114,AI010,2025-09-24 11:37:36.951,CANCELLED,accepted,,2026-09-11 07:11:20.746785+00:00
B1384,58ad7e8c7d2564f8ab6aee27d2fd7e22edd053c249bda065ac31cff01ba7949e,AI024,2025-05-16 11:37:36.951,CONFIRMED,accepted,,2026-09-11 07:11:20.746785+00:00
B1385,7bc4a509fb40533bfd5e8c3c16b763b77dec332034dffab54f74884f75ec6da4,UK130,2025-06-08 11:37:36.951,CONFIRMED,accepted,,2026-09-11 07:11:20.746785+00:00
B1386,eac767acc889599e2b2c4a0d986a9142131861712125cf58128fc3ceecbb3c60,AI161,2026-03-12 11:37:36.951,CANCELLED,accepted,,2026-09-11 07:11:20.746785+00:00
B1387,0549c5606a92870f70109ebee9ff43c1d73149f0c71be3e5a346034aa515891c,SJ208,2025-07-23 11:37:36.951,PENDING,accepted,,2026-09-11 07:11:20.746785+00:00
B1390,39703d5ba7b65802429f129725d589035b3adc0add18515254d55d48d1d72cd4,SJ028,2026-03-09 11:37:36.951,CANCELLED,accepted,,2026-09-11 07:11:20.746785+00:00
B1391,a2187b25a0cbea449fd5e1b8e0294405f4ec4580d466eb4f3aa6f7ed0b34c117,SJ084,2025-11-26 11:37:36.951,CONFIRMED,accepted,,2026-09-11 07:11:20.746785+00:00
B1392,c20a8f8180acd8e547de2a5cf79547b5c50b8fc2b1c97da4c3f8c9a06580f41b,AI139,2026-03-27 11:37:36.951,CONFIRMED,accepted,,2026-09-11 07:11:20.746785+00:00
B1393,4d7a3dc51aeb1dbe31e5c9ec6503526e50b86622d619666d789d29818e39803e,UK179,2026-04-06 11:37:36.951,PENDING,accepted,,2026-09-11 07:11:20.746785+00:00
B1394,bd9f60ae950c23464ed2b001cb09272ba106c87267bd92d51e797d54054647ec,6F256,2025-07-23 11:37:36.951,PENDING,accepted,,2026-09-11 07:11:20.746785+00:00
B1397,0d5e13493e81e1ca5563f262ca32d89b5810cc0b9e8cfda962e28224a345f382,UK190,2026-02-05 11:37:36.951,CANCELLED,accepted,,2026-09-11 07:11:20.746785+00:00
B1398,c4afe5bb89e4ca677cc4701a5fa13f223d3864b0a8cda7744d9b0515c9533ff1,6F224,2026-02-04 11:37:36.951,PENDING,accepted,,2026-09-11 07:11:20.746785+00:00
B1399,c48807017b31e971cff2bd49d93a60dcf6433da0ddcc0945e26c48ebfd54dfdc,UK221,2025-05-31 11:37:36.951,PENDING,accepted,,2026-09-11 07:11:20.746785+00:00
B1400,987f31d599db55748dc5ac03877cf4dbe02a7ea9a90fc587322ebca7f3541073,SJ107,2026-04-02 11:37:36.951,CANCELLED,accepted,,2026-09-11 07:11:20.746785+00:00
B1402,d599ed872679fc8e7943157ef7d8702d470b7da34c022f7a056e2ed22f5f43bc,UK183,2026-03-21 11:37:36.951,CANCELLED,accepted,,2026-09-11 07:11:20.746785+00:00
B1403,102125c119d55a21fb05a995a49f7133dc5ded5262c9b92356676d7c4a5526c0,SJ203,2025-05-08 11:37:36.951,PENDING,accepted,,2026-09-11 07:11:20.746785+00:00
B1405,10b32db5b9526036de158a63d33785ceae5ced5d25dc682d14594e357c63d0ac,AI100,2025-08-26 11:37:36.951,PENDING,accepted,,2026-09-11 07:11:20.746785+00:00
B1406,5832cef011f9ef91f0ca690a3f6793cceb1a7b8118a276313c274060953d471e,6F140,2025-06-24 11:37:36.951,CONFIRMED,accepted,,2026-09-11 07:11:20.746785+00:00
B1407,5e1101238387bb2352c98ddc4880a18c9eeac5df79626620edaf90eab759f9d7,UK048,2025-08-26 11:37:36.951,CONFIRMED,accepted,,2026-09-11 07:11:20.746785+00:00
B1408,ffc825448949f9e1f379b3b5b13dba7cf41d7c14d8c7caf2edb9a45e4e702eef,SJ204,2025-07-29 11:37:36.951,CONFIRMED,accepted,,2026-09-11 07:11:20.746785+00:00
B1409,5a50882049b3aa847dbc927b282c48d334e45866df20f670f8a0303caf9e9417,UK105,2026-03-24 11:37:36.951,CONFIRMED,accepted,,2026-09-11 07:11:20.746785+00:00
B1410,c447e6a3f4a42073ec337be423399b882aa41c462d16d0b016fe56c61665f008,AI098,2026-04-13 11:37:36.951,CONFIRMED,accepted,,2026-09-11 07:11:20.746785+00:00
B1411,ca27d76e5f01d6e819be731b4ecf8322e0de4ab935f9738aaef6076ff28051a3,6F013,2025-10-12 11:37:36.951,CANCELLED,accepted,,2026-09-11 07:11:20.746785+00:00
B1412,7f536469af8ff37c88949aa6a2502c124085635941a606e9e8f0222f2a508cf3,6F128,2025-11-18 11:37:36.951,CANCELLED,accepted,,2026-09-11 07:11:20.746785+00:00
B1414,9a96b8b634961e91b6337a7e60f6e97a241d191493e00bd94429020be24b8576,SJ182,2026-01-07 11:37:36.951,CONFIRMED,accepted,,2026-09-11 07:11:20.746785+00:00
B1415,4832ced0a54904db67260c33ef1d337ed0f397a940bc0452f36037cc4df40451,6F199,2026-03-22 11:37:36.951,PENDING,accepted,,2026-09-11 07:11:20.746785+00:00
B1416,58ac1518aeab6d88fb7ecf0ee009b3cf59dec7e3456cef132fbf67297debf023,SJ187,2025-08-17 11:37:36.951,CANCELLED,accepted,,2026-09-11 07:11:20.746785+00:00
B1417,7a1ca5278f4fff391c5e9cf2282d2c0acc34caeb743c13f095c3deb80d5faee9,AI182,2025-08-18 11:37:36.951,PENDING,accepted,,2026-09-11 07:11:20.746785+00:00
B1418,b1e2b90a4a6684122b97071409219c86f51ce69f9e52840d1046aff53950a2de,SJ027,2025-05-04 11:37:36.951,PENDING,accepted,,2026-09-11 07:11:20.746785+00:00
B1419,09f7d6498b686486ed8ef40e5e4d46326fb533ba2fb86c094777afa34e041142,SJ062,2026-01-20 11:37:36.951,CONFIRMED,accepted,,2026-09-11 07:11:20.746785+00:00
B1420,acd5eb51c167c1a1669693591fbb5e2d4bc0712c34f05f6d9eda91f8b0c2684d,SJ161,2026-02-24 11:37:36.951,CONFIRMED,accepted,,2026-09-11 07:11:20.746785+00:00
B1422,ed9aa58ffb5132cdebb750bf9dab83c62af567d49867f18d7eca167e163a7602,AI181,2026-01-04 11:37:36.951,CANCELLED,accepted,,2026-09-11 07:11:20.746785+00:00
B1423,20de9998fdd799828f361bcb24f944828672d88cdd48629bad0aed339e4f5dd3,AI003,2025-06-12 11:37:36.951,CONFIRMED,accepted,,2026-09-11 07:11:20.746785+00:00
B1424,e0e12f9a8cc591cac86d778b1a33d85dd09b108b8bebc03d4c8e31eb7c2ca8f5,6F150,2025-11-05 11:37:36.951,CANCELLED,accepted,,2026-09-11 07:11:20.746785+00:00
B1425,63b545348fa25df0a2eb90cbafc05f74024a4efdc673d810b3024c2578e7baa5,SJ175,2025-06-28 11:37:36.951,CANCELLED,accepted,,2026-09-11 07:11:20.746785+00:00
B1426,23e6b6b92e9ea47aabf9d5db33ce197a3b4177cae1cd333300bfb340b72c2ce8,6F041,2025-12-15 11:37:36.951,CANCELLED,accepted,,2026-09-11 07:11:20.746785+00:00
B1427,8fe15f141709c192fcb47b033e7115f4cb378bf851e10dfce8922b10da00dfba,SJ040,2026-04-15 11:37:36.951,CANCELLED,accepted,,2026-09-11 07:11:20.746785+00:00
B1428,250466a98b09074733f89782e5bad04c772350a53b91dbfb3261fea611cad08b,6F020,2025-06-17 11:37:36.951,CONFIRMED,accepted,,2026-09-11 07:11:20.746785+00:00
B1429,d94aa9805fa4e81ada74f28a7f7877fa077a3743b89171da08337b2a704804d3,AI248,2025-05-08 11:37:36.951,CANCELLED,accepted,,2026-09-11 07:11:20.746785+00:00
B1430,2b3eff89567dbd12d3e51b8bf287be7b5b2fafaf3a854d12c05df78315518aab,SJ016,2026-02-08 11:37:36.951,CONFIRMED,accepted,,2026-09-11 07:11:20.746785+00:00
B1431,a68a10b800e5580832714f34d4d52a3319d2a5fad633c556e3ba42a5d0fcf5b5,UK204,2025-11-21 11:37:36.951,CONFIRMED,accepted,,2026-09-11 07:11:20.746785+00:00
B1432,29f06e7be3a69be9c6ba28c85107a269c6a6c39fd6a97854ebdc22a7eb969e3c,6F211,2025-09-02 11:37:36.951,CANCELLED,accepted,,2026-09-11 07:11:20.746785+00:00
B1433,40a97379060609bdd452c24adc4b156c1ff770a056631e412a3607999f9ee8f4,SJ166,2025-05-07 11:37:36.951,CONFIRMED,accepted,,2026-09-11 07:11:20.746785+00:00
B1434,471defa5224d16816b596306b4d21473807c24b60b4ad74eb536a95e18c86916,AI036,2025-10-19 11:37:36.951,PENDING,accepted,,2026-09-11 07:11:20.746785+00:00
B1435,2c8f08d6ea90c8b9dcbaadb114154852dca702070a6418c45432ac65e23b3379,SJ215,2025-09-18 11:37:36.951,CONFIRMED,accepted,,2026-09-11 07:11:20.746785+00:00
B1436,9bcea1123657417e1edf8002e02f9a390ad0aa6d0557efaeb1dd22fad645327d,AI076,2026-01-05 11:37:36.951,CONFIRMED,accepted,,2026-09-11 07:11:20.746785+00:00
B1437,0e78f54cf78ff831578b6614810ac0edf01d716b28cd1e848ebf25c319a76405,SJ012,2025-11-28 11:37:36.951,CANCELLED,accepted,,2026-09-11 07:11:20.746785+00:00
B1439,fff19b2eb890c8ecb08337b7ea7654ba35fee401da97cd2da6a26ad16ac7b4fa,SJ173,2025-11-09 11:37:36.951,CONFIRMED,accepted,,2026-09-11 07:11:20.746785+00:00
B1440,63464e0c913db95d034a4e21dec2ecc24c3fbe6bc42df4428612cc40baf1c301,AI193,2026-03-09 11:37:36.951,CANCELLED,accepted,,2026-09-11 07:11:20.746785+00:00
B1442,623845d5358fc3c9c200d21b8e7b91c87c2d75056c906fc9504762f7b0046901,AI225,2025-06-02 11:37:36.951,PENDING,accepted,,2026-09-11 07:11:20.746785+00:00
B1443,dd89072a6d400f0dac0f79d37a72cb63eb73677c86d8b3642db924095328e1ad,AI190,2025-10-09 11:37:36.951,CANCELLED,accepted,,2026-09-11 07:11:20.746785+00:00
B1444,e828922ca0d1095777a28235238c4922bce43d08e0247b4013fc415d20602881,SJ238,2025-12-25 11:37:36.951,CONFIRMED,accepted,,2026-09-11 07:11:20.746785+00:00
B1445,2ef8603b9ef844250dc5d7cbbbd9ec1c59acc800f2d6f028cca961cea169fc19,6F005,2025-12-21 11:37:36.951,PENDING,accepted,,2026-09-11 07:11:20.746785+00:00
B1446,f0dfc35944f73b2d0ff1b744b561a96979682de9f94be46d711d7859f491ba30,UK136,2025-09-25 11:37:36.951,PENDING,accepted,,2026-09-11 07:11:20.746785+00:00
B1447,9dfc8110ab0aef3adb8ced075a4f00975af734fe16cf8554a05b32a7fb2a0174,SJ063,2025-05-21 11:37:36.951,CONFIRMED,accepted,,2026-09-11 07:11:20.746785+00:00
B1448,4d7a3dc51aeb1dbe31e5c9ec6503526e50b86622d619666d789d29818e39803e,6F175,2025-11-21 11:37:36.951,CANCELLED,accepted,,2026-09-11 07:11:20.746785+00:00
B1449,1cb0030d74d6972957cd7728fb31c1113563836e0481c9e0107e1a58d1e8b941,AI037,2025-05-23 11:37:36.951,PENDING,accepted,,2026-09-11 07:11:20.746785+00:00
B1450,3c15183e35b631f19535ea8c42b09409ddc6be33568edcf14a7ac8d41ab42f2b,UK225,2025-11-11 11:37:36.951,CONFIRMED,accepted,,2026-09-11 07:11:20.746785+00:00
B1451,3f47c59b3fcad5f07e4f3567ba19417a996fdef68e54b377951320e1615d4ebc,AI141,2025-05-20 11:37:36.951,CONFIRMED,accepted,,2026-09-11 07:11:20.746785+00:00
B1452,4daa6fb86680ee31639b11512292474bbe49709bdd9fe7b88407b66e7667d11a,6F172,2026-01-26 11:37:36.951,PENDING,accepted,,2026-09-11 07:11:20.746785+00:00
B1453,096c23e31c806281f1f32020c0418a02646231cb3570aef7fdbdd0a8a7b35195,6F219,2026-02-07 11:37:36.951,CANCELLED,accepted,,2026-09-11 07:11:20.746785+00:00
B1454,7beae73be32351ac577d07c8af2b79160bfa4af12260629372c60f16878139b5,AI045,2025-08-16 11:37:36.951,PENDING,accepted,,2026-09-11 07:11:20.746785+00:00
B1455,446f9599d11d1c595d631c7c07fa9d97a9354cc36e717cb1cd42001a81cc2421,AI198,2026-04-12 11:37:36.951,CONFIRMED,accepted,,2026-09-11 07:11:20.746785+00:00
B1456,4615f74cf6fcceb53b0ba5bf5529e8ab4b9c25f3a2abf759fa18f2e0e70072eb,AI120,2025-04-24 11:37:36.951,PENDING,accepted,,2026-09-11 07:11:20.746785+00:00
B1457,060689d18a1c8484e98ee6d109d30e5905671d74e2029625f5880d4190de7f90,6F134,2025-06-11 11:37:36.951,CANCELLED,accepted,,2026-09-11 07:11:20.746785+00:00
B1458,f80c88b42db4965170c702de8cacbf3f36e59cc3bd465542a2185429230f8417,UK102,2025-11-19 11:37:36.951,CONFIRMED,accepted,,2026-09-11 07:11:20.746785+00:00
B1459,6c6714b9c7e0cccd153ac2ac2595faa380efdad561b2a780ae82469cfa17c55b,SJ199,2025-06-10 11:37:36.951,CANCELLED,accepted,,2026-09-11 07:11:20.746785+00:00
B1460,7cd39a36426f7cda24e99b933e0946b7cd1cd28855cbf360a76fecdf1d17c9c3,6F235,2025-10-01 11:37:36.951,PENDING,accepted,,2026-09-11 07:11:20.746785+00:00
B1461,e244c05f72fe069c7420c78c86dcb12a792638510be262f8dc36958e33ca7746,UK065,2025-10-14 11:37:36.951,PENDING,accepted,,2026-09-11 07:11:20.746785+00:00
B1462,7cd39a36426f7cda24e99b933e0946b7cd1cd28855cbf360a76fecdf1d17c9c3,6F135,2025-12-03 11:37:36.951,CANCELLED,accepted,,2026-09-11 07:11:20.746785+00:00
B1463,03517de97a11f76fca57b86955ec4c1509d2c7f93b894a7b4a48b0b05a42fb98,SJ148,2026-02-10 11:37:36.951,PENDING,accepted,,2026-09-11 07:11:20.746785+00:00
B1464,c860f53bdfe6ff2cb2f4e797c0077ba339704dd1bd9bd75b61ec06a1e8335c24,AI083,2026-03-07 11:37:36.951,CANCELLED,accepted,,2026-09-11 07:11:20.746785+00:00
B1465,62b2f00836d63687a45db41db4d34b035636ff97263c3b56d67cb63ee5a3c0d3,UK024,2025-07-02 11:37:36.951,PENDING,accepted,,2026-09-11 07:11:20.746785+00:00
B1466,452d25db5069ba7adf5ce10a88f139da37e6889bab207a2f3a9ea023ec4fc1da,UK220,2025-04-27 11:37:36.951,CANCELLED,accepted,,2026-09-11 07:11:20.746785+00:00
B1467,4ffac6b7b39f14b393c4db5306f500ab8d867727b84403573b02af6be083e3e0,UK115,2025-04-30 11:37:36.951,CANCELLED,accepted,,2026-09-11 07:11:20.746785+00:00
B1468,bd61f51224fc538aacaf0b2dc77f1454adb2aa217ab829cd51233cc0ba03f494,AI255,2025-07-16 11:37:36.951,CONFIRMED,accepted,,2026-09-11 07:11:20.746785+00:00
B1469,bd24bdd26831ec5198e5c565283b27fdc276602ebbd31836c9876e0e532a1a7e,6F001,2025-12-25 11:37:36.951,CONFIRMED,accepted,,2026-09-11 07:11:20.746785+00:00
B1470,13511c79ddb8f7887ff2400d064d86899d0cbb5b6c3a673da5597c61738f06d3,6F132,2025-05-27 11:37:36.951,CANCELLED,accepted,,2026-09-11 07:11:20.746785+00:00
B1471,c1b554f52dd90c8cb6aa4a2aa8e37b12b290a0a4893b8fc0a460843c25f105a3,UK184,2026-03-28 11:37:36.951,PENDING,accepted,,2026-09-11 07:11:20.746785+00:00
B1472,a6bcdea763cbc8b108d9ee33c7e2be0f25c19d1cb3eeee86b550eaa7d93d8257,6F098,2025-06-06 11:37:36.951,PENDING,accepted,,2026-09-11 07:11:20.746785+00:00
B1473,85712f4d85e9e7507f67ace15f4d8e5c822be19e475a9db328d2dd2255dbd371,SJ168,2025-07-19 11:37:36.951,PENDING,accepted,,2026-09-11 07:11:20.746785+00:00
B1474,b537893c0b45ae5f8217a84eed37ce5dabefef6d5d1309c03da8530bcefd310d,SJ178,2025-07-28 11:37:36.951,CANCELLED,accepted,,2026-09-11 07:11:20.746785+00:00
B1475,3d1b8d936a59e827768f1fd68d7d36c9f2c15ee6710a1e4455ee828856dd2bb7,UK111,2026-03-07 11:37:36.951,CANCELLED,accepted,,2026-09-11 07:11:20.746785+00:00
B1476,aebbe52682b872b443fc15c3582d844e66e5a8845a8803b98b573fddf41b68c5,SJ051,2026-02-27 11:37:36.951,CANCELLED,accepted,,2026-09-11 07:11:20.746785+00:00
B1477,fecb4703855e9e4d6fcaebb094cc381e6d0a7e069082b03fa643e4924197bf78,SJ193,2025-07-06 11:37:36.951,CANCELLED,accepted,,2026-09-11 07:11:20.746785+00:00
B1478,92392a173c0a9789dc921450b3d2b869a9356c0af3828b6d8c4c1f370aba67df,SJ039,2026-02-24 11:37:36.951,CONFIRMED,accepted,,2026-09-11 07:11:20.746785+00:00
B1479,7c16ef15b55fca280afb7bf6c71ef58e183e12694aa2d3fabacd62943d5cd84f,UK066,2025-12-17 11:37:36.951,CANCELLED,accepted,,2026-09-11 07:11:20.746785+00:00
B1480,fa0d89051f011eb996b7d709ce9b499e281025786e922347bd16da002799c4c6,SJ050,2026-03-14 11:37:36.951,PENDING,accepted,,2026-09-11 07:11:20.746785+00:00
B1481,0f7c45b514762ec16a1acebfc6ec1ce36415f27ee1e2fef0e93e0af233612c5a,6F052,2025-06-11 11:37:36.951,CONFIRMED,accepted,,2026-09-11 07:11:20.746785+00:00
B1482,4cad6853cc21b735bbdcbe46dfbec3076894d44d6f49c6e7040da71c6f39a9cf,SJ170,2025-08-29 11:37:36.951,PENDING,accepted,,2026-09-11 07:11:20.746785+00:00
B1484,d90c41fb0bb6764974393a4e27b96752e2ceb9d4ef1a1db6d925b955e4dd4936,AI219,2025-05-07 11:37:36.951,CONFIRMED,accepted,,2026-09-11 07:11:20.746785+00:00
B1485,7e078ff49d6461cbd53e4ca51bbf76f8e8155f88159a030aada82c73f3d03850,6F220,2025-07-05 11:37:36.951,CANCELLED,accepted,,2026-09-11 07:11:20.746785+00:00
B1486,452d25db5069ba7adf5ce10a88f139da37e6889bab207a2f3a9ea023ec4fc1da,AI207,2025-05-04 11:37:36.951,CONFIRMED,accepted,,2026-09-11 07:11:20.746785+00:00
B1487,8666c0b5e61c77b3690c568e3036411822a2f34010d2503676df185dd4e717e4,6F024,2026-01-26 11:37:36.951,PENDING,accepted,,2026-09-11 07:11:20.746785+00:00
B1488,63b5196e6086af7a3613819a1d46fd37657b3ba7d0475e79d8b01d14d849adf6,SJ073,2025-05-04 11:37:36.951,CANCELLED,accepted,,2026-09-11 07:11:20.746785+00:00
B1489,37667d6ab745b93c9e9f154563d672d1f1e9175a03cf1a98c18a43969f0c5848,SJ201,2025-07-08 11:37:36.951,CANCELLED,accepted,,2026-09-11 07:11:20.746785+00:00
B1490,fc67ae708c8618b887fbc4cfbdb25693d8997bb27911c9d99e7ae711d0ddc759,AI180,2026-03-10 11:37:36.951,CONFIRMED,accepted,,2026-09-11 07:11:20.746785+00:00
B1491,f4acdb655de5b4a0b92e4a51785afb63b467b6caf8849130fd795ea3168039e5,UK022,2025-07-16 11:37:36.951,CONFIRMED,accepted,,2026-09-11 07:11:20.746785+00:00
B1492,e6b9ed474beaec36a4a8c3f5c81d95cbcedce27480f03061e0ce77aa4c83b87f,AI202,2026-03-27 11:37:36.951,CANCELLED,accepted,,2026-09-11 07:11:20.746785+00:00
B1493,335567d97de26457499a42dd1b4deea4448bddcc8c60311b1a56b38a1ef05530,6F212,2025-06-01 11:37:36.952,CONFIRMED,accepted,,2026-09-11 07:11:20.746785+00:00
B1494,580f7f360aaea6c8493532e826db2e425ec57824e7dd02aa10d82a6582540717,6F163,2025-06-09 11:37:36.952,CANCELLED,accepted,,2026-09-11 07:11:20.746785+00:00
B1495,83fb553e52d81240ac7206811d6e737377c45958c2765c971fa721cbb1b5e75d,UK028,2025-10-15 11:37:36.952,CONFIRMED,accepted,,2026-09-11 07:11:20.746785+00:00
B1496,390f9c82c0885699c016638129762c11babc93ce7b18cd942929c415e2f6e994,6F243,2026-03-21 11:37:36.952,PENDING,accepted,,2026-09-11 07:11:20.746785+00:00
B1497,bb4760df3b7f118f231ba7c9978bbea5fef19b8e40e07d838f89a1d3ff636b4f,AI165,2025-09-02 11:37:36.952,CONFIRMED,accepted,,2026-09-11 07:11:20.746785+00:00
B1498,21769867b252b0d2ea0d73b116bbe4282e2aa9547178a9f312dd1b0726b48417,UK099,2025-07-18 11:37:36.952,PENDING,accepted,,2026-09-11 07:11:20.746785+00:00
B1500,9b0649295a9d5b1c4754b4fdd2bf84d79d8dd79f22fe9ffa52cdfe467459696c,UK056,2025-04-30 11:37:36.952,CONFIRMED,accepted,,2026-09-11 07:11:20.746785+00:00
B1501,0e808fad04b00bf6fbdbf468743239dbbb6c86cf7aac6f0afb0bba3a70d853e1,SJ122,2025-09-04 11:37:36.952,CANCELLED,accepted,,2026-09-11 07:11:20.746785+00:00
B1502,079f3eb57947841da11508aa12a6d73a9a52ddd8b49500104680d889987ab6b4,AI086,2025-10-15 11:37:36.952,CONFIRMED,accepted,,2026-09-11 07:11:20.746785+00:00
B1503,7b288eafb41263ccf7516ee437a96d29a02b5799bed9df1a356e9dde0b01bf15,SJ011,2025-10-17 11:37:36.952,CONFIRMED,accepted,,2026-09-11 07:11:20.746785+00:00
B1504,05ecc2f7159796a9980c3d2fe3a820d8c2ed6ee2aff1408a18f0c6b73ca528f0,SJ021,2025-04-21 11:37:36.952,PENDING,accepted,,2026-09-11 07:11:20.746785+00:00
B1505,d20a2dab3f18a252c8420661d6ae86cf4adf5c9c74f0a68d3f39fc18b6fba387,SJ106,2025-11-29 11:37:36.952,CONFIRMED,accepted,,2026-09-11 07:11:20.746785+00:00
B1506,58ac1518aeab6d88fb7ecf0ee009b3cf59dec7e3456cef132fbf67297debf023,SJ026,2026-01-29 11:37:36.952,CANCELLED,accepted,,2026-09-11 07:11:20.746785+00:00
B1507,96042d1984e487c11c0756ffcd6e89e6ed79b7e987acc2ebca0edad2feeda100,SJ245,2025-11-27 11:37:36.952,PENDING,accepted,,2026-09-11 07:11:20.746785+00:00
B1509,85712f4d85e9e7507f67ace15f4d8e5c822be19e475a9db328d2dd2255dbd371,AI032,2025-09-25 11:37:36.952,CANCELLED,accepted,,2026-09-11 07:11:20.746785+00:00
B1510,8147c618c0da90817c143d62b40326cc3a0e60c22f007b0d5fe9ab6142c49e90,AI236,2025-05-11 11:37:36.952,CANCELLED,accepted,,2026-09-11 07:11:20.746785+00:00
B1511,ca27d76e5f01d6e819be731b4ecf8322e0de4ab935f9738aaef6076ff28051a3,6F094,2025-12-24 11:37:36.952,CANCELLED,accepted,,2026-09-11 07:11:20.746785+00:00
B1512,2ef8603b9ef844250dc5d7cbbbd9ec1c59acc800f2d6f028cca961cea169fc19,UK163,2025-12-21 11:37:36.952,PENDING,accepted,,2026-09-11 07:11:20.746785+00:00
B1513,9129176be94a360d9536c0d8ce292139994aae112995e2a28da01e4f2cae246f,UK163,2025-06-30 11:37:36.952,CONFIRMED,accepted,,2026-09-11 07:11:20.746785+00:00
B1514,c1b554f52dd90c8cb6aa4a2aa8e37b12b290a0a4893b8fc0a460843c25f105a3,SJ045,2025-05-07 11:37:36.952,CANCELLED,accepted,,2026-09-11 07:11:20.746785+00:00
B1515,ebc733356020d55ed7cb7fa05b6457ce6b8638235e3557c33bf9bb05a75ab5a2,SJ006,2025-07-06 11:37:36.952,PENDING,accepted,,2026-09-11 07:11:20.746785+00:00
B1516,dcd590f2f6b9075979f2b062fc472262e7e9af73f86a4ffb8b7547ac437c0e1e,SJ103,2025-08-05 11:37:36.952,CANCELLED,accepted,,2026-09-11 07:11:20.746785+00:00
B1519,2bf6304859ade0c6564c9ec23ecccb1f749ad4797a81709a45451dd3d6415316,SJ064,2026-03-25 11:37:36.952,PENDING,accepted,,2026-09-11 07:11:20.746785+00:00
B1520,542579a12f98d4d75b7755f135252f83df2d5bfd157d3d06691c3cfd40932b9f,AI028,2026-04-02 11:37:36.952,CONFIRMED,accepted,,2026-09-11 07:11:20.746785+00:00
B1521,140ae7d03234a698f547ca9940d0b7cab8a86c6ce437045c01816cce3278eb06,AI148,2025-11-08 11:37:36.952,PENDING,accepted,,2026-09-11 07:11:20.746785+00:00
B1522,b1054526dcc109be13e7c1a04b06df022b866508354f0121f10e1ea738f9db65,6F263,2025-08-31 11:37:36.952,CONFIRMED,accepted,,2026-09-11 07:11:20.746785+00:00
B1523,c88610742e04a5e1bef073f1da298baefa40b9a75384a5462be9eb22339822dc,SJ067,2025-05-19 11:37:36.952,PENDING,accepted,,2026-09-11 07:11:20.746785+00:00
B1524,6704ab58c536ba66f8fb3215d1d5542e63c9362e7cc21900ba79d8253cbe4fd5,6F061,2025-06-17 11:37:36.952,PENDING,accepted,,2026-09-11 07:11:20.746785+00:00
B1526,3b67e18aebe11d3fcb61ce8dbf6ca3840665364a785f33cf70e1acad8df7bdc3,SJ136,2025-11-15 11:37:36.952,CONFIRMED,accepted,,2026-09-11 07:11:20.746785+00:00
B1527,bd61f51224fc538aacaf0b2dc77f1454adb2aa217ab829cd51233cc0ba03f494,AI046,2025-07-09 11:37:36.952,PENDING,accepted,,2026-09-11 07:11:20.746785+00:00
B1528,4feec3fc2b6113c94e8b8d854a6d0aafe7b557fe5e231425365590134b752789,UK174,2026-03-28 11:37:36.952,PENDING,accepted,,2026-09-11 07:11:20.746785+00:00
B1531,a96e8987153a7d6467e157d7ce0a0d4f9833e8c3a1a37fe254fa870de33e8dff,6F063,2026-04-01 11:37:36.952,PENDING,accepted,,2026-09-11 07:11:20.746785+00:00
B1532,b1e2b90a4a6684122b97071409219c86f51ce69f9e52840d1046aff53950a2de,UK118,2025-04-22 11:37:36.952,PENDING,accepted,,2026-09-11 07:11:20.746785+00:00
B1533,16996f8fe1aeee64dc9a8de80732e993524671c8ebb982f53f9b2c1ede309b2e,UK218,2025-09-15 11:37:36.952,PENDING,accepted,,2026-09-11 07:11:20.746785+00:00
B1534,534595239749a7b41feb41edfefec334f57c535d6bd8101757e801399baf8104,UK031,2025-09-11 11:37:36.952,CONFIRMED,accepted,,2026-09-11 07:11:20.746785+00:00
B1535,f678be03931724d1dc961ee6867724f5cf2ed44785d049681bce5310443d05f4,UK142,2026-04-02 11:37:36.952,PENDING,accepted,,2026-09-11 07:11:20.746785+00:00
B1537,9c90e444595ca8d44405425766df6f09be9c99f3874c1669ae1b6000901523fa,UK070,2025-10-08 11:37:36.952,CONFIRMED,accepted,,2026-09-11 07:11:20.746785+00:00
B1538,096c23e31c806281f1f32020c0418a02646231cb3570aef7fdbdd0a8a7b35195,SJ121,2026-03-17 11:37:36.952,PENDING,accepted,,2026-09-11 07:11:20.746785+00:00
B1539,4b6379df1d4a83e95b8da9aa7544064e1723c4fb64ca9715ae54f8ba72bed293,UK201,2025-06-11 11:37:36.952,CONFIRMED,accepted,,2026-09-11 07:11:20.746785+00:00
B1540,334fac017ff0cedac8812867dbb69cf3ff4896b4840db86d5d2c60b48c6c3607,AI138,2026-01-15 11:37:36.952,CANCELLED,accepted,,2026-09-11 07:11:20.746785+00:00
B1541,732e2f9ee5939cacffa1354b8021fc56e8b0d2b99418c779e1b43576ba2d9079,SJ014,2025-12-16 11:37:36.952,CONFIRMED,accepted,,2026-09-11 07:11:20.746785+00:00
B1542,cd769bca7f0d6d85ffcd736970ec67dd7355213d73a9ef941b2b1279643d771f,SJ053,2025-12-13 11:37:36.952,PENDING,accepted,,2026-09-11 07:11:20.746785+00:00
B1543,da2b75a920d5ad96e60267d18967deb8b68d721ebcbd1215ab4fcd3a54ee3898,SJ241,2025-06-16 11:37:36.952,CANCELLED,accepted,,2026-09-11 07:11:20.746785+00:00
B1544,c24c442514d8758c7b0da2d72d92d1ed261387dda7baaafff00a8763f86bd008,AI249,2025-09-01 11:37:36.952,CANCELLED,accepted,,2026-09-11 07:11:20.746785+00:00
B1545,4ab9eb6590e8b5558fb4d389da726d41565cd6a6c0b410112990dc9c0d555521,AI176,2026-03-08 11:37:36.952,PENDING,accepted,,2026-09-11 07:11:20.746785+00:00
B1546,a3d40528c847860a59e57ef080921e8e1cd2a0a14fc57ff35ba980a396425de5,SJ234,2026-04-02 11:37:36.952,PENDING,accepted,,2026-09-11 07:11:20.746785+00:00
B1547,9225ce871f0d6f5555802341235f380cb6fc4c80f9c63656fe59c5039c4a62d4,6F115,2025-04-18 11:37:36.952,PENDING,accepted,,2026-09-11 07:11:20.746785+00:00
B1548,8af6521f436391a3c5ce25a1e834af98ed6b12215084eb26df6cfb73e40bda7a,AI020,2025-10-04 11:37:36.952,CONFIRMED,accepted,,2026-09-11 07:11:20.746785+00:00
B1549,b117a117a2fdb6df4eeef59bd2fa6d4789f00059e96f3c20c3882fb0ba8abd09,AI020,2025-12-16 11:37:36.952,CONFIRMED,accepted,,2026-09-11 07:11:20.746785+00:00
B1550,7b288eafb41263ccf7516ee437a96d29a02b5799bed9df1a356e9dde0b01bf15,6F079,2025-12-06 11:37:36.952,CONFIRMED,accepted,,2026-09-11 07:11:20.746785+00:00
B1552,cac751133be3241fc1f84a7fabad5d6b2cef07595ddd709bfb1e8da378d675e1,UK046,2026-02-06 11:37:36.952,PENDING,accepted,,2026-09-11 07:11:20.746785+00:00
B1553,d0d4959312ec6282aef891f386a83216e1b358cc8cc62146c2ec6679476402cc,SJ217,2025-11-15 11:37:36.952,CONFIRMED,accepted,,2026-09-11 07:11:20.746785+00:00
B1554,651580d369a850ef3a6c6cde106fb21347aa2cae11886700648e049703b83631,6F142,2025-08-26 11:37:36.952,CANCELLED,accepted,,2026-09-11 07:11:20.746785+00:00
B1555,140ae7d03234a698f547ca9940d0b7cab8a86c6ce437045c01816cce3278eb06,SJ139,2026-04-04 11:37:36.952,CONFIRMED,accepted,,2026-09-11 07:11:20.746785+00:00
B1556,e3bbd3f337e66536296de1571698bc64fd10894777f84f725069e1012929ff76,6F059,2026-01-18 11:37:36.952,CANCELLED,accepted,,2026-09-11 07:11:20.746785+00:00
B1557,3b199b4ed262a02877397cc65263e91adc453e54cfa725f205a48b9739554c61,6F067,2025-08-10 11:37:36.952,PENDING,accepted,,2026-09-11 07:11:20.746785+00:00
B1558,6121a726cf9ba52e2f65365828f0784d8fbb001f755f4c686f6ff36421376403,AI007,2025-08-07 11:37:36.952,PENDING,accepted,,2026-09-11 07:11:20.746785+00:00
B1559,17e582570535b3bda460f20fd09278fcdc1f438df175c6d0fc90f0277097b11a,UK202,2026-01-20 11:37:36.952,CONFIRMED,accepted,,2026-09-11 07:11:20.746785+00:00
B1560,37da4fd7d4af3d035404e86edd2c75f8269beec0edee268b9c1d55fae9c9c2d8,AI200,2026-03-07 11:37:36.952,CONFIRMED,accepted,,2026-09-11 07:11:20.746785+00:00
B1561,4afd01ee958f1f4cab5daa1ca4a524ecedfd69bc8df926ce94725bfef58adee3,UK172,2026-01-27 11:37:36.952,PENDING,accepted,,2026-09-11 07:11:20.746785+00:00
B1562,fd99448617469cbd8e33fe61cf5945ed433ce0b0c31dfae3baa00a8e52a6b896,6F214,2025-05-01 11:37:36.952,CONFIRMED,accepted,,2026-09-11 07:11:20.746785+00:00
B1563,b30e9d95e2792bd8012713f6200525610243e50e98ccff34f90d659caacb3131,UK037,2025-09-11 11:37:36.952,PENDING,accepted,,2026-09-11 07:11:20.746785+00:00
B1564,ddb21477b3dfb223687574b5e59c22f3d560a40f156675d7b962240c9b825d96,AI022,2025-08-14 11:37:36.952,PENDING,accepted,,2026-09-11 07:11:20.746785+00:00
B1565,08d527b4b330f2ae8d0b2bf61fc9b7d7a1cb305359107e10830b971528e75481,AI243,2026-02-06 11:37:36.952,CANCELLED,accepted,,2026-09-11 07:11:20.746785+00:00
B1566,050b049d5c78278614735f00578ff3e4fe99562bdbc5aaf06d43ca7af53c172d,SJ174,2025-10-08 11:37:36.952,CONFIRMED,accepted,,2026-09-11 07:11:20.746785+00:00
B1567,ceb53c77ef4bb47b88b90ce6a16f9035c5a193c1576789b001e70d41d862a9bb,SJ079,2025-11-13 11:37:36.952,PENDING,accepted,,2026-09-11 07:11:20.746785+00:00
B1568,d044fe407e2aff086fc4bd3fe2f502d51eb27db95a7314c861dd0ec7196ebbcf,UK097,2025-12-21 11:37:36.952,CONFIRMED,accepted,,2026-09-11 07:11:20.746785+00:00
B1569,c993272fa049a2d440ea652372f625c108dcf0e45f4973ff266ab4591aa9dcf3,AI013,2025-12-26 11:37:36.952,CANCELLED,accepted,,2026-09-11 07:11:20.746785+00:00
B1570,d6e80bb1c720b4f77720793d7f87c68d8d1eb2e067c7e918e2dc372eb0192acd,UK196,2025-11-21 11:37:36.952,CANCELLED,accepted,,2026-09-11 07:11:20.746785+00:00
B1571,29f06e7be3a69be9c6ba28c85107a269c6a6c39fd6a97854ebdc22a7eb969e3c,SJ213,2025-11-06 11:37:36.952,CONFIRMED,accepted,,2026-09-11 07:11:20.746785+00:00
B1572,82f93af2a303089a2a6d7e83ee87158475632799e06213b0c4d1e8d82db17b2c,UK119,2025-05-26 11:37:36.952,CONFIRMED,accepted,,2026-09-11 07:11:20.746785+00:00
B1573,6722cce28c2fd387a1e5f26f316763cc1257b7134dc918736466aa855d1d7867,AI043,2026-03-18 11:37:36.952,PENDING,accepted,,2026-09-11 07:11:20.746785+00:00
B1574,7c16ef15b55fca280afb7bf6c71ef58e183e12694aa2d3fabacd62943d5cd84f,AI043,2025-04-29 11:37:36.952,CANCELLED,accepted,,2026-09-11 07:11:20.746785+00:00
B1575,39703d5ba7b65802429f129725d589035b3adc0add18515254d55d48d1d72cd4,AI143,2025-06-16 11:37:36.952,CANCELLED,accepted,,2026-09-11 07:11:20.746785+00:00
B1577,084335d1330d77a535207f0cc68feb7298e28f9780480ccd2e3c8967161c3669,6F050,2026-01-24 11:37:36.952,CONFIRMED,accepted,,2026-09-11 07:11:20.746785+00:00
B1578,9af5670cbc9a286822035d442fb354bf92f8c14050cdc1ca7ad78c62e54f1940,AI134,2025-12-25 11:37:36.952,PENDING,accepted,,2026-09-11 07:11:20.746785+00:00
B1579,b5003939967295cd4a575030be2788328690adfb3cafa1c8f763fdaebcd9ab6a,6F182,2025-04-24 11:37:36.952,CONFIRMED,accepted,,2026-09-11 07:11:20.746785+00:00
B1580,aebbe52682b872b443fc15c3582d844e66e5a8845a8803b98b573fddf41b68c5,SJ086,2025-10-08 11:37:36.952,CONFIRMED,accepted,,2026-09-11 07:11:20.746785+00:00
B1581,30bfdc8d1d1d2f28ec5826ea2b0ce05233663c3ece7e284045fcbfaeea663300,6F170,2025-08-06 11:37:36.952,CONFIRMED,accepted,,2026-09-11 07:11:20.746785+00:00
B1582,a6b36f7224bcfa21bef2faab38e0cbf8b764d27fbd3ede73fba922d9ea1911a4,UK168,2025-04-24 11:37:36.952,PENDING,accepted,,2026-09-11 07:11:20.746785+00:00
B1584,f52c99d348378745e7c8aec85b7131592c154d4518ce31c6a077e29fdd1428ef,UK075,2025-04-28 11:37:36.952,CANCELLED,accepted,,2026-09-11 07:11:20.746785+00:00
B1585,d39c37b3ada0aaba3d9323d2267dd32cb343c130e51ac2dd166cc27787d4d537,6F233,2026-01-08 11:37:36.952,CANCELLED,accepted,,2026-09-11 07:11:20.746785+00:00
B1586,40679d1fe9225e537ae965c0c70d1602960a52029698faddb06c6258b03d2780,SJ143,2025-11-13 11:37:36.952,CANCELLED,accepted,,2026-09-11 07:11:20.746785+00:00
B1587,13511c79ddb8f7887ff2400d064d86899d0cbb5b6c3a673da5597c61738f06d3,SJ246,2025-06-28 11:37:36.952,PENDING,accepted,,2026-09-11 07:11:20.746785+00:00
B1588,47f87bab52cb70cb5c2fbb4b2be2163afc03693689c636d42869dfe82bff4585,SJ247,2025-11-04 11:37:36.952,CONFIRMED,accepted,,2026-09-11 07:11:20.746785+00:00
B1589,b9b94887093a0b5d1e799e9ffd5c38e779e311c924fc3cdbe77c5a31ba21e183,UK157,2025-08-31 11:37:36.952,PENDING,accepted,,2026-09-11 07:11:20.746785+00:00
B1590,3c30b2d6f533eaa0bdccadbdd9bd4f1ae2778368b82f487ef03866571eb76dc2,UK069,2026-04-01 11:37:36.952,CONFIRMED,accepted,,2026-09-11 07:11:20.746785+00:00
B1591,982a7014d25316348d1d7c14d2850dd58059637a8f71fbaf47a6fe8562c1b7fc,AI106,2025-11-20 11:37:36.952,CANCELLED,accepted,,2026-09-11 07:11:20.746785+00:00
B1592,a656843990596d684283c57867b4d79f847e210aa482bf59a93adcc86f449723,UK085,2025-11-17 11:37:36.952,CONFIRMED,accepted,,2026-09-11 07:11:20.746785+00:00
B1594,f678be03931724d1dc961ee6867724f5cf2ed44785d049681bce5310443d05f4,AI067,2025-06-01 11:37:36.952,CONFIRMED,accepted,,2026-09-11 07:11:20.746785+00:00
B1595,8c8149d3098e7d2157431eec3f03418acd0236e4da0f325bedf8152461440f9b,6F226,2026-01-07 11:37:36.952,PENDING,accepted,,2026-09-11 07:11:20.746785+00:00
B1596,37e46ea38858eca03a8c2ded5b392af19d67f0ae5dc2503b728c82463e9be946,SJ210,2025-12-20 11:37:36.952,CONFIRMED,accepted,,2026-09-11 07:11:20.746785+00:00
B1597,53914468d437d3a5053becc201a755bb9e74b4d13c2a9e9d256f1f0d74623647,6F269,2025-10-23 11:37:36.952,CONFIRMED,accepted,,2026-09-11 07:11:20.746785+00:00
B1598,d3c8d6a14e3a822fe267a96db0219ab41e35313816dff7e9735230716779b0e7,UK013,2026-01-02 11:37:36.952,CONFIRMED,accepted,,2026-09-11 07:11:20.746785+00:00
B1599,e76badb0c4689d136952bf29340e5e3b74c384b00e3d9394a1b454837d765f32,UK013,2025-09-30 11:37:36.952,PENDING,accepted,,2026-09-11 07:11:20.746785+00:00
B1600,308d7b8171a5ea1068d3eb59ce7d9a79ed328bfadfc9d7745bd5c08bbe39b942,UK143,2025-07-20 11:37:36.952,PENDING,accepted,,2026-09-11 07:11:20.746785+00:00
B1601,de8f5767c2eb7e3bd8323299f8d7f329aec65e543bf9532d311d03056608686d,6F262,2025-09-07 11:37:36.952,PENDING,accepted,,2026-09-11 07:11:20.746785+00:00
B1603,d39c37b3ada0aaba3d9323d2267dd32cb343c130e51ac2dd166cc27787d4d537,SJ118,2025-12-06 11:37:36.952,CANCELLED,accepted,,2026-09-11 07:11:20.746785+00:00
B1604,42367699a43f8c5519bae3ce37e5162c2487adbb4254264b3ce586fb6663d104,SJ118,2025-11-17 11:37:36.952,CANCELLED,accepted,,2026-09-11 07:11:20.746785+00:00
B1605,82cba022672bc9336eae8ddd392ed251bacd8433aad4334565dd044b57abe609,SJ082,2025-10-03 11:37:36.952,CANCELLED,accepted,,2026-09-11 07:11:20.746785+00:00
B1606,0432e063f506c650a8bafbaf93f9e0bb470f2ed6d48693069bef53d4480b1311,6F015,2025-07-18 11:37:36.952,CONFIRMED,accepted,,2026-09-11 07:11:20.746785+00:00
B1608,d09a9b2f36b244fd9bee372e9d32b2a9028de22e883feaeea8d5a6e9bf70bcda,SJ110,2025-06-28 11:37:36.952,CANCELLED,accepted,,2026-09-11 07:11:20.746785+00:00
B1609,f351f0a690677d85dab9d27ad5946129b18d95c8c7524c8dd3e75c9546d72a35,SJ042,2025-10-21 11:37:36.952,CANCELLED,accepted,,2026-09-11 07:11:20.746785+00:00
B1610,f85efa7bf13dac0ea299c0cae6dc30d48813931829034e214ac890f2ff2d394d,6F145,2025-10-13 11:37:36.952,CONFIRMED,accepted,,2026-09-11 07:11:20.746785+00:00
B1611,52ed80292d4cf60a3dc2bbc887a62b385756dbf98a871144e03a70c8f42453d4,UK029,2026-01-05 11:37:36.952,CANCELLED,accepted,,2026-09-11 07:11:20.746785+00:00
B1612,dcd590f2f6b9075979f2b062fc472262e7e9af73f86a4ffb8b7547ac437c0e1e,SJ200,2025-04-18 11:37:36.952,CANCELLED,accepted,,2026-09-11 07:11:20.746785+00:00
B1613,473a289014471e4537d535523e80a88202101626da4e3453529afb117607954a,SJ209,2026-01-29 11:37:36.952,CONFIRMED,accepted,,2026-09-11 07:11:20.746785+00:00
B1615,6454effb2d76bfc7ae7db254813bfbf688614b74955d132d4d4b19a64e6f2d6e,6F117,2025-05-23 11:37:36.952,CANCELLED,accepted,,2026-09-11 07:11:20.746785+00:00
B1616,5cdc4fb01aa7d292a2712ccb091a531d6c6b32a1ad3125cfa64fd7ace5f1cc67,SJ181,2025-12-23 11:37:36.952,PENDING,accepted,,2026-09-11 07:11:20.746785+00:00
B1618,f640bcccf327b42c5e203bbc12d43e2ef7434f7522439ff7dd9fd017fdbfbda9,AI070,2026-01-19 11:37:36.952,CONFIRMED,accepted,,2026-09-11 07:11:20.746785+00:00
B1619,321099c385da11904609297fa32d6e14128d52a5b2dffaf841207f1938645205,UK042,2026-02-05 11:37:36.952,PENDING,accepted,,2026-09-11 07:11:20.746785+00:00
B1620,b14f459679d3dcf7cd2dd9f0b349c30b33d5d39c436086c5d738d61ff4d1551f,AI169,2026-02-24 11:37:36.952,PENDING,accepted,,2026-09-11 07:11:20.746785+00:00
B1621,58cee2edfcf7f7a5f14327ada0e5b5ae65566d94ec9a11c64a6bbfde0b2afd6a,6F021,2025-12-21 11:37:36.952,PENDING,accepted,,2026-09-11 07:11:20.746785+00:00
B1622,e54ee32533589852ce9d91cd7e0270e04341eda8647daf35038209ced2c4cb0c,SJ046,2025-06-23 11:37:36.952,PENDING,accepted,,2026-09-11 07:11:20.746785+00:00
B1623,223255424ae47b2a6f44db86ecc29a0126ef10167031899a2a53e634caac0b5d,AI211,2025-08-17 11:37:36.952,CANCELLED,accepted,,2026-09-11 07:11:20.746785+00:00
B1624,b8d9af9ba69c7e99d0b77d36bae1cefa5f2ae0029cb49e01603163f32cfef296,SJ091,2025-12-20 11:37:36.952,CANCELLED,accepted,,2026-09-11 07:11:20.746785+00:00
B1625,5ed41a21c0dbae46b9650c078b6b9c7fa023a3670bca082e104f5ee0866b6104,AI123,2026-04-05 11:37:36.952,PENDING,accepted,,2026-09-11 07:11:20.746785+00:00
B1626,335567d97de26457499a42dd1b4deea4448bddcc8c60311b1a56b38a1ef05530,6F053,2025-04-17 11:37:36.952,CANCELLED,accepted,,2026-09-11 07:11:20.746785+00:00
B1627,fb30c6012f7bcd339bc4b9d20046fe86bb93952c75b6f6a5b6fc17288ccca75a,UK012,2026-01-09 11:37:36.952,PENDING,accepted,,2026-09-11 07:11:20.746785+00:00
B1628,e0601447750f45569bde5cda0bd7717f2a815703cbaa278494b2cd9996fcbe30,6F023,2025-11-25 11:37:36.952,PENDING,accepted,,2026-09-11 07:11:20.746785+00:00
B1629,7abaf2d173b3a291393fc098f9d9eb0f68cc642be0739080821a56d9706dc47d,AI250,2026-01-02 11:37:36.952,CONFIRMED,accepted,,2026-09-11 07:11:20.746785+00:00
B1630,c09d1d13f9190a1431b841cc1379937d2dc45ec6ce2bb31b843e8dee548f7d13,AI238,2026-04-07 11:37:36.952,PENDING,accepted,,2026-09-11 07:11:20.746785+00:00
B1631,b30baf3e0a4fdf26663978d677b9b4ae2cd098e25b207bba93bce306e6c1267b,UK096,2026-02-17 11:37:36.952,CANCELLED,accepted,,2026-09-11 07:11:20.746785+00:00
B1632,560d969cc6be9f850545e1ba32c76809d32eea1d6cedfdef38fb94e885f21d81,UK126,2026-03-30 11:37:36.952,PENDING,accepted,,2026-09-11 07:11:20.746785+00:00
B1633,492ee969f7fdf1574bf453806ce1d642df6dbfe21bf6a341b19f6324a9d2aa35,SJ195,2025-08-30 11:37:36.952,CONFIRMED,accepted,,2026-09-11 07:11:20.746785+00:00
B1634,5f5a21d2a8b7972b4a9c70ec8731d1cc4155d6051e855be5c89977138396510e,SJ171,2025-12-25 11:37:36.952,CANCELLED,accepted,,2026-09-11 07:11:20.746785+00:00
B1637,1854ecdbecf05141215eb3d5dc18eb166024c872ff46511cff01cede363881ea,6F035,2025-12-01 11:37:36.952,PENDING,accepted,,2026-09-11 07:11:20.746785+00:00
B1638,80e97f3d3f4c81282bf3d85cce53f912ea9f791beeb11a95eff80f4ecb521ca8,UK088,2026-02-23 11:37:36.952,CONFIRMED,accepted,,2026-09-11 07:11:20.746785+00:00
B1639,decf8c602d0acac4a7a857247c82ac4f1e9c580f1d786039fed3342c286ae18f,6F009,2025-09-14 11:37:36.952,CONFIRMED,accepted,,2026-09-11 07:11:20.746785+00:00
B1640,63681d54441aab5b86268e61db044ed49bad1bb75208de35d1db0e05bcf783fc,6F004,2026-01-28 11:37:36.952,CANCELLED,accepted,,2026-09-11 07:11:20.746785+00:00
B1642,64b15cfdb2ef129c4b355f53c95e9b9626da1cd59050b0fcdbf78235e9e6ddb3,AI251,2026-02-15 11:37:36.952,PENDING,accepted,,2026-09-11 07:11:20.746785+00:00
B1643,07f97ab648e1cdee43c0309621fff3ec1c4e60f371ce48cc20d878991489faed,AI027,2026-02-04 11:37:36.952,PENDING,accepted,,2026-09-11 07:11:20.746785+00:00
B1644,0040c0bad1ef88654de37418e9198e70695ff76ee6941d4ac34e1ed9d478bc79,SJ165,2025-10-20 11:37:36.952,PENDING,accepted,,2026-09-11 07:11:20.746785+00:00
B1645,5f5a21d2a8b7972b4a9c70ec8731d1cc4155d6051e855be5c89977138396510e,UK081,2025-08-16 11:37:36.952,CONFIRMED,accepted,,2026-09-11 07:11:20.746785+00:00
B1646,090102e121c557c0a5c502044598e2b481710c8f159a174bbead82fd79bb5b0c,UK191,2025-09-27 11:37:36.952,CANCELLED,accepted,,2026-09-11 07:11:20.746785+00:00
B1647,e18af6500917bbbc8ba9fece7299b6ca4c561bdfee04a1f49f584afd0a104ef7,SJ188,2025-11-06 11:37:36.952,PENDING,accepted,,2026-09-11 07:11:20.746785+00:00
B1648,395b8d64c2e43db1da55956f9390237137b80dcec3b6d6618441edd5f5bcb7f0,6F016,2025-08-09 11:37:36.952,CONFIRMED,accepted,,2026-09-11 07:11:20.746785+00:00
B1649,0fc736a15222e77fd5bd7c21850728e9157e2ab75d48c030864f1c7e61a9ca76,6F064,2026-04-05 11:37:36.952,PENDING,accepted,,2026-09-11 07:11:20.746785+00:00
B1651,7a1ca5278f4fff391c5e9cf2282d2c0acc34caeb743c13f095c3deb80d5faee9,SJ054,2025-09-09 11:37:36.952,CANCELLED,accepted,,2026-09-11 07:11:20.746785+00:00
B1652,d3c8d6a14e3a822fe267a96db0219ab41e35313816dff7e9735230716779b0e7,6F197,2025-12-19 11:37:36.952,PENDING,accepted,,2026-09-11 07:11:20.746785+00:00
B1653,666758db8b7542ed05e1fd85481901ecc489dc49fa2aaca0323c63701e8927cd,AI040,2026-03-26 11:37:36.952,CANCELLED,accepted,,2026-09-11 07:11:20.746785+00:00
B1655,6f8d9595d1ed30e0958e498ec9aca6178b665f19d8cf112d05b12eda5eb56d30,6F141,2025-10-09 11:37:36.952,PENDING,accepted,,2026-09-11 07:11:20.746785+00:00
B1656,682fec357a8828f1520187a377850727897e28f70cf4b2f0a1369198e92997e0,UK035,2025-05-12 11:37:36.952,CONFIRMED,accepted,,2026-09-11 07:11:20.746785+00:00
B1657,0fc736a15222e77fd5bd7c21850728e9157e2ab75d48c030864f1c7e61a9ca76,AI005,2025-08-28 11:37:36.952,CONFIRMED,accepted,,2026-09-11 07:11:20.746785+00:00
B1658,ef3b90e87c58f60d33f959fe7315b85683f3a56cad987b7651bc658b3806848e,AI001,2025-06-22 11:37:36.952,CONFIRMED,accepted,,2026-09-11 07:11:20.746785+00:00
B1659,7abaf2d173b3a291393fc098f9d9eb0f68cc642be0739080821a56d9706dc47d,UK211,2026-01-17 11:37:36.952,PENDING,accepted,,2026-09-11 07:11:20.746785+00:00
B1660,bfe4bf53e95383a026e2bcfff5907811ffa7770ec9dd860b76085e0b2dd32f4a,SJ189,2026-04-04 11:37:36.952,CANCELLED,accepted,,2026-09-11 07:11:20.746785+00:00
B1661,9c1dce43bc5075aa7ce762b76c6c7f83cf345223f2be91d0ee8667c73c98d0d7,UK006,2025-04-21 11:37:36.952,PENDING,accepted,,2026-09-11 07:11:20.746785+00:00
B1662,20d7ae37f33cbd0a22d2d35c70008a50bcaf9f8cf9628c5f10cffba422d23611,6F189,2025-10-13 11:37:36.952,CONFIRMED,accepted,,2026-09-11 07:11:20.746785+00:00
B1663,3afa5fb1beefff3d18b77595e48f448707ff75bc6d3b4602a7ef842183813661,AI133,2025-05-16 11:37:36.952,CANCELLED,accepted,,2026-09-11 07:11:20.746785+00:00
B1664,18f4d801793ca1355dc0974870f06b6c98b2b8e40a188dbaf44b2d658a99f64c,SJ216,2025-11-08 11:37:36.952,CONFIRMED,accepted,,2026-09-11 07:11:20.746785+00:00
B1665,68bf2cd90e2a10e0791e2848cae98603e0c0394411f0d687749bf401a85c76ae,SJ133,2026-03-04 11:37:36.952,CANCELLED,accepted,,2026-09-11 07:11:20.746785+00:00
B1666,b697e821e40749f3c77fd0cb2fad77147c23865f3731b0c331b2f5baeba32df1,UK082,2026-03-05 11:37:36.952,PENDING,accepted,,2026-09-11 07:11:20.746785+00:00
B1667,a346f3bcf92649be2f6b8465b1238d68d2475739928637173accedae96c02b7e,6F136,2026-02-16 11:37:36.952,CANCELLED,accepted,,2026-09-11 07:11:20.746785+00:00
B1668,ea07c773fc8f7a054decc0e83c95bfb361b17c6f0f91a2dc84d178643883f76f,6F039,2025-04-30 11:37:36.952,PENDING,accepted,,2026-09-11 07:11:20.746785+00:00
B1669,b14f459679d3dcf7cd2dd9f0b349c30b33d5d39c436086c5d738d61ff4d1551f,AI011,2025-06-16 11:37:36.952,CONFIRMED,accepted,,2026-09-11 07:11:20.746785+00:00
B1670,2f5adb503fe8b5209867a5b188300b89f281cb24aa35864cd72e77248a62114e,SJ225,2025-05-12 11:37:36.952,CANCELLED,accepted,,2026-09-11 07:11:20.746785+00:00
B1671,648690af96ba2a381acdf196876c6c485983cb7444472b91efd3d37c94aebeca,SJ024,2025-07-08 11:37:36.952,CONFIRMED,accepted,,2026-09-11 07:11:20.746785+00:00
B1672,63681d54441aab5b86268e61db044ed49bad1bb75208de35d1db0e05bcf783fc,AI109,2025-08-01 11:37:36.952,CANCELLED,accepted,,2026-09-11 07:11:20.746785+00:00
B1674,be2a6225cf88c0505c15903a46aac076eaf29623138f7181ab398ea7b60e91d9,UK057,2025-11-03 11:37:36.952,CANCELLED,accepted,,2026-09-11 07:11:20.746785+00:00
B1675,648690af96ba2a381acdf196876c6c485983cb7444472b91efd3d37c94aebeca,6F111,2025-08-01 11:37:36.952,CANCELLED,accepted,,2026-09-11 07:11:20.746785+00:00
B1676,bf468c64ddd746025658d3089a40ee06eef068fdaa614c1401b8f7f88fff5365,AI197,2026-04-14 11:37:36.952,PENDING,accepted,,2026-09-11 07:11:20.746785+00:00
B1677,ad460dd5ffd8d1883dd6590aa13a854d4d8d01a68254959165353d419fff5928,UK127,2026-01-31 11:37:36.952,PENDING,accepted,,2026-09-11 07:11:20.746785+00:00
B1678,68bf2cd90e2a10e0791e2848cae98603e0c0394411f0d687749bf401a85c76ae,6F240,2025-12-31 11:37:36.952,PENDING,accepted,,2026-09-11 07:11:20.746785+00:00
B1679,35956815b404dc08f1764963d3853186baed927a8d17d02d85217692382e47bb,6F257,2025-08-17 11:37:36.952,CANCELLED,accepted,,2026-09-11 07:11:20.746785+00:00
B1681,d90c41fb0bb6764974393a4e27b96752e2ceb9d4ef1a1db6d925b955e4dd4936,SJ135,2026-04-02 11:37:36.952,CANCELLED,accepted,,2026-09-11 07:11:20.746785+00:00
B1682,794cf6dcbf9112c6153ab4e1c4782d3e1a715506ecda556b5fa43995782fa3ae,UK112,2025-07-10 11:37:36.952,CANCELLED,accepted,,2026-09-11 07:11:20.746785+00:00
B1683,9af5670cbc9a286822035d442fb354bf92f8c14050cdc1ca7ad78c62e54f1940,AI050,2025-08-07 11:37:36.952,CONFIRMED,accepted,,2026-09-11 07:11:20.746785+00:00
B1684,5cd7d26220b4c86827e93cc497d2f61a6e7ae4fa6ba7840d544f1e78268b9326,UK060,2025-11-18 11:37:36.952,PENDING,accepted,,2026-09-11 07:11:20.746785+00:00
B1685,d4b322fd46491bf25294c8ba6d210c9d64e34edf25d984115d62c400e512c37a,SJ183,2025-05-15 11:37:36.952,CANCELLED,accepted,,2026-09-11 07:11:20.746785+00:00
B1686,40a97379060609bdd452c24adc4b156c1ff770a056631e412a3607999f9ee8f4,UK138,2025-11-17 11:37:36.952,CONFIRMED,accepted,,2026-09-11 07:11:20.746785+00:00
B1687,230d3ceee13f129a1908c5f8c0e96dd15631bbfb5808923193e2a94bd951e5b8,SJ071,2025-10-12 11:37:36.952,PENDING,accepted,,2026-09-11 07:11:20.746785+00:00
B1688,a9d8667fc168255b7bf860661e703881fb27f3b9b4fdf44a28a8e26ef2cb987d,AI057,2025-06-14 11:37:36.952,PENDING,accepted,,2026-09-11 07:11:20.746785+00:00
B1689,d930a43b2752be3879a93e109d92f631747cf3321f9e9d8ea3c32941cffe632f,SJ151,2025-07-10 11:37:36.952,CANCELLED,accepted,,2026-09-11 07:11:20.746785+00:00
B1690,5e1101238387bb2352c98ddc4880a18c9eeac5df79626620edaf90eab759f9d7,SJ144,2025-06-28 11:37:36.952,PENDING,accepted,,2026-09-11 07:11:20.746785+00:00
B1691,bdd529a0b7e75a6b1abf56fd585215f2afe147168257a59ac4a3f2909bd93cb4,SJ087,2026-01-23 11:37:36.952,PENDING,accepted,,2026-09-11 07:11:20.746785+00:00
B1692,fd340df4281948e299ef277e01cafba0fd61cf1df52fb959f0f1d551a803f8f3,SJ066,2026-04-02 11:37:36.952,CONFIRMED,accepted,,2026-09-11 07:11:20.746785+00:00
B1693,3c30b2d6f533eaa0bdccadbdd9bd4f1ae2778368b82f487ef03866571eb76dc2,AI247,2026-01-02 11:37:36.952,CONFIRMED,accepted,,2026-09-11 07:11:20.746785+00:00
B1694,9426a36d00faf150c42caaccd30079799efe83e727282507aa4a2a1e228e688e,SJ102,2026-04-01 11:37:36.952,PENDING,accepted,,2026-09-11 07:11:20.746785+00:00
B1695,864d239478336b001dcdb711f61bab6a4dcdc30e2afade8fdf0683b506ddc518,6F252,2026-04-13 11:37:36.952,CONFIRMED,accepted,,2026-09-11 07:11:20.746785+00:00
B1696,a2b0a1d3d46325e0db91ec56a1d31359c7baf088d04f24294ffdf3b95818431f,6F055,2025-11-28 11:37:36.952,PENDING,accepted,,2026-09-11 07:11:20.746785+00:00
B1697,eb9a761227deb1de00a4452b1e84204ef6dedc21fbca06262c57e20d844063a6,AI204,2025-11-12 11:37:36.952,CANCELLED,accepted,,2026-09-11 07:11:20.746785+00:00
B1698,d441f7735d58781642b62233c5d6137ee6bdd36b0feb8869a98b9ce0b449a871,AI016,2026-02-02 11:37:36.952,CONFIRMED,accepted,,2026-09-11 07:11:20.746785+00:00
B1699,ffc825448949f9e1f379b3b5b13dba7cf41d7c14d8c7caf2edb9a45e4e702eef,AI209,2025-12-11 11:37:36.952,PENDING,accepted,,2026-09-11 07:11:20.746785+00:00
B1700,dd3e9c4d3539d43d095e9150ef75ff367b6799b2a2f56e727d1c5ecaa7660662,SJ211,2026-01-04 11:37:36.952,PENDING,accepted,,2026-09-11 07:11:20.746785+00:00
B1701,c0ef74cff8a5a28d1fb2a1caff51711dfef7e11a88e834b8393b51bc8cd36978,6F103,2025-10-16 11:37:36.952,CONFIRMED,accepted,,2026-09-11 07:11:20.746785+00:00
B1702,e3e390bf6bcc6a4b9edaf64f8bdec33f5f74f27f29e375fbd3e4db23d620e969,UK182,2025-04-22 11:37:36.952,CONFIRMED,accepted,,2026-09-11 07:11:20.746785+00:00
B1703,8fdd845021e462167cb6753bcdf32691bad181cc444cc2355d1b615722bf9051,6F264,2025-12-25 11:37:36.952,CANCELLED,accepted,,2026-09-11 07:11:20.746785+00:00
B1704,9783d500c9c15a4b065bcf139fddfb2c49e139c7961fedee6acca9e7765229d1,6F027,2025-07-23 11:37:36.952,PENDING,accepted,,2026-09-11 07:11:20.746785+00:00
B1705,1ed85af9df5989f1e32bcebe68c1e8f93fced7ea9dc94f348fe2c4f7dd93acef,UK198,2026-01-31 11:37:36.952,CANCELLED,accepted,,2026-09-11 07:11:20.746785+00:00
B1706,796571605747f3910a6570d0ed0ac90e02331a3d43b9a3cdc7f98828d485006c,6F171,2025-09-07 11:37:36.952,CANCELLED,accepted,,2026-09-11 07:11:20.746785+00:00
B1707,79eae7a4f66f3a16b95ff1885187fd60236947f40a839eedf4b3aa5d48e02085,AI004,2025-07-05 11:37:36.952,CANCELLED,accepted,,2026-09-11 07:11:20.746785+00:00
B1708,e27015679f0a215bd18efacdcf25813280a4b1849a2caa9c1c714baad92f1b69,6F157,2025-11-22 11:37:36.952,CONFIRMED,accepted,,2026-09-11 07:11:20.746785+00:00
B1709,e0e12f9a8cc591cac86d778b1a33d85dd09b108b8bebc03d4c8e31eb7c2ca8f5,AI018,2025-10-03 11:37:36.952,CANCELLED,accepted,,2026-09-11 07:11:20.746785+00:00
B1710,693c44f38e7c764a6bdc6d85c56937df6646a7e0e1a29fda8542e1f626b2130d,UK098,2025-08-05 11:37:36.952,CONFIRMED,accepted,,2026-09-11 07:11:20.746785+00:00
B1712,f08bbc4418531616de1ba75ab25e1a6c90349a6359f7bcc7c47cbef5a55168dd,AI228,2025-09-06 11:37:36.952,CANCELLED,accepted,,2026-09-11 07:11:20.746785+00:00
B1713,d1356b44bba34cc384a19cea4943fc09977214cba2b977cacd5464e7311ad240,SJ242,2025-08-31 11:37:36.952,CANCELLED,accepted,,2026-09-11 07:11:20.746785+00:00
B1714,c7fd00be2957d47c6846402d9663a2df55ebc677786c66a8077efe5797691bc0,6F227,2025-12-11 11:37:36.952,PENDING,accepted,,2026-09-11 07:11:20.746785+00:00
B1715,f2117e92ff82b3add057fe8463c4906fff345c1a73eb3dc49dd89347acf886fb,6F037,2025-08-27 11:37:36.952,CANCELLED,accepted,,2026-09-11 07:11:20.746785+00:00
B1716,b24f4a321d59a21a42fc8359571f10431f3586b33857c5859f94d92f5b2775f2,6F107,2025-12-22 11:37:36.952,PENDING,accepted,,2026-09-11 07:11:20.746785+00:00
B1717,4d7a3dc51aeb1dbe31e5c9ec6503526e50b86622d619666d789d29818e39803e,SJ125,2025-11-06 11:37:36.952,CANCELLED,accepted,,2026-09-11 07:11:20.746785+00:00
B1718,0549c5606a92870f70109ebee9ff43c1d73149f0c71be3e5a346034aa515891c,UK117,2025-06-17 11:37:36.952,CANCELLED,accepted,,2026-09-11 07:11:20.746785+00:00
B1719,ecdd521740e35db8e60ae75e7ed2d0772a9658fc9a755cfb5a67660665190012,6F192,2025-11-12 11:37:36.952,CANCELLED,accepted,,2026-09-11 07:11:20.746785+00:00
B1720,d044fe407e2aff086fc4bd3fe2f502d51eb27db95a7314c861dd0ec7196ebbcf,AI201,2025-11-27 11:37:36.952,CANCELLED,accepted,,2026-09-11 07:11:20.746785+00:00
B1721,7c998ad6c14643e2ef8b777e71ebe4787625a6dc7d484b5e237841995c7a53a3,SJ126,2026-03-25 11:37:36.952,PENDING,accepted,,2026-09-11 07:11:20.746785+00:00
B1722,249fb310fb669713ddd2b8f33c664515c74b636985676e6b839f7206befba791,AI177,2026-02-10 11:37:36.952,PENDING,accepted,,2026-09-11 07:11:20.746785+00:00
B1723,a4d851e08b86c0c48ada5efbdac75aa3f388504b076fac206a4fac388e1b9ad5,AI092,2025-12-23 11:37:36.952,CANCELLED,accepted,,2026-09-11 07:11:20.746785+00:00
B1724,04bbbeba84d51c4c4c998eb88455c8005181683fec25eab6531cc73e4fe41451,6F076,2025-10-10 11:37:36.952,CANCELLED,accepted,,2026-09-11 07:11:20.746785+00:00
B1725,cbcf6d9ae9427ad45ede1be55f0fd0e1cca47eedd7c1b21d4c23080d6e306096,AI185,2025-04-29 11:37:36.952,PENDING,accepted,,2026-09-11 07:11:20.746785+00:00
B1726,641304b8c9dd6c9847a6f5ab8866dd87454f4480668d69b5de69899270083a91,AI055,2025-05-14 11:37:36.952,CONFIRMED,accepted,,2026-09-11 07:11:20.746785+00:00
B1727,ff9d3e76a5fa43edad2c1ddb4db868c055e7700b529942609818662c54719378,6F222,2026-03-15 11:37:36.952,CONFIRMED,accepted,,2026-09-11 07:11:20.746785+00:00
B1728,2094da88b3c1fb444223376515c74441b16c28b5253e9418c5b7f82b12ad7f4a,AI090,2025-12-12 11:37:36.952,CONFIRMED,accepted,,2026-09-11 07:11:20.746785+00:00
B1729,5ea631c2a837e8d0130ef3e33d2b2b8dc2c8d6c2c8a88c8db0d41cdb9eb15c59,AI183,2025-06-03 11:37:36.952,PENDING,accepted,,2026-09-11 07:11:20.746785+00:00
B1730,2b3eff89567dbd12d3e51b8bf287be7b5b2fafaf3a854d12c05df78315518aab,AI041,2025-04-29 11:37:36.952,PENDING,accepted,,2026-09-11 07:11:20.746785+00:00
B1731,be6ec20b413686ba0a5ede958028c49b909e95476c7d51a84ece412320d309e6,6F210,2025-07-12 11:37:36.952,CONFIRMED,accepted,,2026-09-11 07:11:20.746785+00:00
B1732,8133964deb53145f4b217d4f1658ab3eb7ae727d29b8f3c17b7e59b342b964af,AI170,2026-01-15 11:37:36.952,CONFIRMED,accepted,,2026-09-11 07:11:20.746785+00:00
B1733,ef79ca22baaad5bed58b51b7c27a957de8432e78ceeb13dff725d409c88e9e48,SJ008,2026-04-16 11:37:36.952,CANCELLED,accepted,,2026-09-11 07:11:20.746785+00:00
B1734,9af5670cbc9a286822035d442fb354bf92f8c14050cdc1ca7ad78c62e54f1940,AI049,2025-09-29 11:37:36.952,PENDING,accepted,,2026-09-11 07:11:20.746785+00:00
B1735,e1db851af0f87923aa2cb5112809dca7c8301b4e2aa3be5745c520da1d66ccf4,SJ132,2025-05-12 11:37:36.952,PENDING,accepted,,2026-09-11 07:11:20.746785+00:00
B1736,7e605c2b94df0bd196989041d4aa94be12192955faeb6a52c184f3ebac3aef90,SJ224,2026-01-26 11:37:36.952,CONFIRMED,accepted,,2026-09-11 07:11:20.746785+00:00
B1737,d53d433087a0b2aabd996fe4a66ab823b6515c66a6ce880dc108c3e0651ac9eb,UK038,2025-06-11 11:37:36.952,CONFIRMED,accepted,,2026-09-11 07:11:20.746785+00:00
B1738,ffc825448949f9e1f379b3b5b13dba7cf41d7c14d8c7caf2edb9a45e4e702eef,SJ220,2025-08-14 11:37:36.952,PENDING,accepted,,2026-09-11 07:11:20.746785+00:00
B1739,a38c8e8e2fcf1fae59cb49260ebec5cc644fbfda1c18f66b91289f783d914535,6F124,2025-06-29 11:37:36.952,CANCELLED,accepted,,2026-09-11 07:11:20.746785+00:00
B1740,bdecafd8816a0f44afbaa7a302a1f69a66f5dd4fb37fe1463eae27bb929786cb,SJ164,2025-11-16 11:37:36.952,CONFIRMED,accepted,,2026-09-11 07:11:20.746785+00:00
B1741,f21ad19e955d44ec1d43987165ddb9bebf067856afd0b2ff3080c52f6766f9d9,AI026,2025-05-18 11:37:36.952,PENDING,accepted,,2026-09-11 07:11:20.746785+00:00
B1742,710ce26c272b55b8c8c8b9865835a77112dbd1d3ed3f3744d0509cdcb13a234c,6F144,2025-09-14 11:37:36.952,PENDING,accepted,,2026-09-11 07:11:20.746785+00:00
B1744,23e6b6b92e9ea47aabf9d5db33ce197a3b4177cae1cd333300bfb340b72c2ce8,UK139,2025-09-05 11:37:36.952,CANCELLED,accepted,,2026-09-11 07:11:20.746785+00:00
B1745,5a8dfa9e6f352677a3421046b08b0768495f11ef1fd327c1e00ed909f6e77fcf,UK139,2025-05-20 11:37:36.952,CONFIRMED,accepted,,2026-09-11 07:11:20.746785+00:00
B1746,6ece907c912399005d56bdd84c07bf2ba070ae603b28d1bd84cfa1db444b8454,SJ140,2025-08-31 11:37:36.952,CONFIRMED,accepted,,2026-09-11 07:11:20.746785+00:00
B1747,da29efe657714f8c62202fe0382613a1d2a6ab7d786ff3f2a2be887d865d4f52,6F131,2025-04-20 11:37:36.952,CONFIRMED,accepted,,2026-09-11 07:11:20.746785+00:00
B1748,648690af96ba2a381acdf196876c6c485983cb7444472b91efd3d37c94aebeca,UK128,2025-11-15 11:37:36.952,PENDING,accepted,,2026-09-11 07:11:20.746785+00:00
B1749,2f87a71ce2e5c985233ffd7e37a83fe3f838e0d901bba361c0f0f7f89deafd16,SJ219,2026-02-19 11:37:36.952,CONFIRMED,accepted,,2026-09-11 07:11:20.746785+00:00
B1750,9c90e444595ca8d44405425766df6f09be9c99f3874c1669ae1b6000901523fa,SJ159,2025-09-21 11:37:36.952,PENDING,accepted,,2026-09-11 07:11:20.746785+00:00
B1751,a0ed6e5942cbb0532f9c6954a87d990fc3d1295896f08b476cd1f0486ec345cf,UK192,2025-09-19 11:37:36.952,CONFIRMED,accepted,,2026-09-11 07:11:20.746785+00:00
B1752,61499de9a057d041ffad5f30fb8a8071612979467575fef6ab12f0b1f6d2dabe,AI014,2025-08-13 11:37:36.952,CANCELLED,accepted,,2026-09-11 07:11:20.746785+00:00
B1753,fa9c870b3a0334f2e0474f1946ec74a9fec7ef55fa8e63bea8b903bec0bbe72b,SJ152,2025-08-08 11:37:36.952,CANCELLED,accepted,,2026-09-11 07:11:20.746785+00:00
B1754,8147c618c0da90817c143d62b40326cc3a0e60c22f007b0d5fe9ab6142c49e90,SJ060,2026-02-11 11:37:36.952,PENDING,accepted,,2026-09-11 07:11:20.746785+00:00
B1755,096c23e31c806281f1f32020c0418a02646231cb3570aef7fdbdd0a8a7b35195,AI127,2026-02-17 11:37:36.952,CANCELLED,accepted,,2026-09-11 07:11:20.746785+00:00
B1756,0c86047beef367b791b6da6bc94b3772cb6f613c2a4cc6b276180aeea9d4b35e,SJ096,2026-01-27 11:37:36.952,PENDING,accepted,,2026-09-11 07:11:20.746785+00:00
B1757,edd18d1201964fd7c838fb9940d6a75bbea192267f0682c67f3bec0307c204a1,AI215,2025-04-24 11:37:36.952,PENDING,accepted,,2026-09-11 07:11:20.746785+00:00
B1758,f40f2a3a4d5194f711459d19a504a8e5ee88d45ecca326082187b9d8ffc428b6,UK009,2026-02-28 11:37:36.952,CANCELLED,accepted,,2026-09-11 07:11:20.746785+00:00
B1759,778404a025aa5e745950576fc11972d84bb8c9532bcfb9cbfd6785d5bc84cea7,AI171,2025-10-26 11:37:36.952,PENDING,accepted,,2026-09-11 07:11:20.746785+00:00
B1760,f3b94613665f9d6f2ccde8e2c059910440aef4b83535a5e010352664e652987c,UK151,2026-01-14 11:37:36.952,CANCELLED,accepted,,2026-09-11 07:11:20.746785+00:00
B1761,ef79ca22baaad5bed58b51b7c27a957de8432e78ceeb13dff725d409c88e9e48,AI099,2025-05-22 11:37:36.952,CONFIRMED,accepted,,2026-09-11 07:11:20.746785+00:00
B1762,83fb553e52d81240ac7206811d6e737377c45958c2765c971fa721cbb1b5e75d,UK050,2025-06-04 11:37:36.952,CONFIRMED,accepted,,2026-09-11 07:11:20.746785+00:00
B1763,fee092e0eddfce33bbd0aea4cf5f8b8e18ba727e846816fd85389251cca8d3f7,UK092,2025-10-06 11:37:36.952,CANCELLED,accepted,,2026-09-11 07:11:20.746785+00:00
B1764,390f9c82c0885699c016638129762c11babc93ce7b18cd942929c415e2f6e994,SJ058,2025-06-20 11:37:36.952,CANCELLED,accepted,,2026-09-11 07:11:20.746785+00:00
B1765,4b6379df1d4a83e95b8da9aa7544064e1723c4fb64ca9715ae54f8ba72bed293,SJ090,2025-12-21 11:37:36.952,CANCELLED,accepted,,2026-09-11 07:11:20.746785+00:00
B1766,b1c6993430620ee94c748a63ffa22b2251e4cf10c5d9870ce5ab7ffc37918b7d,6F173,2025-09-07 11:37:36.952,CANCELLED,accepted,,2026-09-11 07:11:20.746785+00:00
B1767,6109bbb81ab5381b76af3f07efad12de3ca5a8776a384092043f0006e5b392cb,AI186,2025-11-19 11:37:36.952,CONFIRMED,accepted,,2026-09-11 07:11:20.746785+00:00
B1768,9dfc8110ab0aef3adb8ced075a4f00975af734fe16cf8554a05b32a7fb2a0174,AI130,2026-03-23 11:37:36.952,PENDING,accepted,,2026-09-11 07:11:20.746785+00:00
B1770,35956815b404dc08f1764963d3853186baed927a8d17d02d85217692382e47bb,6F203,2025-08-04 11:37:36.952,CONFIRMED,accepted,,2026-09-11 07:11:20.746785+00:00
B1771,cf69d72092f3bf556c1162a7f9f90b4092606d83be9faf17bd386a92edb6a8ce,6F138,2025-05-24 11:37:36.952,PENDING,accepted,,2026-09-11 07:11:20.746785+00:00
B1773,8a36041c0e0a913ff3c6e26532fbfb64b53fc44b30b52f4a32f428a79e3ed2c7,AI074,2026-01-01 11:37:36.952,PENDING,accepted,,2026-09-11 07:11:20.746785+00:00
B1774,f38c7306bbb08f177edb5cadd34dd749be99032b8699b096393b0e7ad0d720cd,UK161,2026-01-07 11:37:36.952,CANCELLED,accepted,,2026-09-11 07:11:20.746785+00:00
B1775,9426a36d00faf150c42caaccd30079799efe83e727282507aa4a2a1e228e688e,AI008,2025-06-19 11:37:36.952,CANCELLED,accepted,,2026-09-11 07:11:20.746785+00:00
B1776,778404a025aa5e745950576fc11972d84bb8c9532bcfb9cbfd6785d5bc84cea7,UK121,2025-12-27 11:37:36.952,CANCELLED,accepted,,2026-09-11 07:11:20.746785+00:00
B1777,ecb1aabb077dba027757a0624338113eb48466662ec9251810e56848634dae37,6F154,2025-04-26 11:37:36.952,CONFIRMED,accepted,,2026-09-11 07:11:20.746785+00:00
B1778,f70af3ae891c50012501bdee316f175807272b1044a26de445df41b763064d95,6F161,2025-08-01 11:37:36.952,CONFIRMED,accepted,,2026-09-11 07:11:20.746785+00:00
B1779,ede70c546f582e9014ac4f6f4871e870d22f9c99532dac14aec4c7a34bb55461,6F153,2026-02-01 11:37:36.952,PENDING,accepted,,2026-09-11 07:11:20.746785+00:00
B1780,c08206bd1a6eb56b519eba85d19cbc0ea8eaba7f2004f750674cbd5f15742efe,6F225,2026-02-10 11:37:36.952,PENDING,accepted,,2026-09-11 07:11:20.746785+00:00
B1781,060689d18a1c8484e98ee6d109d30e5905671d74e2029625f5880d4190de7f90,AI191,2026-02-09 11:37:36.952,PENDING,accepted,,2026-09-11 07:11:20.746785+00:00
B1782,343dcca58759f4d0ea26cd5ec2ffb332dc274a035e37a68925b57c9c8c25aac2,AI218,2025-08-18 11:37:36.952,CONFIRMED,accepted,,2026-09-11 07:11:20.746785+00:00
B1783,9dfc8110ab0aef3adb8ced075a4f00975af734fe16cf8554a05b32a7fb2a0174,6F267,2025-09-28 11:37:36.952,PENDING,accepted,,2026-09-11 07:11:20.746785+00:00
B1784,962d2bef871e6516973ff0f200d4ff5aa776bad11f08ade074ca435ddc902fcc,UK125,2025-08-20 11:37:36.952,CANCELLED,accepted,,2026-09-11 07:11:20.746785+00:00
B1785,300157648fad5d6b5022b8db564c771b4c2a664921cd1b16064d0e2e5e22db39,6F208,2025-08-19 11:37:36.952,PENDING,accepted,,2026-09-11 07:11:20.746785+00:00
B1786,c513ce1a9f3eb67a4ada750c9f3f3dc9de11324d59bc4f72d6ebd8d6328a5e22,6F119,2026-02-12 11:37:36.952,CANCELLED,accepted,,2026-09-11 07:11:20.746785+00:00
B1787,6f518b92335d2e76ad9143276264cc48be25c4133ea8b4a08868d83cb8eed32d,AI063,2025-07-11 11:37:36.952,CONFIRMED,accepted,,2026-09-11 07:11:20.746785+00:00
B1788,a5cb9f46bfaa2aca7e4a058d4c0363b948a5f4d79e4fcb47e4b2b6e39f6bb0c7,UK016,2025-06-05 11:37:36.952,CANCELLED,accepted,,2026-09-11 07:11:20.746785+00:00
B1789,c74b831cbc64c9672fbf34caa96f18cae13418796020735a5556bdc232df8c5c,6F048,2026-01-13 11:37:36.952,CANCELLED,accepted,,2026-09-11 07:11:20.746785+00:00
B1790,f80c88b42db4965170c702de8cacbf3f36e59cc3bd465542a2185429230f8417,6F266,2025-04-23 11:37:36.952,CANCELLED,accepted,,2026-09-11 07:11:20.746785+00:00
B1791,f52c769551b6545b01616321a38dca33e20f4e80f3f0d32a977c291fc6fd38e8,AI167,2026-02-24 11:37:36.952,CONFIRMED,accepted,,2026-09-11 07:11:20.746785+00:00
B1792,21723903d7b2c64a0fcb73a342c98abe4618d593829d0ce915485cb1cea1831c,6F165,2026-01-17 11:37:36.952,CONFIRMED,accepted,,2026-09-11 07:11:20.746785+00:00
B1793,c2214ee40b43b4b3548d647dba7d76146041eb8cf858351aa650f25b65fc67e5,SJ104,2025-11-25 11:37:36.952,CONFIRMED,accepted,,2026-09-11 07:11:20.746785+00:00
B1794,f67568b8fa921a84e479c3611d90b8abf6fb8a5f99e438309cff6ae5fc4a03db,UK160,2025-06-26 11:37:36.952,CONFIRMED,accepted,,2026-09-11 07:11:20.746785+00:00
B1795,da3cf9c186114f61c627bb12393cd4065f3661d77e1439716861b94824bc961b,UK160,2026-03-21 11:37:36.952,PENDING,accepted,,2026-09-11 07:11:20.746785+00:00
B1796,3429fafc690a635132f9e55b84e643e939a28d1e899cb56a7d397aa2cacff29d,SJ230,2025-11-28 11:37:36.952,CONFIRMED,accepted,,2026-09-11 07:11:20.746785+00:00
B1797,9149ce52e639ffb69d98f00c7d4c15bea0e05fba5035a0aaa7d564f6ee18e780,AI042,2025-06-03 11:37:36.952,CANCELLED,accepted,,2026-09-11 07:11:20.746785+00:00
B1798,06741bd0766c8bc2fd158e867a104027ec0a34fdca32ddb9aab505791076b63d,UK197,2025-05-16 11:37:36.952,CONFIRMED,accepted,,2026-09-11 07:11:20.746785+00:00
B1799,d999d21f5501c37dc08ac3540b6da38debec73f8734f6ecfa096d7adc23d9301,AI107,2026-02-05 11:37:36.952,PENDING,accepted,,2026-09-11 07:11:20.746785+00:00
B1800,ae041e66859a874f6edf2ac8cea18eb063b83ddb2ab234c608e7243350bbfcdc,SJ128,2025-08-22 11:37:36.952,PENDING,accepted,,2026-09-11 07:11:20.746785+00:00
B1801,b9d2b2e914f20c04fcd40848f28e072c5170963223fa5208782bf39dc8645f7b,6F121,2026-04-14 11:37:36.952,PENDING,accepted,,2026-09-11 07:11:20.746785+00:00
B1803,507e79a79698889598307c42ead137da078907eba9a0643d5a36f3f8b8f9ab24,SJ137,2026-02-21 11:37:36.952,CONFIRMED,accepted,,2026-09-11 07:11:20.746785+00:00
B1804,9eb5fc543797aac48cbe339af1e78ff7989e9ccaececee69d6c07e2d2c8a70e3,AI232,2025-11-12 11:37:36.952,CONFIRMED,accepted,,2026-09-11 07:11:20.746785+00:00
B1805,c2214ee40b43b4b3548d647dba7d76146041eb8cf858351aa650f25b65fc67e5,SJ113,2025-10-26 11:37:36.952,CONFIRMED,accepted,,2026-09-11 07:11:20.746785+00:00
B1806,fb30c6012f7bcd339bc4b9d20046fe86bb93952c75b6f6a5b6fc17288ccca75a,AI117,2025-08-02 11:37:36.952,CANCELLED,accepted,,2026-09-11 07:11:20.746785+00:00
B1807,534595239749a7b41feb41edfefec334f57c535d6bd8101757e801399baf8104,6F185,2025-06-28 11:37:36.952,CANCELLED,accepted,,2026-09-11 07:11:20.746785+00:00
B1808,500964c3cec49a1f8082114d7f83c87c1a7ea34e1a876537c9a1aa3ced3540f8,AI194,2026-01-26 11:37:36.952,PENDING,accepted,,2026-09-11 07:11:20.746785+00:00
B1809,a21b4bfc27b7cfcee339d7a1d93c8fd9f3e231d0c0977ce0c82628bb1c180060,UK045,2026-04-09 11:37:36.952,PENDING,accepted,,2026-09-11 07:11:20.746785+00:00
B1810,8af6521f436391a3c5ce25a1e834af98ed6b12215084eb26df6cfb73e40bda7a,6F228,2026-03-20 11:37:36.952,CONFIRMED,accepted,,2026-09-11 07:11:20.746785+00:00
B1811,fa75e7ff1db167ca65e324fd7793c8df39f300ad79f10ecd1d0e0f8ad069bc7a,SJ190,2026-04-04 11:37:36.952,CANCELLED,accepted,,2026-09-11 07:11:20.746785+00:00
B1812,6c6714b9c7e0cccd153ac2ac2595faa380efdad561b2a780ae82469cfa17c55b,AI156,2026-01-06 11:37:36.952,CANCELLED,accepted,,2026-09-11 07:11:20.746785+00:00
B1814,8754a1bad8ea85589ae3b984032a22b97b33f2c666b6f01ffde92044cb5fbb7e,UK033,2025-06-22 11:37:36.952,CONFIRMED,accepted,,2026-09-11 07:11:20.746785+00:00
B1815,0d7c0d22f002c998151af95b155bad06d4c1d24f6f4ce057b418e5ae113bd35a,UK137,2025-05-01 11:37:36.952,PENDING,accepted,,2026-09-11 07:11:20.746785+00:00
B1816,ee7a34d7fdafbd69fc52a5a01b272f3c50fadfa9049335fa78820237359ee36e,UK214,2025-06-21 11:37:36.952,PENDING,accepted,,2026-09-11 07:11:20.746785+00:00
B1817,cd3120eb6942b52062d4883c3009cbba3883d8dbf5ee76bc4ed58b6f5c88d205,6F033,2025-06-07 11:37:36.952,PENDING,accepted,,2026-09-11 07:11:20.746785+00:00
B1818,1bf5826060cdd76ba799eee12737a900cfa1cf0e2ff911aa3b3c513141234cfc,AI114,2025-11-07 11:37:36.952,CONFIRMED,accepted,,2026-09-11 07:11:20.746785+00:00
B1819,140ae7d03234a698f547ca9940d0b7cab8a86c6ce437045c01816cce3278eb06,AI017,2026-01-19 11:37:36.952,CONFIRMED,accepted,,2026-09-11 07:11:20.746785+00:00
B1820,5a94c522825ab8771bdd4ba9f1c304b9cd0c7a2b1181a48591296502b4337083,6F244,2025-12-01 11:37:36.952,PENDING,accepted,,2026-09-11 07:11:20.746785+00:00
B1821,3fcbcc83b734bc57b59fd80df8c18ddd2f9ea418510dd14a15c80ebcdc832131,6F160,2025-11-27 11:37:36.952,PENDING,accepted,,2026-09-11 07:11:20.746785+00:00
B1822,5697b0cd210dab766cceba8a9ac96182467e9cf2615527b6d8ec0db8cc94a0bc,6F088,2026-01-05 11:37:36.952,CANCELLED,accepted,,2026-09-11 07:11:20.746785+00:00
B1823,2f5adb503fe8b5209867a5b188300b89f281cb24aa35864cd72e77248a62114e,6F155,2025-11-26 11:37:36.952,CANCELLED,accepted,,2026-09-11 07:11:20.746785+00:00
B1824,c82eca274eeac927d3e2f846e275781ae6a37912a3bb6af61717896f6255e664,AI095,2026-04-15 11:37:36.952,PENDING,accepted,,2026-09-11 07:11:20.746785+00:00
B1825,09f7d6498b686486ed8ef40e5e4d46326fb533ba2fb86c094777afa34e041142,6F139,2025-05-17 11:37:36.952,PENDING,accepted,,2026-09-11 07:11:20.746785+00:00
B1826,e546c9d384f443c1364fc8093927636f2edd7b5564a97966be750eb752f929d5,6F101,2025-07-11 11:37:36.952,CANCELLED,accepted,,2026-09-11 07:11:20.746785+00:00
B1827,f5fbc720ba173fff41a4f219723813929ab5af69722438d0c63d82c440ebe55c,AI054,2025-06-23 11:37:36.952,PENDING,accepted,,2026-09-11 07:11:20.746785+00:00
B1828,c08206bd1a6eb56b519eba85d19cbc0ea8eaba7f2004f750674cbd5f15742efe,SJ094,2025-05-18 11:37:36.952,CANCELLED,accepted,,2026-09-11 07:11:20.746785+00:00
B1829,6d52391b2c89633c11dbdfc5be9ba65bf92ed66704e88b97b142dda5628bf7d0,6F217,2026-01-15 11:37:36.952,CANCELLED,accepted,,2026-09-11 07:11:20.746785+00:00
B1830,534595239749a7b41feb41edfefec334f57c535d6bd8101757e801399baf8104,6F100,2026-04-15 11:37:36.952,CANCELLED,accepted,,2026-09-11 07:11:20.746785+00:00
B1831,2bf6304859ade0c6564c9ec23ecccb1f749ad4797a81709a45451dd3d6415316,6F081,2026-02-05 11:37:36.952,CONFIRMED,accepted,,2026-09-11 07:11:20.746785+00:00
B1832,5729740a68949b513197796412193fe064dbe29f66989efe5c9460ec6884af4c,SJ156,2025-06-17 11:37:36.952,CONFIRMED,accepted,,2026-09-11 07:11:20.746785+00:00
B1833,6c6714b9c7e0cccd153ac2ac2595faa380efdad561b2a780ae82469cfa17c55b,6F060,2025-06-07 11:37:36.952,PENDING,accepted,,2026-09-11 07:11:20.746785+00:00
B1834,b09c2aaad3cb07d08d0f673079780bb761d55cabcbe6c25f3ee9dd3160a5a8df,UK129,2025-08-14 11:37:36.952,CANCELLED,accepted,,2026-09-11 07:11:20.746785+00:00
B1835,2c8f08d6ea90c8b9dcbaadb114154852dca702070a6418c45432ac65e23b3379,UK032,2026-02-07 11:37:36.952,CONFIRMED,accepted,,2026-09-11 07:11:20.746785+00:00
B1836,7229e02a4eeb455de9241063d8b0370dc487f5b8cb86f0599a0fa61feaa2aab5,AI166,2025-09-23 11:37:36.952,PENDING,accepted,,2026-09-11 07:11:20.746785+00:00
B1837,b39e61928b425909e99b0fc789c7b26547b1ae0525eed3342c23fb051ba9699d,SJ056,2025-10-31 11:37:36.952,PENDING,accepted,,2026-09-11 07:11:20.746785+00:00
B1838,bb4760df3b7f118f231ba7c9978bbea5fef19b8e40e07d838f89a1d3ff636b4f,SJ101,2025-06-12 11:37:36.952,PENDING,accepted,,2026-09-11 07:11:20.746785+00:00
B1839,b24f4a321d59a21a42fc8359571f10431f3586b33857c5859f94d92f5b2775f2,SJ065,2025-05-09 11:37:36.952,PENDING,accepted,,2026-09-11 07:11:20.746785+00:00
B1840,8610886a8451b90a7aa7a653314e73f15fce03862a657bc5a317d423961dc3ed,SJ100,2025-04-19 11:37:36.952,PENDING,accepted,,2026-09-11 07:11:20.746785+00:00
B1841,710ce26c272b55b8c8c8b9865835a77112dbd1d3ed3f3744d0509cdcb13a234c,UK011,2025-10-24 11:37:36.952,CANCELLED,accepted,,2026-09-11 07:11:20.746785+00:00
B1842,6f8d9595d1ed30e0958e498ec9aca6178b665f19d8cf112d05b12eda5eb56d30,6F062,2026-02-17 11:37:36.952,PENDING,accepted,,2026-09-11 07:11:20.746785+00:00
B1843,0c0a8b118fc84e9ea01bea5c4cb133c65086b09adfa749ab6d213f1a7d7f1c20,SJ176,2025-08-15 11:37:36.952,CANCELLED,accepted,,2026-09-11 07:11:20.746785+00:00
B1844,5bf71ae1dced497e7f2f15b384dfd6e75b0305275f4f66397a31d7f23e20033f,6F120,2025-11-26 11:37:36.952,CONFIRMED,accepted,,2026-09-11 07:11:20.746785+00:00
B1845,1381856e99251d0243066f6304fa6cb572c6b53181a0b980b033cecaef6ac697,AI121,2026-03-05 11:37:36.952,PENDING,accepted,,2026-09-11 07:11:20.746785+00:00
B1846,009976a7f396c532d0cdae4060458bce5d8646bf32ab6b71c67f8618a626e1c3,UK072,2025-08-30 11:37:36.952,CONFIRMED,accepted,,2026-09-11 07:11:20.746785+00:00
B1847,37da4fd7d4af3d035404e86edd2c75f8269beec0edee268b9c1d55fae9c9c2d8,AI006,2026-04-06 11:37:36.952,CANCELLED,accepted,,2026-09-11 07:11:20.746785+00:00
B1848,f47ef007523d725b0cb5ed45c86151b6add46a26110a2148bd9892c7468949e1,SJ231,2025-05-19 11:37:36.952,CANCELLED,accepted,,2026-09-11 07:11:20.746785+00:00
B1850,671668fdffdc0602285b80e20898a2156518797d0f405d028fd6199dae3e42c2,6F110,2025-04-21 11:37:36.952,PENDING,accepted,,2026-09-11 07:11:20.746785+00:00
B1851,5ea631c2a837e8d0130ef3e33d2b2b8dc2c8d6c2c8a88c8db0d41cdb9eb15c59,6F231,2025-11-26 11:37:36.952,PENDING,accepted,,2026-09-11 07:11:20.746785+00:00
B1852,6446499f597d3e9e879648fe3c8081f3928f7f4c927de668e2f9ffdc8f134771,6F095,2025-08-09 11:37:36.952,CONFIRMED,accepted,,2026-09-11 07:11:20.746785+00:00
B1853,dcd590f2f6b9075979f2b062fc472262e7e9af73f86a4ffb8b7547ac437c0e1e,UK054,2025-05-05 11:37:36.952,CONFIRMED,accepted,,2026-09-11 07:11:20.746785+00:00
B1854,d5647be1e1c7203e676077f05ee1de518ccf542e693cd6f90646399b7410fdd6,SJ123,2025-08-10 11:37:36.952,CONFIRMED,accepted,,2026-09-11 07:11:20.746785+00:00
B1855,6b1498880383bd9ee36592399d2b2b024e98f1ed88d0df7e85b17ba92adf6d41,6F006,2026-01-04 11:37:36.952,PENDING,accepted,,2026-09-11 07:11:20.746785+00:00
B1856,7a967c93c30793109897471a54a74bffe00bfbc08ebdb5e0281bcf1b7d320c28,UK226,2025-05-04 11:37:36.952,PENDING,accepted,,2026-09-11 07:11:20.746785+00:00
B1857,5e1101238387bb2352c98ddc4880a18c9eeac5df79626620edaf90eab759f9d7,AI065,2026-03-07 11:37:36.952,PENDING,accepted,,2026-09-11 07:11:20.746785+00:00
B1859,6a6add09a9b90f633616001806d670ebbbabc3219723ae5e523fb7bafa52fb72,AI195,2025-11-11 11:37:36.952,PENDING,accepted,,2026-09-11 07:11:20.746785+00:00
B1861,1c5d6f1575aa762a4fc7e17eef8f36dcb9b514fef58aa26d4dd6c679166984d0,AI125,2025-10-15 11:37:36.952,CONFIRMED,accepted,,2026-09-11 07:11:20.746785+00:00
B1862,9bd9031485972c3748d749ea6b8954ca2493171f834dfe7364717ba89bdc2d15,AI089,2025-10-05 11:37:36.952,PENDING,accepted,,2026-09-11 07:11:20.746785+00:00
B1863,fa679f8c1ff11f2621912069aa26e794e1ec4372fffaec3795668aec6b1afb21,UK019,2026-02-12 11:37:36.952,CONFIRMED,accepted,,2026-09-11 07:11:20.746785+00:00
B1864,6e87aca372740351bb93fa6583f2e440476271d6233fce02f95031864662667d,UK078,2025-09-27 11:37:36.952,CANCELLED,accepted,,2026-09-11 07:11:20.746785+00:00
B1865,877cbf21c2ff938fc47e673587de9f2958de29516caada87090d6eeace342c4d,SJ009,2025-07-28 11:37:36.952,CANCELLED,accepted,,2026-09-11 07:11:20.746785+00:00
B1866,0ec7791a73871e8b0861aa10cb6463f2fb14662de661dee674a163a0715826c8,UK178,2026-01-28 11:37:36.952,CONFIRMED,accepted,,2026-09-11 07:11:20.746785+00:00
B1867,49bb6da47d7a25b60b28f17c3cf7350e3d0dc1b879e235900e6a6a4f5a426a66,UK018,2025-11-23 11:37:36.952,CONFIRMED,accepted,,2026-09-11 07:11:20.746785+00:00
B1868,50293d25cf4a99712ebc7d5d74d6b0b3c9b6d964504605d2ae5c6e91e4249a64,SJ059,2026-04-10 11:37:36.952,CANCELLED,accepted,,2026-09-11 07:11:20.746785+00:00
B1869,eb9a761227deb1de00a4452b1e84204ef6dedc21fbca06262c57e20d844063a6,UK108,2026-02-04 11:37:36.952,CONFIRMED,accepted,,2026-09-11 07:11:20.746785+00:00
B1870,f40f2a3a4d5194f711459d19a504a8e5ee88d45ecca326082187b9d8ffc428b6,6F045,2025-04-25 11:37:36.952,CANCELLED,accepted,,2026-09-11 07:11:20.746785+00:00
B1871,7b9fd9ca8e1d9b31a437014b6f338f3d456852c8b6f4f9f5919164d117896174,AI144,2025-10-04 11:37:36.952,CANCELLED,accepted,,2026-09-11 07:11:20.746785+00:00
B1872,13511c79ddb8f7887ff2400d064d86899d0cbb5b6c3a673da5597c61738f06d3,AI244,2025-07-09 11:37:36.952,PENDING,accepted,,2026-09-11 07:11:20.746785+00:00
B1873,3b199b4ed262a02877397cc65263e91adc453e54cfa725f205a48b9739554c61,6F265,2025-04-25 11:37:36.952,CONFIRMED,accepted,,2026-09-11 07:11:20.746785+00:00
B1874,0e808fad04b00bf6fbdbf468743239dbbb6c86cf7aac6f0afb0bba3a70d853e1,6F108,2026-01-26 11:37:36.952,CONFIRMED,accepted,,2026-09-11 07:11:20.746785+00:00
B1875,92b9f124e1a6b050d0707da59d0f27fe41038efc0be94bc4650e26f0a4252653,6F069,2025-06-17 11:37:36.952,PENDING,accepted,,2026-09-11 07:11:20.746785+00:00
B1876,ede70c546f582e9014ac4f6f4871e870d22f9c99532dac14aec4c7a34bb55461,6F072,2025-06-14 11:37:36.952,CANCELLED,accepted,,2026-09-11 07:11:20.746785+00:00
B1877,bc5bab79e7ba1df1290bcf11fa1c46dd95fb3c8085f1ca47e2388c0b2102741d,6F096,2025-11-09 11:37:36.952,CONFIRMED,accepted,,2026-09-11 07:11:20.746785+00:00
B1878,87e9d02792784968a8d1c0f594e8272c98d7cf4c4415d95022225a2d6a358a09,SJ233,2025-12-31 11:37:36.952,PENDING,accepted,,2026-09-11 07:11:20.746785+00:00
B1879,327e283dbe43266b66986ea3bdcc28c62fd15dc57ff5dfc8e76399f7f981fbb8,AI203,2025-12-03 11:37:36.952,PENDING,accepted,,2026-09-11 07:11:20.746785+00:00
B1880,db0374e13272ca563f9ac6e8927c569ef6f97af0892a8093b2a1dee50872f23a,UK147,2026-03-08 11:37:36.952,CONFIRMED,accepted,,2026-09-11 07:11:20.746785+00:00
B1881,d4555caa6a341a2f3590063d39b260afbe29bf6866d68d257e841de626073c2b,UK039,2025-08-26 11:37:36.952,PENDING,accepted,,2026-09-11 07:11:20.746785+00:00
B1882,0f784db0bef5238be3a8f8f3c58b7a9114f502e4df3676d81457b9f42f92b9e3,6F216,2025-10-17 11:37:36.952,CANCELLED,accepted,,2026-09-11 07:11:20.746785+00:00
B1883,f1bb55d09dc8a5653885655dfe85a9e28174b8d10ea3416e9b1c917bb2b8c3be,AI214,2025-11-17 11:37:36.952,PENDING,accepted,,2026-09-11 07:11:20.746785+00:00
B1884,e18af6500917bbbc8ba9fece7299b6ca4c561bdfee04a1f49f584afd0a104ef7,UK025,2025-08-31 11:37:36.952,CANCELLED,accepted,,2026-09-11 07:11:20.746785+00:00
B1885,e7ee386bc3c52c0a81ae0034c3824fb28018e34c36f71d7011818af757577d9c,UK053,2025-08-10 11:37:36.952,CANCELLED,accepted,,2026-09-11 07:11:20.746785+00:00
B1887,c42af6a815398267842302e273f2c508fa18c630e9a030667348ac1859182079,6F247,2026-03-09 11:37:36.952,PENDING,accepted,,2026-09-11 07:11:20.746785+00:00
B1888,f38c7306bbb08f177edb5cadd34dd749be99032b8699b096393b0e7ad0d720cd,6F159,2025-12-25 11:37:36.952,CANCELLED,accepted,,2026-09-11 07:11:20.746785+00:00
B1889,50e31cae9450d80573e7de82a91065ac49e64380a0ab5217fa03654c2aaf56c9,UK086,2026-02-24 11:37:36.952,CANCELLED,accepted,,2026-09-11 07:11:20.746785+00:00
B1890,0b4db9b737910f9b5dca83ffc25950588078857e6dea89ce8278d20792ce6e9f,6F102,2025-08-30 11:37:36.952,PENDING,accepted,,2026-09-11 07:11:20.746785+00:00
B1891,7f947bfa3b2b50b605e20f757e40e85c9a49e23d73cec5cede1b55ff96a33093,UK186,2026-01-26 11:37:36.952,CANCELLED,accepted,,2026-09-11 07:11:20.746785+00:00
B1892,5cd4ebccf4c4f614278dd2a1554088b879a5143a76a2135845ac2c9863b1a465,6F032,2025-08-24 11:37:36.952,PENDING,accepted,,2026-09-11 07:11:20.746785+00:00
B1893,b1d56b4194d1f376db1407828e4bcbf9b8da3584817d1043666ce68b4c1714ea,6F186,2025-08-02 11:37:36.952,CONFIRMED,accepted,,2026-09-11 07:11:20.746785+00:00
B1894,3b05d9a116f6030634de8c9fe5da5f0f77e9d476700064feaa021ebeb5964175,6F106,2026-02-24 11:37:36.952,CANCELLED,accepted,,2026-09-11 07:11:20.746785+00:00
B1895,6add9abe86094f1cd908a9b89904755c44261c795ed4997cc25f588e8c5a6c62,AI021,2025-10-05 11:37:36.952,CANCELLED,accepted,,2026-09-11 07:11:20.746785+00:00
B1896,0a7e8342a941e87f546e455b0fc951896f010c93dd039691dae1345903fa9fc9,AI157,2025-11-30 11:37:36.952,PENDING,accepted,,2026-09-11 07:11:20.746785+00:00
B1897,2abb59b7621abaa964ab59171122e5ca6f54b3b6b9be156d3832683ddd1044e0,6F054,2025-11-01 11:37:36.952,PENDING,accepted,,2026-09-11 07:11:20.746785+00:00
B1898,5d779ef815edd93c7b1d5956ada958b6d59b79d01aae29ca98bb088fac37c77a,AI187,2025-10-03 11:37:36.952,PENDING,accepted,,2026-09-11 07:11:20.746785+00:00
B1899,16062fe1bf30957ceef112a11f53ac5d051285272113181627c1e517cfd97313,SJ124,2025-09-28 11:37:36.952,PENDING,accepted,,2026-09-11 07:11:20.746785+00:00
B1900,dd3e9c4d3539d43d095e9150ef75ff367b6799b2a2f56e727d1c5ecaa7660662,SJ223,2025-10-06 11:37:36.952,CANCELLED,accepted,,2026-09-11 07:11:20.746785+00:00
B1901,c4afe5bb89e4ca677cc4701a5fa13f223d3864b0a8cda7744d9b0515c9533ff1,UK103,2025-04-25 11:37:36.952,CONFIRMED,accepted,,2026-09-11 07:11:20.746785+00:00
B1902,5f6517497e48e3c5ea5be96ba23874050ee5b55b13f8dac36a1861adada5d251,SJ157,2026-02-08 11:37:36.952,CONFIRMED,accepted,,2026-09-11 07:11:20.746785+00:00
B1903,d0d4959312ec6282aef891f386a83216e1b358cc8cc62146c2ec6679476402cc,6F242,2025-11-06 11:37:36.952,CONFIRMED,accepted,,2026-09-11 07:11:20.746785+00:00
B1904,a1bed5bed723f75b6b6aad8149a8ddbfe11b77ecfb570e0f78fe17fda8650877,UK213,2025-07-01 11:37:36.952,CONFIRMED,accepted,,2026-09-11 07:11:20.746785+00:00
B1905,fa0e0494e69bb5f9d62a74b205d188d847eb9590a68df572b8b8585486f865f7,SJ120,2026-02-13 11:37:36.952,PENDING,accepted,,2026-09-11 07:11:20.746785+00:00
B1906,31c3cf26763eb8a78589b41bf808cd7d333142ef77cb1cce05448b6007c40842,AI035,2025-08-11 11:37:36.952,CANCELLED,accepted,,2026-09-11 07:11:20.746785+00:00
B1907,4d7a3dc51aeb1dbe31e5c9ec6503526e50b86622d619666d789d29818e39803e,6F147,2026-01-14 11:37:36.952,CANCELLED,accepted,,2026-09-11 07:11:20.746785+00:00
B1908,084335d1330d77a535207f0cc68feb7298e28f9780480ccd2e3c8967161c3669,SJ229,2025-08-09 11:37:36.952,CANCELLED,accepted,,2026-09-11 07:11:20.746785+00:00
B1909,a96e8987153a7d6467e157d7ce0a0d4f9833e8c3a1a37fe254fa870de33e8dff,AI230,2025-11-14 11:37:36.952,PENDING,accepted,,2026-09-11 07:11:20.746785+00:00
B1910,7abaf2d173b3a291393fc098f9d9eb0f68cc642be0739080821a56d9706dc47d,UK162,2025-06-10 11:37:36.952,CANCELLED,accepted,,2026-09-11 07:11:20.746785+00:00
B1911,e212e06e5790a1040503d9c384112c5d16672c758f6c3355fdf9d657cc20d009,AI066,2025-05-29 11:37:36.952,PENDING,accepted,,2026-09-11 07:11:20.746785+00:00
B1912,6efb47886f74636ae2f81731108329dd371acb1240600afa41230b8a7e7179b3,6F205,2025-09-09 11:37:36.952,CANCELLED,accepted,,2026-09-11 07:11:20.746785+00:00
B1913,b2f001077f80146f6789c203094e1946e8af4c1eccf3bac1e2513657b0ecfc6b,AI124,2025-05-24 11:37:36.952,CONFIRMED,accepted,,2026-09-11 07:11:20.746785+00:00
B1914,eac767acc889599e2b2c4a0d986a9142131861712125cf58128fc3ceecbb3c60,UK114,2025-10-19 11:37:36.952,PENDING,accepted,,2026-09-11 07:11:20.746785+00:00
B1915,88d82910bebbc3eed24348718a2a22c9f1854131f6964c12d3686fc411225218,AI231,2025-06-03 11:37:36.952,CANCELLED,accepted,,2026-09-11 07:11:20.746785+00:00
B1916,223255424ae47b2a6f44db86ecc29a0126ef10167031899a2a53e634caac0b5d,AI113,2025-10-30 11:37:36.952,CONFIRMED,accepted,,2026-09-11 07:11:20.746785+00:00
B1918,a93ae770d705e361304db3fd9066228f74b58b5b17e9a1a38a3a951a8e3ffd05,UK180,2025-10-07 11:37:36.952,CONFIRMED,accepted,,2026-09-11 07:11:20.746785+00:00
B1919,6657cdec29168b2da3e78289b0af60c8920accedba8d8a47ab8d9865e3801190,6F080,2026-03-17 11:37:36.952,PENDING,accepted,,2026-09-11 07:11:20.746785+00:00
B1920,91b45e69c9d40241464225f623c5f2cfaa6f8f3474e56a1047b48f60be46041f,SJ095,2025-05-11 11:37:36.952,PENDING,accepted,,2026-09-11 07:11:20.746785+00:00
B1921,8ec86347f0a03310395627145bb95cccd7699e135cf58b9deaddef6e8142dd3d,SJ115,2025-04-24 11:37:36.952,CANCELLED,accepted,,2026-09-11 07:11:20.746785+00:00
B1922,de23fb84499abb88c2dc5d96c341f6096f0ccfc6757d69d500cd94c3b88b3ac5,AI142,2025-05-14 11:37:36.952,CONFIRMED,accepted,,2026-09-11 07:11:20.746785+00:00
B1923,a6ea6d7ecb092e857a427e1041aeee16c6b9da64dd7ac9386b2b2c56217490b8,UK169,2025-11-28 11:37:36.952,CANCELLED,accepted,,2026-09-11 07:11:20.746785+00:00
B1924,a96e8987153a7d6467e157d7ce0a0d4f9833e8c3a1a37fe254fa870de33e8dff,SJ041,2025-05-04 11:37:36.952,CANCELLED,accepted,,2026-09-11 07:11:20.746785+00:00
B1925,5ed41a21c0dbae46b9650c078b6b9c7fa023a3670bca082e104f5ee0866b6104,UK171,2025-04-20 11:37:36.952,CONFIRMED,accepted,,2026-09-11 07:11:20.746785+00:00
B1926,798bc7c33b0b3ec7142bfafcb7c212afc16e9ab501f48843612e72e368cd1c2c,AI081,2025-11-27 11:37:36.952,CANCELLED,accepted,,2026-09-11 07:11:20.746785+00:00
B1927,b30baf3e0a4fdf26663978d677b9b4ae2cd098e25b207bba93bce306e6c1267b,AI162,2026-01-28 11:37:36.952,PENDING,accepted,,2026-09-11 07:11:20.746785+00:00
B1928,64b61d22f55f10858147c7c51d3c4b9a7698edcabf10aa4b818181c81b84fb18,SJ037,2026-01-23 11:37:36.952,CANCELLED,accepted,,2026-09-11 07:11:20.746785+00:00
B1929,82cba022672bc9336eae8ddd392ed251bacd8433aad4334565dd044b57abe609,SJ037,2025-11-05 11:37:36.952,CONFIRMED,accepted,,2026-09-11 07:11:20.746785+00:00
B1930,8c8149d3098e7d2157431eec3f03418acd0236e4da0f325bedf8152461440f9b,UK080,2025-12-16 11:37:36.952,PENDING,accepted,,2026-09-11 07:11:20.746785+00:00
B1931,db84d7cd166c280b3dfe8ee00b5792635bb7ed40bdc866ee2b2f66151297bcf7,SJ031,2025-09-26 11:37:36.952,PENDING,accepted,,2026-09-11 07:11:20.746785+00:00
B1932,4b2296211e88f5854f5c654d970b7e7d9bd03a885aadd1ab3ce20aa3bbb7d6b4,AI199,2025-12-28 11:37:36.952,CANCELLED,accepted,,2026-09-11 07:11:20.746785+00:00
B1933,1854ecdbecf05141215eb3d5dc18eb166024c872ff46511cff01cede363881ea,6F082,2025-05-28 11:37:36.952,CANCELLED,accepted,,2026-09-11 07:11:20.746785+00:00
B1934,9f9d8b7950589c243daf9a381766d7a2d05ad6d9bd4311e98a726e6fcc23f0dd,UK217,2026-04-12 11:37:36.952,PENDING,accepted,,2026-09-11 07:11:20.746785+00:00
B1935,01e297ec6c21903912a96da1554f79bf7d1461df2ac841d7d8dc919febe99dee,UK014,2026-04-13 11:37:36.952,CANCELLED,accepted,,2026-09-11 07:11:20.746785+00:00
B1936,bbfd4d82bdadbf723acd2f526c28550496ef53b80f3754e02657e90fb77a0ecd,SJ180,2026-01-11 11:37:36.952,CONFIRMED,accepted,,2026-09-11 07:11:20.746785+00:00
B1937,db0374e13272ca563f9ac6e8927c569ef6f97af0892a8093b2a1dee50872f23a,6F268,2026-02-19 11:37:36.952,CANCELLED,accepted,,2026-09-11 07:11:20.746785+00:00
B1938,d4400717a61623e3b28abd1f0707dfa337b8ae9a2d06ece4b3c3817a7686d4fc,UK205,2026-04-07 11:37:36.952,CANCELLED,accepted,,2026-09-11 07:11:20.746785+00:00
B1939,97681f039ef6f721ecf4a1cb6c3402f94f98737ff8c7841eec0df5dd87e82e18,SJ212,2025-07-22 11:37:36.952,PENDING,accepted,,2026-09-11 07:11:20.746785+00:00
B1940,2a933b3bff113d34d5a5fd25f0b55ab47202deb2fca15c001e97749561f91726,UK052,2025-06-25 11:37:36.952,CANCELLED,accepted,,2026-09-11 07:11:20.746785+00:00
B1941,decf8c602d0acac4a7a857247c82ac4f1e9c580f1d786039fed3342c286ae18f,UK230,2025-06-13 11:37:36.952,CANCELLED,accepted,,2026-09-11 07:11:20.746785+00:00
B1942,71a30941bf0c1d6a93d5ff7de4e60d32f2d91d10b14a3e2668a5370110a75028,AI145,2025-07-18 11:37:36.952,CANCELLED,accepted,,2026-09-11 07:11:20.746785+00:00
B1943,335567d97de26457499a42dd1b4deea4448bddcc8c60311b1a56b38a1ef05530,SJ035,2026-03-13 11:37:36.952,CONFIRMED,accepted,,2026-09-11 07:11:20.746785+00:00
B1944,4219b18b3be87e2a401af9d424b14a97395cd971ccf69033f45242ce2329bb8e,SJ184,2025-07-20 11:37:36.952,CANCELLED,accepted,,2026-09-11 07:11:20.746785+00:00
B1945,edd18d1201964fd7c838fb9940d6a75bbea192267f0682c67f3bec0307c204a1,6F207,2025-11-03 11:37:36.952,CONFIRMED,accepted,,2026-09-11 07:11:20.746785+00:00
B1946,507e79a79698889598307c42ead137da078907eba9a0643d5a36f3f8b8f9ab24,UK144,2026-03-30 11:37:36.952,CONFIRMED,accepted,,2026-09-11 07:11:20.746785+00:00
B1947,48e3ac3c934246517a10ada9fe473f742bb6d3dcd9bb54defb4887791662026b,AI126,2025-10-22 11:37:36.952,CONFIRMED,accepted,,2026-09-11 07:11:20.746785+00:00
B1948,d48b4eb770c309d1945f386650d85c61f938db17a3a4efec50c93e4dd1b160e1,SJ145,2025-05-19 11:37:36.952,CONFIRMED,accepted,,2026-09-11 07:11:20.746785+00:00
B1949,76b393ca0e53a9cfa07d32d2f8d2155a21a7d5f8f830d139707d466418ef5747,6F040,2025-05-16 11:37:36.952,PENDING,accepted,,2026-09-11 07:11:20.746785+00:00
B1950,e212e06e5790a1040503d9c384112c5d16672c758f6c3355fdf9d657cc20d009,UK049,2025-06-15 11:37:36.952,CONFIRMED,accepted,,2026-09-11 07:11:20.746785+00:00
B1951,506a883a7134986b56856eebae559d432386d9fb46d1ac3ab42aaf613a0c3787,UK049,2026-03-18 11:37:36.952,CANCELLED,accepted,,2026-09-11 07:11:20.746785+00:00
B1952,d0b159f4394a58092948774e4ae5768ffaf6a49d6f20c2dc2ccd924930eb873c,AI087,2025-10-18 11:37:36.952,CONFIRMED,accepted,,2026-09-11 07:11:20.746785+00:00
B1953,2a9b9a14ad96eda43a399e55b743351b2506bd9e83bc4227603e9d506c9528b3,AI152,2025-05-24 11:37:36.952,CANCELLED,accepted,,2026-09-11 07:11:20.746785+00:00
B1954,868c6886af818783b8f6c92e1f362b761aa8fad3f2eff9b03952865923d67b17,SJ240,2025-11-06 11:37:36.952,CONFIRMED,accepted,,2026-09-11 07:11:20.746785+00:00
B1955,0a915308c6f3416724b34401377d0e3231c3aca35fd7f946b386690f30d0423c,AI212,2025-09-14 11:37:36.952,PENDING,accepted,,2026-09-11 07:11:20.746785+00:00
B1956,8487ba5efcf920107dd6c1ff6722d68a7d26f93ab5b805e25ec8acde8490ce9f,AI064,2025-09-21 11:37:36.952,CONFIRMED,accepted,,2026-09-11 07:11:20.746785+00:00
B1957,6fe50debeb6fc0f91e34d5557eab398b0fce6b1e6c9abb3620a7edc254906246,6F093,2025-06-07 11:37:36.952,CONFIRMED,accepted,,2026-09-11 07:11:20.746785+00:00
B1958,74340e28d64cefd91438c4c2ecdb4c6e6e125c7fbbb987ae927d245f157291d1,AI118,2025-04-28 11:37:36.952,PENDING,accepted,,2026-09-11 07:11:20.746785+00:00
B1959,6fddfad9112192f4534398dd155ded92d058a16664394421819a726f2eaee056,AI172,2025-12-19 11:37:36.952,CONFIRMED,accepted,,2026-09-11 07:11:20.746785+00:00
B1960,04f6acbaafc7dd8e7b9465bbe76ccfc883b473bf655c64a67925f25d9cd6bfe6,6F183,2026-01-30 11:37:36.952,CANCELLED,accepted,,2026-09-11 07:11:20.746785+00:00
B1961,2f39619080c17d6bd2bf766477e44d4bddbce2a9d86187e0aa7cb8435a3e3fd6,6F200,2025-07-15 11:37:36.952,CONFIRMED,accepted,,2026-09-11 07:11:20.746785+00:00
B1962,fa75e7ff1db167ca65e324fd7793c8df39f300ad79f10ecd1d0e0f8ad069bc7a,SJ077,2025-12-23 11:37:36.952,CONFIRMED,accepted,,2026-09-11 07:11:20.746785+00:00
B1963,82cba022672bc9336eae8ddd392ed251bacd8433aad4334565dd044b57abe609,UK030,2026-02-24 11:37:36.952,CONFIRMED,accepted,,2026-09-11 07:11:20.746785+00:00
B1964,414541e0491b35df59f11c7c15ec7361804eaa3e1a2829064ba1eb16238974e2,SJ232,2025-05-21 11:37:36.952,PENDING,accepted,,2026-09-11 07:11:20.746785+00:00
B1965,e776f55a09816419aac315d9cdd6fa07e00c1bd98550d998c6696b448f083113,6F090,2026-01-29 11:37:36.952,CONFIRMED,accepted,,2026-09-11 07:11:20.746785+00:00
B1966,038c5bb3db2c8f8221b2e49224f6dcc66ae57662a0d81eb3d1a62001bf6d8623,UK002,2025-11-06 11:37:36.952,CONFIRMED,accepted,,2026-09-11 07:11:20.746785+00:00
B1967,64b15cfdb2ef129c4b355f53c95e9b9626da1cd59050b0fcdbf78235e9e6ddb3,AI154,2025-07-03 11:37:36.952,CANCELLED,accepted,,2026-09-11 07:11:20.746785+00:00
B1968,ceb53c77ef4bb47b88b90ce6a16f9035c5a193c1576789b001e70d41d862a9bb,6F089,2025-10-11 11:37:36.952,CONFIRMED,accepted,,2026-09-11 07:11:20.746785+00:00
B1969,f728cc4015c1e584224bf3dda3f4e770d511cdae3750c21a6896fd1a8b1d24f6,6F218,2026-04-08 11:37:36.952,CONFIRMED,accepted,,2026-09-11 07:11:20.746785+00:00
B1970,962d2bef871e6516973ff0f200d4ff5aa776bad11f08ade074ca435ddc902fcc,6F241,2025-11-26 11:37:36.952,CONFIRMED,accepted,,2026-09-11 07:11:20.746785+00:00
B1971,da29efe657714f8c62202fe0382613a1d2a6ab7d786ff3f2a2be887d865d4f52,6F116,2025-08-20 11:37:36.952,CONFIRMED,accepted,,2026-09-11 07:11:20.746785+00:00
B1972,bc5bab79e7ba1df1290bcf11fa1c46dd95fb3c8085f1ca47e2388c0b2102741d,UK199,2025-04-18 11:37:36.952,CANCELLED,accepted,,2026-09-11 07:11:20.746785+00:00
B1973,f47ef007523d725b0cb5ed45c86151b6add46a26110a2148bd9892c7468949e1,SJ033,2025-04-28 11:37:36.952,CANCELLED,accepted,,2026-09-11 07:11:20.746785+00:00
B1974,d4b322fd46491bf25294c8ba6d210c9d64e34edf25d984115d62c400e512c37a,AI210,2025-08-03 11:37:36.952,PENDING,accepted,,2026-09-11 07:11:20.746785+00:00
B1976,fb30c6012f7bcd339bc4b9d20046fe86bb93952c75b6f6a5b6fc17288ccca75a,AI229,2025-08-27 11:37:36.952,PENDING,accepted,,2026-09-11 07:11:20.746785+00:00
B1977,ed9aa58ffb5132cdebb750bf9dab83c62af567d49867f18d7eca167e163a7602,UK005,2026-01-01 11:37:36.952,PENDING,accepted,,2026-09-11 07:11:20.746785+00:00
B1978,7e078ff49d6461cbd53e4ca51bbf76f8e8155f88159a030aada82c73f3d03850,SJ080,2025-12-07 11:37:36.952,CONFIRMED,accepted,,2026-09-11 07:11:20.746785+00:00
B1979,76db5aea3b6b233584db9dd4995a4542ba51f2895ab5d5ecd30afbc2ed431c79,SJ092,2025-12-02 11:37:36.952,CANCELLED,accepted,,2026-09-11 07:11:20.746785+00:00
B1980,9f1ffe7ce1fea46c9cefbdc826f8bda9fffdf640d831e093154341d602344523,SJ055,2025-12-04 11:37:36.952,CANCELLED,accepted,,2026-09-11 07:11:20.746785+00:00
B1981,3c30b2d6f533eaa0bdccadbdd9bd4f1ae2778368b82f487ef03866571eb76dc2,AI239,2025-05-17 11:37:36.952,CONFIRMED,accepted,,2026-09-11 07:11:20.746785+00:00
B1984,8220298aa76ef82b44ad121697c3c7a712ecc5c3ee5137c85f44716f132bf356,6F198,2025-04-25 11:37:36.952,CONFIRMED,accepted,,2026-09-11 07:11:20.746785+00:00
B1985,b49a2f1bb6879b7aaeb037c16a9b90e7063fd11be3006016391ec5720551043d,6F239,2025-09-28 11:37:36.952,CONFIRMED,accepted,,2026-09-11 07:11:20.746785+00:00
B1986,a5cb9f46bfaa2aca7e4a058d4c0363b948a5f4d79e4fcb47e4b2b6e39f6bb0c7,SJ177,2025-10-07 11:37:36.952,CONFIRMED,accepted,,2026-09-11 07:11:20.746785+00:00
B1987,a596319a240859ff310fedac7a3ff412b2ac662fba3648abd400923e9e0226fd,6F044,2026-03-12 11:37:36.952,CANCELLED,accepted,,2026-09-11 07:11:20.746785+00:00
B1988,e54ee32533589852ce9d91cd7e0270e04341eda8647daf35038209ced2c4cb0c,6F248,2026-02-17 11:37:36.952,PENDING,accepted,,2026-09-11 07:11:20.746785+00:00
B1990,0ace203e0cb58c9cded2bfff5636a31bfd1be362b318db3d884eecae804b903f,SJ197,2026-03-31 11:37:36.952,CONFIRMED,accepted,,2026-09-11 07:11:20.746785+00:00
B1991,c1f02247e307c3d91e41079445d674df205c43a4ab745157d0b60a6f85413397,UK091,2026-01-14 11:37:36.952,CANCELLED,accepted,,2026-09-11 07:11:20.746785+00:00
B1992,b8d9af9ba69c7e99d0b77d36bae1cefa5f2ae0029cb49e01603163f32cfef296,6F215,2025-04-25 11:37:36.952,CONFIRMED,accepted,,2026-09-11 07:11:20.746785+00:00
B1993,fff19b2eb890c8ecb08337b7ea7654ba35fee401da97cd2da6a26ad16ac7b4fa,AI093,2026-03-11 11:37:36.952,CANCELLED,accepted,,2026-09-11 07:11:20.746785+00:00
B1994,a18128cc19a42bf3cbd18839bff62eaf1bcec9136b592ec19a896e685b53ccfd,UK090,2026-03-31 11:37:36.952,CONFIRMED,accepted,,2026-09-11 07:11:20.746785+00:00
B1995,5de8cabecc927309d4707e84e485cb12c786274ec76edde7214bdba72d48d29a,SJ005,2025-11-20 11:37:36.952,CANCELLED,accepted,,2026-09-11 07:11:20.746785+00:00
B1996,d09b24ce335379f383d6dc25d4a9d3d47aeeb3fb7ff25f4ffe8131e43067d1b7,UK106,2025-08-08 11:37:36.952,CANCELLED,accepted,,2026-09-11 07:11:20.746785+00:00
B1997,90feb8f0f3dbbc91abffe951b145a98e1a4393a70296ac03b25e005cfedb5aea,6F223,2025-05-03 11:37:36.952,PENDING,accepted,,2026-09-11 07:11:20.746785+00:00
B1998,b8604b59a1c57aad8f12959cb93ae13e4949f45c0d73d5e5bc640cf1675308f7,6F011,2025-10-23 11:37:36.952,CONFIRMED,accepted,,2026-09-11 07:11:20.746785+00:00
