flight_id,airline,source,destination,departure_time,arrival_time,duration,duration_minutes,is_overnight,route,flight_instance_key,reject_reason,record_status,processed_at
SJ010,SpiceJet,CCU,MAA,2026-04-20 23:38:41.701,2026-04-21 02:32:41.701,02:54:00,174.0,True,CCU-MAA,SJ010_20260420233841,,accepted,2026-09-11 07:11:20.739575+00:00
AI155,Air India,BOM,CCU,2026-04-20 23:35:41.703,2026-04-21 01:23:41.703,01:48:00,108.0,True,BOM-CCU,AI155_20260420233541,,accepted,2026-09-11 07:11:20.739575+00:00
UK094,Vistara,BOM,CCU,2026-04-20 23:26:41.702,2026-04-21 01:11:41.702,01:45:00,105.0,True,BOM-CCU,UK094_20260420232641,,accepted,2026-09-11 07:11:20.739575+00:00
AI245,Air India,BOM,CCU,2026-04-20 23:07:41.704,2026-04-21 01:43:41.704,02:36:00,156.0,True,BOM-CCU,AI245_20260420230741,,accepted,2026-09-11 07:11:20.739575+00:00
AI192,Air India,MAA,BOM,2026-04-20 23:05:41.703,2026-04-21 04:04:41.703,04:59:00,299.0,True,MAA-BOM,AI192_20260420230541,,accepted,2026-09-11 07:11:20.739575+00:00
SJ158,SpiceJet,DEL,HYD,2026-04-20 23:05:41.703,2026-04-21 01:24:41.703,02:19:00,139.0,True,DEL-HYD,SJ158_20260420230541,,accepted,2026-09-11 07:11:20.739575+00:00
6F196,IndiGo,CCU,MAA,2026-04-20 23:04:41.703,2026-04-21 00:47:41.703,01:43:00,103.0,True,CCU-MAA,6F196_20260420230441,,accepted,2026-09-11 07:11:20.739575+00:00
AI080,Air India,BOM,HYD,2026-04-20 23:03:41.702,2026-04-21 00:35:41.702,01:32:00,92.0,True,BOM-HYD,AI080_20260420230341,,accepted,2026-09-11 07:11:20.739575+00:00
6F025,IndiGo,BLR,BOM,2026-04-20 23:02:41.701,2026-04-20 23:57:41.701,00:55:00,55.0,False,BLR-BOM,6F025_20260420230241,,accepted,2026-09-11 07:11:20.739575+00:00
6F251,Unknown,DEL,BLR,2026-04-20 22:56:41.703,2026-04-20 23:37:41.703,00:41:00,41.0,False,DEL-BLR,6F251_20260420225641,,accepted,2026-09-11 07:11:20.739575+00:00
AI137,Air India,BOM,DEL,2026-04-20 22:49:41.702,2026-04-21 01:17:41.702,02:28:00,148.0,True,BOM-DEL,AI137_20260420224941,,accepted,2026-09-11 07:11:20.739575+00:00
6F026,IndiGo,BOM,CCU,2026-04-20 22:46:42.000,2026-04-21 03:13:42.000,04:27:00,267.0,True,BOM-CCU,6F026_20260420224642,,accepted,2026-09-11 07:11:20.739575+00:00
UK167,Vistara,DEL,MAA,2026-04-20 22:45:41.703,2026-04-21 01:46:41.703,03:01:00,181.0,True,DEL-MAA,UK167_20260420224541,,accepted,2026-09-11 07:11:20.739575+00:00
UK027,Vistara,BOM,CCU,2026-04-20 22:44:41.701,2026-04-21 01:05:41.701,02:21:00,141.0,True,BOM-CCU,UK027_20260420224441,,accepted,2026-09-11 07:11:20.739575+00:00
AI069,Unknown,DEL,BOM,2026-04-20 22:43:41.702,2026-04-21 02:29:41.702,03:46:00,226.0,True,DEL-BOM,AI069_20260420224341,,accepted,2026-09-11 07:11:20.739575+00:00
AI058,Air India,BOM,CCU,2026-04-20 22:40:41.701,2026-04-21 00:18:41.701,01:38:00,98.0,True,BOM-CCU,AI058_20260420224041,,accepted,2026-09-11 07:11:20.739575+00:00
AI140,Air India,BOM,DEL,2026-04-20 22:25:41.702,2026-04-21 02:08:41.702,03:43:00,223.0,True,BOM-DEL,AI140_20260420222541,,accepted,2026-09-11 07:11:20.739575+00:00
SJ239,SpiceJet,BOM,CCU,2026-04-20 22:24:41.704,2026-04-21 00:10:41.704,01:46:00,106.0,True,BOM-CCU,SJ239_20260420222441,,accepted,2026-09-11 07:11:20.739575+00:00
6F099,IndiGo,MAA,DEL,2026-04-20 22:24:41.702,2026-04-20 22:59:41.702,00:35:00,35.0,False,MAA-DEL,6F099_20260420222441,,accepted,2026-09-11 07:11:20.739575+00:00
AI048,Air India,CCU,DEL,2026-04-20 22:23:41.701,2026-04-21 02:15:41.701,03:52:00,232.0,True,CCU-DEL,AI048_20260420222341,,accepted,2026-09-11 07:11:20.739575+00:00
SJ112,SpiceJet,HYD,DEL,2026-04-20 22:20:41.702,2026-04-21 00:40:41.702,02:20:00,140.0,True,HYD-DEL,SJ112_20260420222041,,accepted,2026-09-11 07:11:20.739575+00:00
6F164,IndiGo,BLR,BOM,2026-04-20 22:18:41.703,2026-04-21 00:45:41.703,02:27:00,147.0,True,BLR-BOM,6F164_20260420221841,,accepted,2026-09-11 07:11:20.739575+00:00
UK021,Vistara,HYD,MAA,2026-04-20 22:00:41.701,2026-04-20 23:50:41.701,01:50:00,110.0,False,HYD-MAA,UK021_20260420220041,,accepted,2026-09-11 07:11:20.739575+00:00
SJ172,SpiceJet,CCU,DEL,2026-04-20 21:58:41.703,2026-04-21 01:14:41.703,03:16:00,196.0,True,CCU-DEL,SJ172_20260420215841,,accepted,2026-09-11 07:11:20.739575+00:00
AI060,Air India,DEL,HYD,2026-04-20 21:58:41.701,2026-04-20 23:51:41.701,01:53:00,113.0,False,DEL-HYD,AI060_20260420215841,,accepted,2026-09-11 07:11:20.739575+00:00
SJ205,SpiceJet,HYD,CCU,2026-04-20 21:56:41.703,2026-04-20 23:00:41.703,01:04:00,64.0,False,HYD-CCU,SJ205_20260420215641,,accepted,2026-09-11 07:11:20.739575+00:00
SJ093,SpiceJet,BLR,BOM,2026-04-20 21:55:41.702,2026-04-20 23:01:41.702,01:06:00,66.0,False,BLR-BOM,SJ093_20260420215541,,accepted,2026-09-11 07:11:20.739575+00:00
6F195,IndiGo,CCU,DEL,2026-04-20 21:44:41.703,2026-04-20 22:39:41.703,00:55:00,55.0,False,CCU-DEL,6F195_20260420214441,,accepted,2026-09-11 07:11:20.739575+00:00
UK003,Unknown,HYD,DEL,2026-04-20 21:41:41.700,2026-04-21 02:19:41.700,04:38:00,278.0,True,HYD-DEL,UK003_20260420214141,,accepted,2026-09-11 07:11:20.739575+00:00
UK026,Vistara,HYD,MAA,2026-04-20 21:38:41.701,2026-04-20 23:44:41.701,02:06:00,126.0,False,HYD-MAA,UK026_20260420213841,,accepted,2026-09-11 07:11:20.739575+00:00
6F174,IndiGo,DEL,HYD,2026-04-20 21:36:41.703,2026-04-20 22:16:41.703,00:40:00,40.0,False,DEL-HYD,6F174_20260420213641,,accepted,2026-09-11 07:11:20.739575+00:00
UK067,Vistara,BOM,CCU,2026-04-20 21:36:41.701,2026-04-21 01:02:41.701,03:26:00,206.0,True,BOM-CCU,UK067_20260420213641,,accepted,2026-09-11 07:11:20.739575+00:00
SJ149,SpiceJet,HYD,MAA,2026-04-20 21:20:41.702,2026-04-20 23:20:42.000,02:00:00.298000,120.00496666666666,False,HYD-MAA,SJ149_20260420212041,,accepted,2026-09-11 07:11:20.739575+00:00
6F213,IndiGo,BLR,BOM,2026-04-20 21:05:41.703,2026-04-21 00:32:41.703,03:27:00,207.0,True,BLR-BOM,6F213_20260420210541,,accepted,2026-09-11 07:11:20.739575+00:00
UK200,Vistara,CCU,DEL,2026-04-20 20:54:41.703,2026-04-20 22:45:41.703,01:51:00,111.0,False,CCU-DEL,UK200_20260420205441,,accepted,2026-09-11 07:11:20.739575+00:00
SJ214,SpiceJet,BOM,MAA,2026-04-20 20:54:41.703,2026-04-20 22:10:41.703,01:16:00,76.0,False,BOM-MAA,SJ214_20260420205441,,accepted,2026-09-11 07:11:20.739575+00:00
SJ047,SpiceJet,HYD,BOM,2026-04-20 20:44:41.701,2026-04-20 21:21:41.701,00:37:00,37.0,False,HYD-BOM,SJ047_20260420204441,,accepted,2026-09-11 07:11:20.739575+00:00
AI179,Air India,HYD,BOM,2026-04-20 20:41:41.703,2026-04-21 01:19:41.703,04:38:00,278.0,True,HYD-BOM,AI179_20260420204141,,accepted,2026-09-11 07:11:20.739575+00:00
SJ153,SpiceJet,DEL,CCU,2026-04-20 20:37:41.702,2026-04-20 22:00:41.702,01:23:00,83.0,False,DEL-CCU,SJ153_20260420203741,,accepted,2026-09-11 07:11:20.739575+00:00
6F236,IndiGo,BOM,DEL,2026-04-20 20:35:41.704,2026-04-20 23:54:41.704,03:19:00,199.0,False,BOM-DEL,6F236_20260420203541,,accepted,2026-09-11 07:11:20.739575+00:00
UK059,Vistara,HYD,MAA,2026-04-20 20:33:41.701,2026-04-20 22:10:41.701,01:37:00,97.0,False,HYD-MAA,UK059_20260420203341,,accepted,2026-09-11 07:11:20.739575+00:00
SJ001,SpiceJet,BOM,MAA,2026-04-20 20:28:41.700,2026-04-21 01:15:41.700,04:47:00,287.0,True,BOM-MAA,SJ001_20260420202841,,accepted,2026-09-11 07:11:20.739575+00:00
SJ049,SpiceJet,CCU,DEL,2026-04-20 20:26:41.701,2026-04-21 00:26:41.701,04:00:00,240.0,True,CCU-DEL,SJ049_20260420202641,,accepted,2026-09-11 07:11:20.739575+00:00
6F086,IndiGo,MAA,HYD,2026-04-20 20:23:41.702,2026-04-20 21:00:41.702,00:37:00,37.0,False,MAA-HYD,6F086_20260420202341,,accepted,2026-09-11 07:11:20.739575+00:00
AI220,Air India,BOM,DEL,2026-04-20 20:19:41.703,2026-04-20 21:57:41.703,01:38:00,98.0,False,BOM-DEL,AI220_20260420201941,,accepted,2026-09-11 07:11:20.739575+00:00
AI188,Air India,CCU,HYD,2026-04-20 20:16:41.703,2026-04-20 23:02:41.703,02:46:00,166.0,False,CCU-HYD,AI188_20260420201641,,accepted,2026-09-11 07:11:20.739575+00:00
6F114,IndiGo,BOM,MAA,2026-04-20 20:10:41.702,2026-04-20 21:00:41.702,00:50:00,50.0,False,BOM-MAA,6F114_20260420201041,,accepted,2026-09-11 07:11:20.739575+00:00
SJ179,SpiceJet,DEL,HYD,2026-04-20 20:09:41.703,2026-04-20 23:39:41.703,03:30:00,210.0,False,DEL-HYD,SJ179_20260420200941,,accepted,2026-09-11 07:11:20.739575+00:00
6F190,IndiGo,DEL,MAA,2026-04-20 20:02:41.703,2026-04-21 00:36:41.703,04:34:00,274.0,True,DEL-MAA,6F190_20260420200241,,accepted,2026-09-11 07:11:20.739575+00:00
SJ003,SpiceJet,MAA,CCU,2026-04-20 19:50:41.701,2026-04-20 20:32:41.701,00:42:00,42.0,False,MAA-CCU,SJ003_20260420195041,,accepted,2026-09-11 07:11:20.739575+00:00
6F028,IndiGo,HYD,CCU,2026-04-20 19:49:41.701,2026-04-20 21:49:41.701,02:00:00,120.0,False,HYD-CCU,6F028_20260420194941,,accepted,2026-09-11 07:11:20.739575+00:00
UK036,Vistara,CCU,BLR,2026-04-20 19:48:41.701,2026-04-21 00:12:41.701,04:24:00,264.0,True,CCU-BLR,UK036_20260420194841,,accepted,2026-09-11 07:11:20.739575+00:00
SJ160,SpiceJet,MAA,BLR,2026-04-20 19:45:41.703,2026-04-20 20:30:41.703,00:45:00,45.0,False,MAA-BLR,SJ160_20260420194541,,accepted,2026-09-11 07:11:20.739575+00:00
6F151,IndiGo,CCU,HYD,2026-04-20 19:44:41.703,2026-04-20 22:04:41.703,02:20:00,140.0,False,CCU-HYD,6F151_20260420194441,,accepted,2026-09-11 07:11:20.739575+00:00
UK140,Vistara,MAA,BLR,2026-04-20 19:37:41.703,2026-04-20 21:00:41.703,01:23:00,83.0,False,MAA-BLR,UK140_20260420193741,,accepted,2026-09-11 07:11:20.739575+00:00
AI115,Air India,MAA,BLR,2026-04-20 19:37:41.702,2026-04-21 00:26:41.702,04:49:00,289.0,True,MAA-BLR,AI115_20260420193741,,accepted,2026-09-11 07:11:20.739575+00:00
AI132,Air India,BLR,BOM,2026-04-20 19:32:41.702,2026-04-20 21:41:41.702,02:09:00,129.0,False,BLR-BOM,AI132_20260420193241,,accepted,2026-09-11 07:11:20.739575+00:00
UK209,Unknown,MAA,BLR,2026-04-20 19:02:41.704,2026-04-20 21:47:41.704,02:45:00,165.0,False,MAA-BLR,UK209_20260420190241,,accepted,2026-09-11 07:11:20.739575+00:00
SJ043,Unknown,MAA,DEL,2026-04-20 18:59:41.701,2026-04-20 21:08:41.701,02:09:00,129.0,False,MAA-DEL,SJ043_20260420185941,,accepted,2026-09-11 07:11:20.739575+00:00
UK176,Vistara,HYD,BLR,2026-04-20 18:41:41.703,2026-04-20 22:49:41.703,04:08:00,248.0,False,HYD-BLR,UK176_20260420184141,,accepted,2026-09-11 07:11:20.739575+00:00
UK216,Vistara,MAA,HYD,2026-04-20 18:33:41.704,2026-04-20 21:47:41.704,03:14:00,194.0,False,MAA-HYD,UK216_20260420183341,,accepted,2026-09-11 07:11:20.739575+00:00
UK150,Vistara,DEL,CCU,2026-04-20 18:31:41.703,2026-04-20 19:01:41.703,00:30:00,30.0,False,DEL-CCU,UK150_20260420183141,,accepted,2026-09-11 07:11:20.739575+00:00
UK145,Vistara,BOM,HYD,2026-04-20 18:30:41.703,2026-04-20 20:41:41.703,02:11:00,131.0,False,BOM-HYD,UK145_20260420183041,,accepted,2026-09-11 07:11:20.739575+00:00
6F270,Unknown,HYD,MAA,2026-04-20 18:14:41.701,2026-04-20 19:02:41.701,00:48:00,48.0,False,HYD-MAA,6F270_20260420181441,,accepted,2026-09-11 07:11:20.739575+00:00
6F012,IndiGo,CCU,HYD,2026-04-20 18:06:41.701,2026-04-20 21:31:41.701,03:25:00,205.0,False,CCU-HYD,6F012_20260420180641,,accepted,2026-09-11 07:11:20.739575+00:00
SJ236,SpiceJet,MAA,BOM,2026-04-20 18:03:41.704,2026-04-20 22:02:41.704,03:59:00,239.0,False,MAA-BOM,SJ236_20260420180341,,accepted,2026-09-11 07:11:20.739575+00:00
6F149,IndiGo,BLR,CCU,2026-04-20 17:57:41.703,2026-04-20 20:42:41.703,02:45:00,165.0,False,BLR-CCU,6F149_20260420175741,,accepted,2026-09-11 07:11:20.739575+00:00
UK004,Vistara,BOM,CCU,2026-04-20 17:56:41.700,2026-04-20 18:30:41.700,00:34:00,34.0,False,BOM-CCU,UK004_20260420175641,,accepted,2026-09-11 07:11:20.739575+00:00
UK010,Vistara,MAA,HYD,2026-04-20 17:53:41.701,2026-04-20 20:40:41.701,02:47:00,167.0,False,MAA-HYD,UK010_20260420175341,,accepted,2026-09-11 07:11:20.739575+00:00
UK215,Vistara,BOM,DEL,2026-04-20 17:38:41.704,2026-04-20 19:50:41.704,02:12:00,132.0,False,BOM-DEL,UK215_20260420173841,,accepted,2026-09-11 07:11:20.739575+00:00
SJ116,SpiceJet,HYD,CCU,2026-04-20 17:33:41.702,2026-04-20 19:02:41.702,01:29:00,89.0,False,HYD-CCU,SJ116_20260420173341,,accepted,2026-09-11 07:11:20.739575+00:00
SJ023,SpiceJet,HYD,MAA,2026-04-20 17:27:41.701,2026-04-20 19:09:41.701,01:42:00,102.0,False,HYD-MAA,SJ023_20260420172741,,accepted,2026-09-11 07:11:20.739575+00:00
UK152,Vistara,BOM,CCU,2026-04-20 17:24:41.703,2026-04-20 20:13:41.703,02:49:00,169.0,False,BOM-CCU,UK152_20260420172441,,accepted,2026-09-11 07:11:20.739575+00:00
SJ202,SpiceJet,CCU,HYD,2026-04-20 17:21:41.703,2026-04-20 19:08:41.703,01:47:00,107.0,False,CCU-HYD,SJ202_20260420172141,,accepted,2026-09-11 07:11:20.739575+00:00
6F043,IndiGo,BOM,HYD,2026-04-20 17:17:41.701,2026-04-20 18:43:41.701,01:26:00,86.0,False,BOM-HYD,6F043_20260420171741,,accepted,2026-09-11 07:11:20.739575+00:00
UK173,Vistara,MAA,BLR,2026-04-20 17:06:41.703,2026-04-20 21:22:41.703,04:16:00,256.0,False,MAA-BLR,UK173_20260420170641,,accepted,2026-09-11 07:11:20.739575+00:00
SJ081,SpiceJet,BOM,BLR,2026-04-20 17:04:41.702,2026-04-20 18:53:41.702,01:49:00,109.0,False,BOM-BLR,SJ081_20260420170441,,accepted,2026-09-11 07:11:20.739575+00:00
UK153,Vistara,CCU,HYD,2026-04-20 16:52:41.703,2026-04-20 20:53:41.703,04:01:00,241.0,False,CCU-HYD,UK153_20260420165241,,accepted,2026-09-11 07:11:20.739575+00:00
UK187,Vistara,BLR,BOM,2026-04-20 16:52:41.703,2026-04-20 18:42:41.703,01:50:00,110.0,False,BLR-BOM,UK187_20260420165241,,accepted,2026-09-11 07:11:20.739575+00:00
UK055,Vistara,HYD,DEL,2026-04-20 16:48:41.701,2026-04-20 19:31:41.701,02:43:00,163.0,False,HYD-DEL,UK055_20260420164841,,accepted,2026-09-11 07:11:20.739575+00:00
UK181,Vistara,MAA,DEL,2026-04-20 16:44:41.703,2026-04-20 19:26:41.703,02:42:00,162.0,False,MAA-DEL,UK181_20260420164441,,accepted,2026-09-11 07:11:20.739575+00:00
UK074,Vistara,BOM,DEL,2026-04-20 16:44:41.702,2026-04-20 18:41:41.702,01:57:00,117.0,False,BOM-DEL,UK074_20260420164441,,accepted,2026-09-11 07:11:20.739575+00:00
SJ068,SpiceJet,BLR,BOM,2026-04-20 16:44:41.701,2026-04-20 18:48:41.701,02:04:00,124.0,False,BLR-BOM,SJ068_20260420164441,,accepted,2026-09-11 07:11:20.739575+00:00
AI242,Unknown,BLR,CCU,2026-04-20 16:41:41.704,2026-04-20 17:43:41.704,01:02:00,62.0,False,BLR-CCU,AI242_20260420164141,,accepted,2026-09-11 07:11:20.739575+00:00
SJ237,SpiceJet,BOM,CCU,2026-04-20 16:32:41.704,2026-04-20 19:00:41.704,02:28:00,148.0,False,BOM-CCU,SJ237_20260420163241,,accepted,2026-09-11 07:11:20.739575+00:00
6F194,IndiGo,BOM,CCU,2026-04-20 16:29:41.703,2026-04-20 18:27:41.703,01:58:00,118.0,False,BOM-CCU,6F194_20260420162941,,accepted,2026-09-11 07:11:20.739575+00:00
UK063,Vistara,DEL,BOM,2026-04-20 16:29:41.701,2026-04-20 17:41:41.701,01:12:00,72.0,False,DEL-BOM,UK063_20260420162941,,accepted,2026-09-11 07:11:20.739575+00:00
UK068,Vistara,BLR,MAA,2026-04-20 16:28:41.701,2026-04-20 18:09:41.701,01:41:00,101.0,False,BLR-MAA,UK068_20260420162841,,accepted,2026-09-11 07:11:20.739575+00:00
UK224,Unknown,CCU,MAA,2026-04-20 16:25:41.704,2026-04-20 20:24:41.704,03:59:00,239.0,False,CCU-MAA,UK224_20260420162541,,accepted,2026-09-11 07:11:20.739575+00:00
UK077,Unknown,HYD,BOM,2026-04-20 16:22:41.702,2026-04-20 18:00:41.702,01:38:00,98.0,False,HYD-BOM,UK077_20260420162241,,accepted,2026-09-11 07:11:20.739575+00:00
UK207,Vistara,MAA,CCU,2026-04-20 16:21:41.703,2026-04-20 17:36:41.703,01:15:00,75.0,False,MAA-CCU,UK207_20260420162141,,accepted,2026-09-11 07:11:20.739575+00:00
AI221,Air India,MAA,HYD,2026-04-20 16:18:41.703,2026-04-20 18:54:41.703,02:36:00,156.0,False,MAA-HYD,AI221_20260420161841,,accepted,2026-09-11 07:11:20.739575+00:00
UK109,Vistara,BLR,BOM,2026-04-20 16:06:41.702,2026-04-20 17:06:42.000,01:00:00.298000,60.00496666666666,False,BLR-BOM,UK109_20260420160641,,accepted,2026-09-11 07:11:20.739575+00:00
UK089,Vistara,BOM,HYD,2026-04-20 15:38:41.702,2026-04-20 19:50:41.702,04:12:00,252.0,False,BOM-HYD,UK089_20260420153841,,accepted,2026-09-11 07:11:20.739575+00:00
AI072,Air India,BLR,CCU,2026-04-20 15:34:41.702,2026-04-20 16:32:41.702,00:58:00,58.0,False,BLR-CCU,AI072_20260420153441,,accepted,2026-09-11 07:11:20.739575+00:00
UK131,Vistara,BOM,DEL,2026-04-20 15:33:41.702,2026-04-20 19:39:41.702,04:06:00,246.0,False,BOM-DEL,UK131_20260420153341,,accepted,2026-09-11 07:11:20.739575+00:00
SJ150,SpiceJet,BOM,HYD,2026-04-20 15:33:41.702,2026-04-20 19:03:41.702,03:30:00,210.0,False,BOM-HYD,SJ150_20260420153341,,accepted,2026-09-11 07:11:20.739575+00:00
6F097,IndiGo,BLR,BOM,2026-04-20 15:32:41.702,2026-04-20 16:49:41.702,01:17:00,77.0,False,BLR-BOM,6F097_20260420153241,,accepted,2026-09-11 07:11:20.739575+00:00
6F123,IndiGo,DEL,HYD,2026-04-20 15:26:41.702,2026-04-20 17:12:41.702,01:46:00,106.0,False,DEL-HYD,6F123_20260420152641,,accepted,2026-09-11 07:11:20.739575+00:00
6F017,IndiGo,CCU,BOM,2026-04-20 15:25:41.701,2026-04-20 18:06:41.701,02:41:00,161.0,False,CCU-BOM,6F017_20260420152541,,accepted,2026-09-11 07:11:20.739575+00:00
6F245,IndiGo,CCU,BOM,2026-04-20 15:25:41.701,2026-04-20 18:06:41.701,02:41:00,161.0,False,CCU-BOM,6F245_20260420152541,,accepted,2026-09-11 07:11:20.739575+00:00
6F180,IndiGo,MAA,BLR,2026-04-20 15:24:41.703,2026-04-20 19:48:41.703,04:24:00,264.0,False,MAA-BLR,6F180_20260420152441,,accepted,2026-09-11 07:11:20.739575+00:00
6F152,IndiGo,CCU,DEL,2026-04-20 15:21:41.703,2026-04-20 17:25:41.703,02:04:00,124.0,False,CCU-DEL,6F152_20260420152141,,accepted,2026-09-11 07:11:20.739575+00:00
SJ034,SpiceJet,MAA,BOM,2026-04-20 15:20:41.701,2026-04-20 20:11:41.701,04:51:00,291.0,False,MAA-BOM,SJ034_20260420152041,,accepted,2026-09-11 07:11:20.739575+00:00
SJ142,SpiceJet,CCU,BOM,2026-04-20 15:14:41.702,2026-04-20 16:56:41.702,01:42:00,102.0,False,CCU-BOM,SJ142_20260420151441,,accepted,2026-09-11 07:11:20.739575+00:00
UK189,Vistara,BLR,MAA,2026-04-20 15:07:41.703,2026-04-20 18:51:41.703,03:44:00,224.0,False,BLR-MAA,UK189_20260420150741,,accepted,2026-09-11 07:11:20.739575+00:00
SJ044,SpiceJet,DEL,CCU,2026-04-20 15:06:41.701,2026-04-20 17:43:41.701,02:37:00,157.0,False,DEL-CCU,SJ044_20260420150641,,accepted,2026-09-11 07:11:20.739575+00:00
SJ196,SpiceJet,DEL,HYD,2026-04-20 14:58:41.703,2026-04-20 17:44:41.703,02:46:00,166.0,False,DEL-HYD,SJ196_20260420145841,,accepted,2026-09-11 07:11:20.739575+00:00
6F188,IndiGo,DEL,HYD,2026-04-20 14:57:41.703,2026-04-20 19:39:41.703,04:42:00,282.0,False,DEL-HYD,6F188_20260420145741,,accepted,2026-09-11 07:11:20.739575+00:00
6F181,IndiGo,BOM,MAA,2026-04-20 14:55:41.703,2026-04-20 16:43:41.703,01:48:00,108.0,False,BOM-MAA,6F181_20260420145541,,accepted,2026-09-11 07:11:20.739575+00:00
6F077,IndiGo,CCU,DEL,2026-04-20 14:55:41.702,2026-04-20 19:13:41.702,04:18:00,258.0,False,CCU-DEL,6F077_20260420145541,,accepted,2026-09-11 07:11:20.739575+00:00
SJ154,SpiceJet,BLR,HYD,2026-04-20 14:47:41.702,2026-04-20 16:26:41.702,01:39:00,99.0,False,BLR-HYD,SJ154_20260420144741,,accepted,2026-09-11 07:11:20.739575+00:00
AI025,Air India,HYD,DEL,2026-04-20 14:46:41.701,2026-04-20 17:11:41.701,02:25:00,145.0,False,HYD-DEL,AI025_20260420144641,,accepted,2026-09-11 07:11:20.739575+00:00
AI094,Air India,DEL,BLR,2026-04-20 14:44:41.702,2026-04-20 15:44:42.000,01:00:00.298000,60.00496666666666,False,DEL-BLR,AI094_20260420144441,,accepted,2026-09-11 07:11:20.739575+00:00
6F191,IndiGo,BLR,DEL,2026-04-20 14:41:41.703,2026-04-20 15:11:41.703,00:30:00,30.0,False,BLR-DEL,6F191_20260420144141,,accepted,2026-09-11 07:11:20.739575+00:00
SJ085,SpiceJet,BLR,MAA,2026-04-20 14:41:41.702,2026-04-20 19:11:41.702,04:30:00,270.0,False,BLR-MAA,SJ085_20260420144141,,accepted,2026-09-11 07:11:20.739575+00:00
6F261,Unknown,CCU,DEL,2026-04-20 14:31:41.703,2026-04-20 17:29:41.703,02:58:00,178.0,False,CCU-DEL,6F261_20260420143141,,accepted,2026-09-11 07:11:20.739575+00:00
6F129,IndiGo,DEL,CCU,2026-04-20 14:28:41.702,2026-04-20 16:47:41.702,02:19:00,139.0,False,DEL-CCU,6F129_20260420142841,,accepted,2026-09-11 07:11:20.739575+00:00
6F254,Unknown,MAA,BLR,2026-04-20 14:26:41.703,2026-04-20 18:01:41.703,03:35:00,215.0,False,MAA-BLR,6F254_20260420142641,,accepted,2026-09-11 07:11:20.739575+00:00
SJ185,SpiceJet,BOM,CCU,2026-04-20 14:21:41.703,2026-04-20 15:21:41.703,01:00:00,60.0,False,BOM-CCU,SJ185_20260420142141,,accepted,2026-09-11 07:11:20.739575+00:00
6F030,IndiGo,BOM,DEL,2026-04-20 14:20:41.701,2026-04-20 17:10:41.701,02:50:00,170.0,False,BOM-DEL,6F030_20260420142041,,accepted,2026-09-11 07:11:20.739575+00:00
SJ222,SpiceJet,BOM,DEL,2026-04-20 14:15:41.703,2026-04-20 17:09:41.703,02:54:00,174.0,False,BOM-DEL,SJ222_20260420141541,,accepted,2026-09-11 07:11:20.739575+00:00
6F259,Unknown,BOM,DEL,2026-04-20 14:10:41.703,2026-04-20 15:21:41.703,01:11:00,71.0,False,BOM-DEL,6F259_20260420141041,,accepted,2026-09-11 07:11:20.739575+00:00
UK083,Vistara,DEL,HYD,2026-04-20 14:10:41.702,2026-04-20 14:59:41.702,00:49:00,49.0,False,DEL-HYD,UK083_20260420141041,,accepted,2026-09-11 07:11:20.739575+00:00
6F051,IndiGo,BLR,BOM,2026-04-20 13:58:41.701,2026-04-20 15:58:41.701,02:00:00,120.0,False,BLR-BOM,6F051_20260420135841,,accepted,2026-09-11 07:11:20.739575+00:00
SJ088,SpiceJet,CCU,MAA,2026-04-20 13:54:41.702,2026-04-20 14:26:41.702,00:32:00,32.0,False,CCU-MAA,SJ088_20260420135441,,accepted,2026-09-11 07:11:20.739575+00:00
6F146,IndiGo,HYD,MAA,2026-04-20 13:51:41.703,2026-04-20 15:07:41.703,01:16:00,76.0,False,HYD-MAA,6F146_20260420135141,,accepted,2026-09-11 07:11:20.739575+00:00
6F047,IndiGo,MAA,DEL,2026-04-20 13:50:41.701,2026-04-20 15:55:41.701,02:05:00,125.0,False,MAA-DEL,6F047_20260420135041,,accepted,2026-09-11 07:11:20.739575+00:00
AI077,Air India,CCU,HYD,2026-04-20 13:45:41.702,2026-04-20 14:51:41.702,01:06:00,66.0,False,CCU-HYD,AI077_20260420134541,,accepted,2026-09-11 07:11:20.739575+00:00
UK134,Vistara,HYD,CCU,2026-04-20 13:44:41.702,2026-04-20 17:26:41.702,03:42:00,222.0,False,HYD-CCU,UK134_20260420134441,,accepted,2026-09-11 07:11:20.739575+00:00
AI056,Air India,DEL,MAA,2026-04-20 13:44:41.701,2026-04-20 17:39:41.701,03:55:00,235.0,False,DEL-MAA,AI056_20260420134441,,accepted,2026-09-11 07:11:20.739575+00:00
UK141,Unknown,HYD,MAA,2026-04-20 13:38:41.703,2026-04-20 15:59:41.703,02:21:00,141.0,False,HYD-MAA,UK141_20260420133841,,accepted,2026-09-11 07:11:20.739575+00:00
AI030,Air India,CCU,HYD,2026-04-20 13:33:41.701,2026-04-20 16:52:41.701,03:19:00,199.0,False,CCU-HYD,AI030_20260420133341,,accepted,2026-09-11 07:11:20.739575+00:00
AI029,Air India,MAA,DEL,2026-04-20 13:29:41.701,2026-04-20 17:53:41.701,04:24:00,264.0,False,MAA-DEL,AI029_20260420132941,,accepted,2026-09-11 07:11:20.739575+00:00
SJ167,SpiceJet,MAA,CCU,2026-04-20 13:18:41.703,2026-04-20 14:12:41.703,00:54:00,54.0,False,MAA-CCU,SJ167_20260420131841,,accepted,2026-09-11 07:11:20.739575+00:00
UK017,Vistara,BLR,HYD,2026-04-20 13:14:41.701,2026-04-20 14:49:41.701,01:35:00,95.0,False,BLR-HYD,UK017_20260420131441,,accepted,2026-09-11 07:11:20.739575+00:00
6F229,IndiGo,MAA,DEL,2026-04-20 13:10:41.704,2026-04-20 14:30:41.704,01:20:00,80.0,False,MAA-DEL,6F229_20260420131041,,accepted,2026-09-11 07:11:20.739575+00:00
SJ117,SpiceJet,MAA,BLR,2026-04-20 13:10:41.702,2026-04-20 17:06:41.702,03:56:00,236.0,False,MAA-BLR,SJ117_20260420131041,,accepted,2026-09-11 07:11:20.739575+00:00
6F184,IndiGo,MAA,BOM,2026-04-20 13:05:41.703,2026-04-20 16:04:41.703,02:59:00,179.0,False,MAA-BOM,6F184_20260420130541,,accepted,2026-09-11 07:11:20.739575+00:00
AI031,Air India,DEL,MAA,2026-04-20 13:05:41.701,2026-04-20 16:11:41.701,03:06:00,186.0,False,DEL-MAA,AI031_20260420130541,,accepted,2026-09-11 07:11:20.739575+00:00
AI178,Air India,CCU,BLR,2026-04-20 13:04:41.703,2026-04-20 14:03:41.703,00:59:00,59.0,False,CCU-BLR,AI178_20260420130441,,accepted,2026-09-11 07:11:20.739575+00:00
SJ089,SpiceJet,HYD,CCU,2026-04-20 12:42:41.702,2026-04-20 17:15:41.702,04:33:00,273.0,False,HYD-CCU,SJ089_20260420124241,,accepted,2026-09-11 07:11:20.739575+00:00
UK166,Vistara,HYD,MAA,2026-04-20 12:39:41.703,2026-04-20 17:32:41.703,04:53:00,293.0,False,HYD-MAA,UK166_20260420123941,,accepted,2026-09-11 07:11:20.739575+00:00
UK104,Vistara,DEL,BOM,2026-04-20 12:30:41.702,2026-04-20 13:52:41.702,01:22:00,82.0,False,DEL-BOM,UK104_20260420123041,,accepted,2026-09-11 07:11:20.739575+00:00
6F168,IndiGo,HYD,DEL,2026-04-20 12:18:41.703,2026-04-20 15:58:41.703,03:40:00,220.0,False,HYD-DEL,6F168_20260420121841,,accepted,2026-09-11 07:11:20.739575+00:00
AI222,Unknown,BOM,DEL,2026-04-20 12:10:41.703,2026-04-20 13:14:41.703,01:04:00,64.0,False,BOM-DEL,AI222_20260420121041,,accepted,2026-09-11 07:11:20.739575+00:00
SJ025,SpiceJet,BOM,CCU,2026-04-20 12:02:41.701,2026-04-20 15:29:41.701,03:27:00,207.0,False,BOM-CCU,SJ025_20260420120241,,accepted,2026-09-11 07:11:20.739575+00:00
6F255,Unknown,DEL,BOM,2026-04-20 11:59:41.703,2026-04-20 15:33:41.703,03:34:00,214.0,False,DEL-BOM,6F255_20260420115941,,accepted,2026-09-11 07:11:20.739575+00:00
UK228,Vistara,DEL,MAA,2026-04-20 11:58:41.704,2026-04-20 15:08:41.704,03:10:00,190.0,False,DEL-MAA,UK228_20260420115841,,accepted,2026-09-11 07:11:20.739575+00:00
6F158,IndiGo,CCU,MAA,2026-04-20 11:58:41.703,2026-04-20 16:04:41.703,04:06:00,246.0,False,CCU-MAA,6F158_20260420115841,,accepted,2026-09-11 07:11:20.739575+00:00
SJ218,SpiceJet,DEL,HYD,2026-04-20 11:58:41.703,2026-04-20 15:03:41.703,03:05:00,185.0,False,DEL-HYD,SJ218_20260420115841,,accepted,2026-09-11 07:11:20.739575+00:00
6F034,IndiGo,BOM,DEL,2026-04-20 11:53:41.701,2026-04-20 12:49:41.701,00:56:00,56.0,False,BOM-DEL,6F034_20260420115341,,accepted,2026-09-11 07:11:20.739575+00:00
UK156,Vistara,MAA,BLR,2026-04-20 11:50:41.703,2026-04-20 15:54:41.703,04:04:00,244.0,False,MAA-BLR,UK156_20260420115041,,accepted,2026-09-11 07:11:20.739575+00:00
6F105,IndiGo,BLR,BOM,2026-04-20 11:46:41.702,2026-04-20 12:58:41.702,01:12:00,72.0,False,BLR-BOM,6F105_20260420114641,,accepted,2026-09-11 07:11:20.739575+00:00
6F073,IndiGo,DEL,CCU,2026-04-20 11:38:41.702,2026-04-20 15:18:41.702,03:40:00,220.0,False,DEL-CCU,6F073_20260420113841,,accepted,2026-09-11 07:11:20.739575+00:00
SJ074,SpiceJet,DEL,CCU,2026-04-20 11:21:41.701,2026-04-20 12:02:41.701,00:41:00,41.0,False,DEL-CCU,SJ074_20260420112141,,accepted,2026-09-11 07:11:20.739575+00:00
6F234,IndiGo,BOM,DEL,2026-04-20 11:20:41.704,2026-04-20 14:11:41.704,02:51:00,171.0,False,BOM-DEL,6F234_20260420112041,,accepted,2026-09-11 07:11:20.739575+00:00
6F068,IndiGo,BLR,HYD,2026-04-20 11:17:41.701,2026-04-20 15:06:41.701,03:49:00,229.0,False,BLR-HYD,6F068_20260420111741,,accepted,2026-09-11 07:11:20.739575+00:00
6F074,IndiGo,HYD,BOM,2026-04-20 11:09:41.702,2026-04-20 14:29:41.702,03:20:00,200.0,False,HYD-BOM,6F074_20260420110941,,accepted,2026-09-11 07:11:20.739575+00:00
AI038,Air India,HYD,MAA,2026-04-20 11:05:41.701,2026-04-20 15:44:41.701,04:39:00,279.0,False,HYD-MAA,AI038_20260420110541,,accepted,2026-09-11 07:11:20.739575+00:00
AI079,Air India,CCU,BLR,2026-04-20 11:04:41.702,2026-04-20 13:19:41.702,02:15:00,135.0,False,CCU-BLR,AI079_20260420110441,,accepted,2026-09-11 07:11:20.739575+00:00
SJ018,SpiceJet,BOM,CCU,2026-04-20 10:58:41.701,2026-04-20 13:31:41.701,02:33:00,153.0,False,BOM-CCU,SJ018_20260420105841,,accepted,2026-09-11 07:11:20.739575+00:00
6F018,IndiGo,DEL,BLR,2026-04-20 10:57:41.701,2026-04-20 11:43:41.701,00:46:00,46.0,False,DEL-BLR,6F018_20260420105741,,accepted,2026-09-11 07:11:20.739575+00:00
AI091,Air India,CCU,MAA,2026-04-20 10:52:41.702,2026-04-20 15:15:41.702,04:23:00,263.0,False,CCU-MAA,AI091_20260420105241,,accepted,2026-09-11 07:11:20.739575+00:00
UK071,Vistara,DEL,HYD,2026-04-20 10:50:41.701,2026-04-20 14:06:41.701,03:16:00,196.0,False,DEL-HYD,UK071_20260420105041,,accepted,2026-09-11 07:11:20.739575+00:00
AI019,Air India,BOM,CCU,2026-04-20 10:49:41.701,2026-04-20 11:51:41.701,01:02:00,62.0,False,BOM-CCU,AI019_20260420104941,,accepted,2026-09-11 07:11:20.739575+00:00
UK212,Vistara,HYD,MAA,2026-04-20 10:46:41.704,2026-04-20 11:31:41.704,00:45:00,45.0,False,HYD-MAA,UK212_20260420104641,,accepted,2026-09-11 07:11:20.739575+00:00
AI146,Air India,BLR,DEL,2026-04-20 10:40:41.702,2026-04-20 13:46:41.702,03:06:00,186.0,False,BLR-DEL,AI146_20260420104041,,accepted,2026-09-11 07:11:20.739575+00:00
6F232,IndiGo,MAA,BLR,2026-04-20 10:39:41.704,2026-04-20 12:22:41.704,01:43:00,103.0,False,MAA-BLR,6F232_20260420103941,,accepted,2026-09-11 07:11:20.739575+00:00
6F084,IndiGo,CCU,HYD,2026-04-20 10:34:41.702,2026-04-20 11:34:42.000,01:00:00.298000,60.00496666666666,False,CCU-HYD,6F084_20260420103441,,accepted,2026-09-11 07:11:20.739575+00:00
AI129,Air India,BOM,CCU,2026-04-20 10:29:41.702,2026-04-20 13:38:41.702,03:09:00,189.0,False,BOM-CCU,AI129_20260420102941,,accepted,2026-09-11 07:11:20.739575+00:00
AI240,Air India,MAA,DEL,2026-04-20 10:19:41.704,2026-04-20 12:46:41.704,02:27:00,147.0,False,MAA-DEL,AI240_20260420101941,,accepted,2026-09-11 07:11:20.739575+00:00
6F091,IndiGo,BLR,CCU,2026-04-20 10:10:41.702,2026-04-20 11:36:41.702,01:26:00,86.0,False,BLR-CCU,6F091_20260420101041,,accepted,2026-09-11 07:11:20.739575+00:00
UK133,Vistara,BOM,DEL,2026-04-20 10:04:41.702,2026-04-20 13:16:41.702,03:12:00,192.0,False,BOM-DEL,UK133_20260420100441,,accepted,2026-09-11 07:11:20.739575+00:00
SJ007,SpiceJet,BOM,CCU,2026-04-20 10:03:41.701,2026-04-20 14:53:41.701,04:50:00,290.0,False,BOM-CCU,SJ007_20260420100341,,accepted,2026-09-11 07:11:20.739575+00:00
SJ141,SpiceJet,CCU,DEL,2026-04-20 10:00:41.702,2026-04-20 13:37:41.702,03:37:00,217.0,False,CCU-DEL,SJ141_20260420100041,,accepted,2026-09-11 07:11:20.739575+00:00
6F049,IndiGo,HYD,DEL,2026-04-20 10:00:41.701,2026-04-20 13:13:41.701,03:13:00,193.0,False,HYD-DEL,6F049_20260420100041,,accepted,2026-09-11 07:11:20.739575+00:00
SJ235,SpiceJet,BOM,DEL,2026-04-20 09:57:41.704,2026-04-20 13:45:41.704,03:48:00,228.0,False,BOM-DEL,SJ235_20260420095741,,accepted,2026-09-11 07:11:20.739575+00:00
UK087,Vistara,HYD,MAA,2026-04-20 09:49:41.702,2026-04-20 13:17:41.702,03:28:00,208.0,False,HYD-MAA,UK087_20260420094941,,accepted,2026-09-11 07:11:20.739575+00:00
UK170,Vistara,BOM,BLR,2026-04-20 09:42:41.703,2026-04-20 11:32:41.703,01:50:00,110.0,False,BOM-BLR,UK170_20260420094241,,accepted,2026-09-11 07:11:20.739575+00:00
SJ078,SpiceJet,DEL,HYD,2026-04-20 09:41:41.701,2026-04-20 12:49:41.701,03:08:00,188.0,False,DEL-HYD,SJ078_20260420094141,,accepted,2026-09-11 07:11:20.739575+00:00
SJ075,SpiceJet,MAA,BLR,2026-04-20 09:26:41.701,2026-04-20 11:03:41.701,01:37:00,97.0,False,MAA-BLR,SJ075_20260420092641,,accepted,2026-09-11 07:11:20.739575+00:00
AI159,Air India,HYD,BLR,2026-04-20 09:23:41.703,2026-04-20 11:36:41.703,02:13:00,133.0,False,HYD-BLR,AI159_20260420092341,,accepted,2026-09-11 07:11:20.739575+00:00
UK120,Vistara,HYD,DEL,2026-04-20 09:19:41.702,2026-04-20 13:30:41.702,04:11:00,251.0,False,HYD-DEL,UK120_20260420091941,,accepted,2026-09-11 07:11:20.739575+00:00
AI059,Air India,CCU,DEL,2026-04-20 09:16:41.701,2026-04-20 11:43:41.701,02:27:00,147.0,False,CCU-DEL,AI059_20260420091641,,accepted,2026-09-11 07:11:20.739575+00:00
UK040,Vistara,HYD,CCU,2026-04-20 09:15:41.701,2026-04-20 10:32:41.701,01:17:00,77.0,False,HYD-CCU,UK040_20260420091541,,accepted,2026-09-11 07:11:20.739575+00:00
AI044,Unknown,MAA,BLR,2026-04-20 09:03:41.701,2026-04-20 12:36:41.701,03:33:00,213.0,False,MAA-BLR,AI044_20260420090341,,accepted,2026-09-11 07:11:20.739575+00:00
AI078,Air India,DEL,BOM,2026-04-20 08:58:41.702,2026-04-20 13:28:41.702,04:30:00,270.0,False,DEL-BOM,AI078_20260420085841,,accepted,2026-09-11 07:11:20.739575+00:00
SJ226,SpiceJet,HYD,BOM,2026-04-20 08:47:41.704,2026-04-20 12:54:41.704,04:07:00,247.0,False,HYD-BOM,SJ226_20260420084741,,accepted,2026-09-11 07:11:20.739575+00:00
6F209,IndiGo,MAA,CCU,2026-04-20 08:40:41.703,2026-04-20 13:40:41.703,05:00:00,300.0,False,MAA-CCU,6F209_20260420084041,,accepted,2026-09-11 07:11:20.739575+00:00
UK193,Vistara,HYD,DEL,2026-04-20 08:39:41.703,2026-04-20 09:14:41.703,00:35:00,35.0,False,HYD-DEL,UK193_20260420083941,,accepted,2026-09-11 07:11:20.739575+00:00
6F092,IndiGo,MAA,BLR,2026-04-20 08:39:41.702,2026-04-20 09:15:41.702,00:36:00,36.0,False,MAA-BLR,6F092_20260420083941,,accepted,2026-09-11 07:11:20.739575+00:00
AI208,Air India,BLR,BOM,2026-04-20 08:38:41.703,2026-04-20 11:52:41.703,03:14:00,194.0,False,BLR-BOM,AI208_20260420083841,,accepted,2026-09-11 07:11:20.739575+00:00
SJ227,SpiceJet,BOM,CCU,2026-04-20 08:32:41.704,2026-04-20 12:53:41.704,04:21:00,261.0,False,BOM-CCU,SJ227_20260420083241,,accepted,2026-09-11 07:11:20.739575+00:00
6F238,IndiGo,BOM,DEL,2026-04-20 08:31:41.704,2026-04-20 09:19:41.704,00:48:00,48.0,False,BOM-DEL,6F238_20260420083141,,accepted,2026-09-11 07:11:20.739575+00:00
AI084,Air India,BOM,HYD,2026-04-20 08:31:41.702,2026-04-20 09:46:41.702,01:15:00,75.0,False,BOM-HYD,AI084_20260420083141,,accepted,2026-09-11 07:11:20.739575+00:00
SJ228,SpiceJet,BOM,CCU,2026-04-20 08:29:41.704,2026-04-20 12:16:41.704,03:47:00,227.0,False,BOM-CCU,SJ228_20260420082941,,accepted,2026-09-11 07:11:20.739575+00:00
UK194,Vistara,CCU,BOM,2026-04-20 08:26:41.703,2026-04-20 09:26:42.000,01:00:00.297000,60.00495,False,CCU-BOM,UK194_20260420082641,,accepted,2026-09-11 07:11:20.739575+00:00
6F126,IndiGo,CCU,MAA,2026-04-20 08:21:41.702,2026-04-20 09:39:41.702,01:18:00,78.0,False,CCU-MAA,6F126_20260420082141,,accepted,2026-09-11 07:11:20.739575+00:00
SJ052,SpiceJet,MAA,BLR,2026-04-20 08:20:41.701,2026-04-20 09:57:41.701,01:37:00,97.0,False,MAA-BLR,SJ052_20260420082041,,accepted,2026-09-11 07:11:20.739575+00:00
AI233,Air India,BLR,BOM,2026-04-20 08:04:41.704,2026-04-20 09:52:41.704,01:48:00,108.0,False,BLR-BOM,AI233_20260420080441,,accepted,2026-09-11 07:11:20.739575+00:00
AI213,Air India,HYD,CCU,2026-04-20 08:03:41.703,2026-04-20 09:14:41.703,01:11:00,71.0,False,HYD-CCU,AI213_20260420080341,,accepted,2026-09-11 07:11:20.739575+00:00
UK076,Vistara,MAA,CCU,2026-04-20 08:03:41.702,2026-04-20 12:26:41.702,04:23:00,263.0,False,MAA-CCU,UK076_20260420080341,,accepted,2026-09-11 07:11:20.739575+00:00
SJ022,SpiceJet,DEL,BLR,2026-04-20 07:56:41.701,2026-04-20 11:07:41.701,03:11:00,191.0,False,DEL-BLR,SJ022_20260420075641,,accepted,2026-09-11 07:11:20.739575+00:00
SJ002,SpiceJet,DEL,BOM,2026-04-20 07:54:41.701,2026-04-20 12:40:41.701,04:46:00,286.0,False,DEL-BOM,SJ002_20260420075441,,accepted,2026-09-11 07:11:20.739575+00:00
AI163,Air India,HYD,MAA,2026-04-20 07:45:41.703,2026-04-20 08:46:41.703,01:01:00,61.0,False,HYD-MAA,AI163_20260420074541,,accepted,2026-09-11 07:11:20.739575+00:00
UK229,Unknown,HYD,DEL,2026-04-20 07:40:41.704,2026-04-20 11:57:41.704,04:17:00,257.0,False,HYD-DEL,UK229_20260420074041,,accepted,2026-09-11 07:11:20.739575+00:00
UK185,Vistara,DEL,MAA,2026-04-20 07:31:41.703,2026-04-20 08:48:41.703,01:17:00,77.0,False,DEL-MAA,UK185_20260420073141,,accepted,2026-09-11 07:11:20.739575+00:00
6F029,IndiGo,BOM,BLR,2026-04-20 07:31:41.701,2026-04-20 11:45:41.701,04:14:00,254.0,False,BOM-BLR,6F029_20260420073141,,accepted,2026-09-11 07:11:20.739575+00:00
6F056,IndiGo,BOM,MAA,2026-04-20 07:00:41.701,2026-04-20 08:49:41.701,01:49:00,109.0,False,BOM-MAA,6F056_20260420070041,,accepted,2026-09-11 07:11:20.739575+00:00
AI062,Air India,MAA,DEL,2026-04-20 06:49:41.701,2026-04-20 07:25:41.701,00:36:00,36.0,False,MAA-DEL,AI062_20260420064941,,accepted,2026-09-11 07:11:20.739575+00:00
UK034,Vistara,DEL,BLR,2026-04-20 06:47:41.701,2026-04-20 10:11:41.701,03:24:00,204.0,False,DEL-BLR,UK034_20260420064741,,accepted,2026-09-11 07:11:20.739575+00:00
UK079,Vistara,DEL,BLR,2026-04-20 06:43:41.702,2026-04-20 10:34:41.702,03:51:00,231.0,False,DEL-BLR,UK079_20260420064341,,accepted,2026-09-11 07:11:20.739575+00:00
AI135,Air India,BLR,BOM,2026-04-20 06:40:41.702,2026-04-20 09:21:41.702,02:41:00,161.0,False,BLR-BOM,AI135_20260420064041,,accepted,2026-09-11 07:11:20.739575+00:00
SJ061,SpiceJet,MAA,BLR,2026-04-20 06:38:41.701,2026-04-20 09:35:41.701,02:57:00,177.0,False,MAA-BLR,SJ061_20260420063841,,accepted,2026-09-11 07:11:20.739575+00:00
AI047,Unknown,CCU,MAA,2026-04-20 06:36:41.701,2026-04-20 07:23:41.701,00:47:00,47.0,False,CCU-MAA,AI047_20260420063641,,accepted,2026-09-11 07:11:20.739575+00:00
UK210,Vistara,DEL,CCU,2026-04-20 06:35:41.704,2026-04-20 07:30:41.704,00:55:00,55.0,False,DEL-CCU,UK210_20260420063541,,accepted,2026-09-11 07:11:20.739575+00:00
AI088,Unknown,MAA,DEL,2026-04-20 06:34:41.702,2026-04-20 10:10:41.702,03:36:00,216.0,False,MAA-DEL,AI088_20260420063441,,accepted,2026-09-11 07:11:20.739575+00:00
UK177,Vistara,DEL,HYD,2026-04-20 06:21:41.703,2026-04-20 10:50:41.703,04:29:00,269.0,False,DEL-HYD,UK177_20260420062141,,accepted,2026-09-11 07:11:20.739575+00:00
AI128,Unknown,BOM,CCU,2026-04-20 06:07:41.702,2026-04-20 10:03:41.702,03:56:00,236.0,False,BOM-CCU,AI128_20260420060741,,accepted,2026-09-11 07:11:20.739575+00:00
AI158,Air India,CCU,DEL,2026-04-20 06:04:41.703,2026-04-20 09:01:41.703,02:57:00,177.0,False,CCU-DEL,AI158_20260420060441,,accepted,2026-09-11 07:11:20.739575+00:00
UK206,Vistara,MAA,BLR,2026-04-20 06:01:41.703,2026-04-20 10:34:41.703,04:33:00,273.0,False,MAA-BLR,UK206_20260420060141,,accepted,2026-09-11 07:11:20.739575+00:00
SJ138,Unknown,BLR,BOM,2026-04-20 05:55:41.702,2026-04-20 06:43:41.702,00:48:00,48.0,False,BLR-BOM,SJ138_20260420055541,,accepted,2026-09-11 07:11:20.739575+00:00
AI034,Air India,DEL,BOM,2026-04-20 05:48:41.701,2026-04-20 10:31:41.701,04:43:00,283.0,False,DEL-BOM,AI034_20260420054841,,accepted,2026-09-11 07:11:20.739575+00:00
AI012,Air India,BOM,CCU,2026-04-20 05:44:41.701,2026-04-20 09:47:41.701,04:03:00,243.0,False,BOM-CCU,AI012_20260420054441,,accepted,2026-09-11 07:11:20.739575+00:00
6F083,IndiGo,BLR,DEL,2026-04-20 05:24:41.702,2026-04-20 06:03:41.702,00:39:00,39.0,False,BLR-DEL,6F083_20260420052441,,accepted,2026-09-11 07:11:20.739575+00:00
SJ083,SpiceJet,MAA,BLR,2026-04-20 05:13:41.702,2026-04-20 08:17:41.702,03:04:00,184.0,False,MAA-BLR,SJ083_20260420051341,,accepted,2026-09-11 07:11:20.739575+00:00
SJ186,SpiceJet,CCU,DEL,2026-04-20 05:11:41.703,2026-04-20 07:22:41.703,02:11:00,131.0,False,CCU-DEL,SJ186_20260420051141,,accepted,2026-09-11 07:11:20.739575+00:00
UK001,Vistara,CCU,DEL,2026-04-20 05:06:41.700,2026-04-20 06:31:41.700,01:25:00,85.0,False,CCU-DEL,UK001_20260420050641,,accepted,2026-09-11 07:11:20.739575+00:00
AI217,Air India,CCU,BLR,2026-04-20 04:57:41.703,2026-04-20 07:14:41.703,02:17:00,137.0,False,CCU-BLR,AI217_20260420045741,,accepted,2026-09-11 07:11:20.739575+00:00
6F178,IndiGo,BOM,CCU,2026-04-20 04:48:41.703,2026-04-20 09:11:41.703,04:23:00,263.0,False,BOM-CCU,6F178_20260420044841,,accepted,2026-09-11 07:11:20.739575+00:00
UK015,Vistara,BLR,BOM,2026-04-20 04:46:41.701,2026-04-20 06:33:41.701,01:47:00,107.0,False,BLR-BOM,UK015_20260420044641,,accepted,2026-09-11 07:11:20.739575+00:00
AI112,Air India,DEL,BLR,2026-04-20 04:41:41.702,2026-04-20 08:24:41.702,03:43:00,223.0,False,DEL-BLR,AI112_20260420044141,,accepted,2026-09-11 07:11:20.739575+00:00
UK100,Vistara,CCU,BLR,2026-04-20 04:40:41.702,2026-04-20 07:12:41.702,02:32:00,152.0,False,CCU-BLR,UK100_20260420044041,,accepted,2026-09-11 07:11:20.739575+00:00
6F133,IndiGo,MAA,BLR,2026-04-20 04:38:41.702,2026-04-20 06:25:41.702,01:47:00,107.0,False,MAA-BLR,6F133_20260420043841,,accepted,2026-09-11 07:11:20.739575+00:00
AI227,Air India,BLR,MAA,2026-04-20 04:31:41.703,2026-04-20 08:17:41.703,03:46:00,226.0,False,BLR-MAA,AI227_20260420043141,,accepted,2026-09-11 07:11:20.739575+00:00
UK093,Vistara,HYD,CCU,2026-04-20 04:31:41.702,2026-04-20 05:21:41.702,00:50:00,50.0,False,HYD-CCU,UK093_20260420043141,,accepted,2026-09-11 07:11:20.739575+00:00
UK203,Vistara,BLR,HYD,2026-04-20 04:12:41.703,2026-04-20 05:24:41.703,01:12:00,72.0,False,BLR-HYD,UK203_20260420041241,,accepted,2026-09-11 07:11:20.739575+00:00
UK154,Vistara,MAA,HYD,2026-04-20 04:00:41.703,2026-04-20 07:57:41.703,03:57:00,237.0,False,MAA-HYD,UK154_20260420040041,,accepted,2026-09-11 07:11:20.739575+00:00
UK073,Vistara,BLR,CCU,2026-04-20 03:59:41.702,2026-04-20 08:09:41.702,04:10:00,250.0,False,BLR-CCU,UK073_20260420035941,,accepted,2026-09-11 07:11:20.739575+00:00
AI164,Air India,DEL,BLR,2026-04-20 03:57:41.703,2026-04-20 05:45:41.703,01:48:00,108.0,False,DEL-BLR,AI164_20260420035741,,accepted,2026-09-11 07:11:20.739575+00:00
UK008,Vistara,CCU,BLR,2026-04-20 03:57:41.701,2026-04-20 04:34:41.701,00:37:00,37.0,False,CCU-BLR,UK008_20260420035741,,accepted,2026-09-11 07:11:20.739575+00:00
UK051,Vistara,HYD,DEL,2026-04-20 03:55:41.701,2026-04-20 06:55:41.701,03:00:00,180.0,False,HYD-DEL,UK051_20260420035541,,accepted,2026-09-11 07:11:20.739575+00:00
UK208,Vistara,DEL,CCU,2026-04-20 03:54:41.704,2026-04-20 08:51:41.704,04:57:00,297.0,False,DEL-CCU,UK208_20260420035441,,accepted,2026-09-11 07:11:20.739575+00:00
AI150,Air India,BOM,DEL,2026-04-20 03:51:41.703,2026-04-20 04:38:41.703,00:47:00,47.0,False,BOM-DEL,AI150_20260420035141,,accepted,2026-09-11 07:11:20.739575+00:00
AI189,Air India,CCU,DEL,2026-04-20 03:44:41.703,2026-04-20 05:32:41.703,01:48:00,108.0,False,CCU-DEL,AI189_20260420034441,,accepted,2026-09-11 07:11:20.739575+00:00
6F230,IndiGo,CCU,BLR,2026-04-20 03:34:41.704,2026-04-20 06:47:41.704,03:13:00,193.0,False,CCU-BLR,6F230_20260420033441,,accepted,2026-09-11 07:11:20.739575+00:00
6F169,IndiGo,BOM,DEL,2026-04-20 03:27:41.703,2026-04-20 08:06:41.703,04:39:00,279.0,False,BOM-DEL,6F169_20260420032741,,accepted,2026-09-11 07:11:20.739575+00:00
AI205,Air India,BLR,BOM,2026-04-20 03:26:41.703,2026-04-20 05:14:41.703,01:48:00,108.0,False,BLR-BOM,AI205_20260420032641,,accepted,2026-09-11 07:11:20.739575+00:00
AI103,Air India,BLR,BOM,2026-04-20 03:26:41.702,2026-04-20 04:04:41.702,00:38:00,38.0,False,BLR-BOM,AI103_20260420032641,,accepted,2026-09-11 07:11:20.739575+00:00
6F250,Unknown,DEL,BLR,2026-04-20 03:26:41.701,2026-04-20 07:30:41.701,04:04:00,244.0,False,DEL-BLR,6F250_20260420032641,,accepted,2026-09-11 07:11:20.739575+00:00
AI246,Air India,BOM,BLR,2026-04-20 03:22:41.704,2026-04-20 06:41:41.704,03:19:00,199.0,False,BOM-BLR,AI246_20260420032241,,accepted,2026-09-11 07:11:20.739575+00:00
6F187,IndiGo,BOM,MAA,2026-04-20 03:19:41.703,2026-04-20 07:37:41.703,04:18:00,258.0,False,BOM-MAA,6F187_20260420031941,,accepted,2026-09-11 07:11:20.739575+00:00
AI082,Air India,DEL,CCU,2026-04-20 03:19:41.702,2026-04-20 06:01:41.702,02:42:00,162.0,False,DEL-CCU,AI082_20260420031941,,accepted,2026-09-11 07:11:20.739575+00:00
UK116,Vistara,CCU,BOM,2026-04-20 03:18:41.702,2026-04-20 07:06:41.702,03:48:00,228.0,False,CCU-BOM,UK116_20260420031841,,accepted,2026-09-11 07:11:20.739575+00:00
SJ169,SpiceJet,BOM,MAA,2026-04-20 03:10:41.703,2026-04-20 07:56:41.703,04:46:00,286.0,False,BOM-MAA,SJ169_20260420031041,,accepted,2026-09-11 07:11:20.739575+00:00
AI175,Air India,BOM,HYD,2026-04-20 03:08:41.703,2026-04-20 06:55:41.703,03:47:00,227.0,False,BOM-HYD,AI175_20260420030841,,accepted,2026-09-11 07:11:20.739575+00:00
SJ098,SpiceJet,HYD,MAA,2026-04-20 03:02:41.702,2026-04-20 03:37:41.702,00:35:00,35.0,False,HYD-MAA,SJ098_20260420030241,,accepted,2026-09-11 07:11:20.739575+00:00
SJ191,SpiceJet,BLR,BOM,2026-04-20 03:01:41.703,2026-04-20 04:23:41.703,01:22:00,82.0,False,BLR-BOM,SJ191_20260420030141,,accepted,2026-09-11 07:11:20.739575+00:00
SJ017,SpiceJet,DEL,MAA,2026-04-20 02:57:41.701,2026-04-20 05:00:41.701,02:03:00,123.0,False,DEL-MAA,SJ017_20260420025741,,accepted,2026-09-11 07:11:20.739575+00:00
UK188,Vistara,MAA,BLR,2026-04-20 02:55:41.703,2026-04-20 03:44:41.703,00:49:00,49.0,False,MAA-BLR,UK188_20260420025541,,accepted,2026-09-11 07:11:20.739575+00:00
AI196,Air India,MAA,HYD,2026-04-20 02:52:41.703,2026-04-20 04:25:41.703,01:33:00,93.0,False,MAA-HYD,AI196_20260420025241,,accepted,2026-09-11 07:11:20.739575+00:00
AI068,Air India,BOM,BLR,2026-04-20 02:48:41.702,2026-04-20 04:48:42.000,02:00:00.298000,120.00496666666666,False,BOM-BLR,AI068_20260420024841,,accepted,2026-09-11 07:11:20.739575+00:00
SJ097,SpiceJet,BOM,CCU,2026-04-20 02:37:41.702,2026-04-20 05:27:41.702,02:50:00,170.0,False,BOM-CCU,SJ097_20260420023741,,accepted,2026-09-11 07:11:20.739575+00:00
SJ030,SpiceJet,DEL,HYD,2026-04-20 02:36:41.701,2026-04-20 03:19:41.701,00:43:00,43.0,False,DEL-HYD,SJ030_20260420023641,,accepted,2026-09-11 07:11:20.739575+00:00
6F179,IndiGo,HYD,MAA,2026-04-20 02:25:41.703,2026-04-20 06:40:41.703,04:15:00,255.0,False,HYD-MAA,6F179_20260420022541,,accepted,2026-09-11 07:11:20.739575+00:00
6F156,IndiGo,MAA,BOM,2026-04-20 02:23:41.703,2026-04-20 04:57:41.703,02:34:00,154.0,False,MAA-BOM,6F156_20260420022341,,accepted,2026-09-11 07:11:20.739575+00:00
6F250,Unknown,CCU,BLR,2026-04-20 02:23:41.702,2026-04-20 02:56:41.702,00:33:00,33.0,False,CCU-BLR,6F250_20260420022341,,accepted,2026-09-11 07:11:20.739575+00:00
SJ057,SpiceJet,BOM,CCU,2026-04-20 02:17:41.701,2026-04-20 05:29:41.701,03:12:00,192.0,False,BOM-CCU,SJ057_20260420021741,,accepted,2026-09-11 07:11:20.739575+00:00
6F036,IndiGo,CCU,BLR,2026-04-20 02:14:41.701,2026-04-20 06:57:41.701,04:43:00,283.0,False,CCU-BLR,6F036_20260420021441,,accepted,2026-09-11 07:11:20.739575+00:00
6F201,IndiGo,CCU,BOM,2026-04-20 02:09:41.703,2026-04-20 06:49:41.703,04:40:00,280.0,False,CCU-BOM,6F201_20260420020941,,accepted,2026-09-11 07:11:20.739575+00:00
6F143,IndiGo,CCU,DEL,2026-04-20 02:09:41.702,2026-04-20 06:08:41.702,03:59:00,239.0,False,CCU-DEL,6F143_20260420020941,,accepted,2026-09-11 07:11:20.739575+00:00
6F177,IndiGo,HYD,MAA,2026-04-20 02:03:41.703,2026-04-20 04:25:41.703,02:22:00,142.0,False,HYD-MAA,6F177_20260420020341,,accepted,2026-09-11 07:11:20.739575+00:00
6F031,IndiGo,BOM,BLR,2026-04-20 02:00:41.701,2026-04-20 06:37:41.701,04:37:00,277.0,False,BOM-BLR,6F031_20260420020041,,accepted,2026-09-11 07:11:20.739575+00:00
UK165,Vistara,DEL,BLR,2026-04-20 01:51:41.703,2026-04-20 06:04:41.703,04:13:00,253.0,False,DEL-BLR,UK165_20260420015141,,accepted,2026-09-11 07:11:20.739575+00:00
6F122,IndiGo,DEL,BLR,2026-04-20 01:44:41.702,2026-04-20 05:28:41.702,03:44:00,224.0,False,DEL-BLR,6F122_20260420014441,,accepted,2026-09-11 07:11:20.739575+00:00
AI009,Unknown,DEL,CCU,2026-04-20 01:31:41.701,2026-04-20 04:05:41.701,02:34:00,154.0,False,DEL-CCU,AI009_20260420013141,,accepted,2026-09-11 07:11:20.739575+00:00
6F046,IndiGo,DEL,BLR,2026-04-20 01:27:41.701,2026-04-20 05:08:41.701,03:41:00,221.0,False,DEL-BLR,6F046_20260420012741,,accepted,2026-09-11 07:11:20.739575+00:00
AI051,Air India,MAA,BLR,2026-04-20 01:27:41.701,2026-04-20 02:22:41.701,00:55:00,55.0,False,MAA-BLR,AI051_20260420012741,,accepted,2026-09-11 07:11:20.739575+00:00
UK222,Vistara,BOM,CCU,2026-04-20 01:22:41.704,2026-04-20 02:57:41.704,01:35:00,95.0,False,BOM-CCU,UK222_20260420012241,,accepted,2026-09-11 07:11:20.739575+00:00
SJ127,SpiceJet,BOM,DEL,2026-04-20 01:21:41.702,2026-04-20 03:58:41.702,02:37:00,157.0,False,BOM-DEL,SJ127_20260420012141,,accepted,2026-09-11 07:11:20.739575+00:00
AI226,Unknown,BLR,HYD,2026-04-20 01:19:41.703,2026-04-20 04:08:41.703,02:49:00,169.0,False,BLR-HYD,AI226_20260420011941,,accepted,2026-09-11 07:11:20.739575+00:00
AI216,Air India,BOM,CCU,2026-04-20 01:10:41.703,2026-04-20 02:34:41.703,01:24:00,84.0,False,BOM-CCU,AI216_20260420011041,,accepted,2026-09-11 07:11:20.739575+00:00
6F058,IndiGo,BOM,CCU,2026-04-20 01:04:41.701,2026-04-20 03:33:41.701,02:29:00,149.0,False,BOM-CCU,6F058_20260420010441,,accepted,2026-09-11 07:11:20.739575+00:00
SJ207,SpiceJet,DEL,CCU,2026-04-20 00:52:41.703,2026-04-20 04:05:41.703,03:13:00,193.0,False,DEL-CCU,SJ207_20260420005241,,accepted,2026-09-11 07:11:20.739575+00:00
SJ198,SpiceJet,CCU,BOM,2026-04-20 00:47:41.703,2026-04-20 05:28:41.703,04:41:00,281.0,False,CCU-BOM,SJ198_20260420004741,,accepted,2026-09-11 07:11:20.739575+00:00
SJ108,SpiceJet,BLR,HYD,2026-04-20 00:40:41.702,2026-04-20 03:16:41.702,02:36:00,156.0,False,BLR-HYD,SJ108_20260420004041,,accepted,2026-09-11 07:11:20.739575+00:00
SJ155,SpiceJet,DEL,CCU,2026-04-20 00:38:41.702,2026-04-20 05:38:41.702,05:00:00,300.0,False,DEL-CCU,SJ155_20260420003841,,accepted,2026-09-11 07:11:20.739575+00:00
6F193,IndiGo,BOM,MAA,2026-04-20 00:34:41.703,2026-04-20 02:32:41.703,01:58:00,118.0,False,BOM-MAA,6F193_20260420003441,,accepted,2026-09-11 07:11:20.739575+00:00
6F019,IndiGo,BLR,BOM,2026-04-20 00:19:41.701,2026-04-20 04:14:41.701,03:55:00,235.0,False,BLR-BOM,6F019_20260420001941,,accepted,2026-09-11 07:11:20.739575+00:00
AI102,Air India,CCU,BLR,2026-04-20 00:17:41.702,2026-04-20 05:08:41.702,04:51:00,291.0,False,CCU-BLR,AI102_20260420001741,,accepted,2026-09-11 07:11:20.739575+00:00
6F166,IndiGo,BOM,CCU,2026-04-20 00:03:41.703,2026-04-20 04:33:41.703,04:30:00,270.0,False,BOM-CCU,6F166_20260420000341,,accepted,2026-09-11 07:11:20.739575+00:00
UK175,Vistara,BLR,BOM,2026-04-19 23:56:41.703,2026-04-20 03:18:41.703,03:22:00,202.0,True,BLR-BOM,UK175_20260419235641,,accepted,2026-09-11 07:11:20.739575+00:00
6F010,IndiGo,DEL,BLR,2026-04-19 23:53:41.701,2026-04-20 03:44:41.701,03:51:00,231.0,True,DEL-BLR,6F010_20260419235341,,accepted,2026-09-11 07:11:20.739575+00:00
AI234,Air India,BOM,MAA,2026-04-19 23:50:41.704,2026-04-20 01:34:41.704,01:44:00,104.0,True,BOM-MAA,AI234_20260419235041,,accepted,2026-09-11 07:11:20.739575+00:00
UK135,Vistara,HYD,DEL,2026-04-19 23:50:41.702,2026-04-20 01:43:41.702,01:53:00,113.0,True,HYD-DEL,UK135_20260419235041,,accepted,2026-09-11 07:11:20.739575+00:00
6F272,Unknown,HYD,MAA,2026-04-19 23:35:41.702,2026-04-20 00:22:41.702,00:47:00,47.0,True,HYD-MAA,6F272_20260419233541,,accepted,2026-09-11 07:11:20.739575+00:00
AI061,Air India,BOM,CCU,2026-04-19 23:31:41.701,2026-04-20 01:02:41.701,01:31:00,91.0,True,BOM-CCU,AI061_20260419233141,,accepted,2026-09-11 07:11:20.739575+00:00
6F070,IndiGo,HYD,DEL,2026-04-19 23:23:41.701,2026-04-20 02:24:41.701,03:01:00,181.0,True,HYD-DEL,6F070_20260419232341,,accepted,2026-09-11 07:11:20.739575+00:00
AI015,Air India,BLR,CCU,2026-04-19 23:21:41.701,2026-04-20 01:15:41.701,01:54:00,114.0,True,BLR-CCU,AI015_20260419232141,,accepted,2026-09-11 07:11:20.739575+00:00
SJ076,SpiceJet,DEL,MAA,2026-04-19 23:01:41.701,2026-04-20 02:02:41.701,03:01:00,181.0,True,DEL-MAA,SJ076_20260419230141,,accepted,2026-09-11 07:11:20.739575+00:00
SJ029,Unknown,HYD,DEL,2026-04-19 22:55:41.701,2026-04-20 00:22:41.701,01:27:00,87.0,True,HYD-DEL,SJ029_20260419225541,,accepted,2026-09-11 07:11:20.739575+00:00
SJ194,SpiceJet,CCU,DEL,2026-04-19 22:46:41.703,2026-04-20 02:31:41.703,03:45:00,225.0,True,CCU-DEL,SJ194_20260419224641,,accepted,2026-09-11 07:11:20.739575+00:00
AI235,Air India,BLR,HYD,2026-04-19 22:45:41.704,2026-04-20 02:12:41.704,03:27:00,207.0,True,BLR-HYD,AI235_20260419224541,,accepted,2026-09-11 07:11:20.739575+00:00
SJ048,SpiceJet,MAA,BLR,2026-04-19 22:43:41.701,2026-04-20 00:19:41.701,01:36:00,96.0,True,MAA-BLR,SJ048_20260419224341,,accepted,2026-09-11 07:11:20.739575+00:00
SJ114,SpiceJet,HYD,DEL,2026-04-19 22:42:41.702,2026-04-20 02:02:41.702,03:20:00,200.0,True,HYD-DEL,SJ114_20260419224241,,accepted,2026-09-11 07:11:20.739575+00:00
SJ146,SpiceJet,HYD,BLR,2026-04-19 22:37:41.702,2026-04-20 00:33:41.702,01:56:00,116.0,True,HYD-BLR,SJ146_20260419223741,,accepted,2026-09-11 07:11:20.739575+00:00
UK041,Vistara,HYD,MAA,2026-04-19 22:37:41.701,2026-04-19 23:44:41.701,01:07:00,67.0,False,HYD-MAA,UK041_20260419223741,,accepted,2026-09-11 07:11:20.739575+00:00
6F075,IndiGo,BOM,CCU,2026-04-19 22:20:41.702,2026-04-20 03:02:41.702,04:42:00,282.0,True,BOM-CCU,6F075_20260419222041,,accepted,2026-09-11 07:11:20.739575+00:00
SJ020,SpiceJet,BLR,BOM,2026-04-19 22:18:41.701,2026-04-20 02:27:41.701,04:09:00,249.0,True,BLR-BOM,SJ020_20260419221841,,accepted,2026-09-11 07:11:20.739575+00:00
SJ099,Unknown,MAA,BLR,2026-04-19 22:14:41.702,2026-04-20 00:34:41.702,02:20:00,140.0,True,MAA-BLR,SJ099_20260419221441,,accepted,2026-09-11 07:11:20.739575+00:00
6F078,IndiGo,BOM,CCU,2026-04-19 22:04:41.702,2026-04-19 23:37:41.702,01:33:00,93.0,False,BOM-CCU,6F078_20260419220441,,accepted,2026-09-11 07:11:20.739575+00:00
UK219,Vistara,BOM,HYD,2026-04-19 22:03:41.704,2026-04-20 02:21:41.704,04:18:00,258.0,True,BOM-HYD,UK219_20260419220341,,accepted,2026-09-11 07:11:20.739575+00:00
UK223,Vistara,CCU,DEL,2026-04-19 21:58:41.704,2026-04-19 22:30:41.704,00:32:00,32.0,False,CCU-DEL,UK223_20260419215841,,accepted,2026-09-11 07:11:20.739575+00:00
UK227,Vistara,BOM,HYD,2026-04-19 21:57:41.704,2026-04-20 01:47:41.704,03:50:00,230.0,True,BOM-HYD,UK227_20260419215741,,accepted,2026-09-11 07:11:20.739575+00:00
6F260,Unknown,CCU,DEL,2026-04-19 21:51:41.702,2026-04-20 01:14:41.702,03:23:00,203.0,True,CCU-DEL,6F260_20260419215141,,accepted,2026-09-11 07:11:20.739575+00:00
AI096,Air India,CCU,DEL,2026-04-19 21:48:41.702,2026-04-20 02:46:41.702,04:58:00,298.0,True,CCU-DEL,AI096_20260419214841,,accepted,2026-09-11 07:11:20.739575+00:00
6F022,IndiGo,MAA,BLR,2026-04-19 21:46:41.701,2026-04-20 02:05:41.701,04:19:00,259.0,True,MAA-BLR,6F022_20260419214641,,accepted,2026-09-11 07:11:20.739575+00:00
6F237,IndiGo,HYD,MAA,2026-04-19 21:41:41.704,2026-04-20 00:44:41.704,03:03:00,183.0,True,HYD-MAA,6F237_20260419214141,,accepted,2026-09-11 07:11:20.739575+00:00
UK146,Vistara,BOM,MAA,2026-04-19 21:40:41.703,2026-04-20 00:08:41.703,02:28:00,148.0,True,BOM-MAA,UK146_20260419214041,,accepted,2026-09-11 07:11:20.739575+00:00
SJ015,SpiceJet,BOM,CCU,2026-04-19 21:40:41.701,2026-04-19 22:52:41.701,01:12:00,72.0,False,BOM-CCU,SJ015_20260419214041,,accepted,2026-09-11 07:11:20.739575+00:00
AI108,Air India,BLR,CCU,2026-04-19 21:32:41.702,2026-04-20 00:17:41.702,02:45:00,165.0,True,BLR-CCU,AI108_20260419213241,,accepted,2026-09-11 07:11:20.739575+00:00
UK020,Vistara,MAA,BLR,2026-04-19 21:23:41.701,2026-04-19 22:38:41.701,01:15:00,75.0,False,MAA-BLR,UK020_20260419212341,,accepted,2026-09-11 07:11:20.739575+00:00
6F113,IndiGo,BOM,CCU,2026-04-19 21:04:41.702,2026-04-20 01:30:41.702,04:26:00,266.0,True,BOM-CCU,6F113_20260419210441,,accepted,2026-09-11 07:11:20.739575+00:00
6F112,IndiGo,HYD,DEL,2026-04-19 21:00:41.702,2026-04-19 23:16:41.702,02:16:00,136.0,False,HYD-DEL,6F112_20260419210041,,accepted,2026-09-11 07:11:20.739575+00:00
6F246,IndiGo,HYD,DEL,2026-04-19 21:00:41.702,2026-04-19 23:16:41.702,02:16:00,136.0,False,HYD-DEL,6F246_20260419210041,,accepted,2026-09-11 07:11:20.739575+00:00
UK158,Vistara,BOM,MAA,2026-04-19 20:49:41.703,2026-04-19 21:22:41.703,00:33:00,33.0,False,BOM-MAA,UK158_20260419204941,,accepted,2026-09-11 07:11:20.739575+00:00
UK159,Vistara,CCU,BLR,2026-04-19 20:45:41.703,2026-04-19 23:32:41.703,02:47:00,167.0,False,CCU-BLR,UK159_20260419204541,,accepted,2026-09-11 07:11:20.739575+00:00
UK084,Vistara,MAA,DEL,2026-04-19 20:44:41.702,2026-04-20 00:20:41.702,03:36:00,216.0,True,MAA-DEL,UK084_20260419204441,,accepted,2026-09-11 07:11:20.739575+00:00
SJ206,SpiceJet,DEL,CCU,2026-04-19 20:43:41.703,2026-04-20 01:21:41.703,04:38:00,278.0,True,DEL-CCU,SJ206_20260419204341,,accepted,2026-09-11 07:11:20.739575+00:00
UK044,Vistara,BLR,BOM,2026-04-19 20:31:41.701,2026-04-19 23:29:41.701,02:58:00,178.0,False,BLR-BOM,UK044_20260419203141,,accepted,2026-09-11 07:11:20.739575+00:00
SJ036,SpiceJet,DEL,HYD,2026-04-19 20:24:41.701,2026-04-19 23:54:41.701,03:30:00,210.0,False,DEL-HYD,SJ036_20260419202441,,accepted,2026-09-11 07:11:20.739575+00:00
6F176,IndiGo,CCU,DEL,2026-04-19 20:23:42.000,2026-04-19 23:23:42.000,03:00:00,180.0,False,CCU-DEL,6F176_20260419202342,,accepted,2026-09-11 07:11:20.739575+00:00
6F148,IndiGo,CCU,BOM,2026-04-19 20:23:41.703,2026-04-19 22:30:41.703,02:07:00,127.0,False,CCU-BOM,6F148_20260419202341,,accepted,2026-09-11 07:11:20.739575+00:00
6F202,IndiGo,HYD,BLR,2026-04-19 20:18:41.703,2026-04-19 23:48:41.703,03:30:00,210.0,False,HYD-BLR,6F202_20260419201841,,accepted,2026-09-11 07:11:20.739575+00:00
6F071,IndiGo,DEL,CCU,2026-04-19 20:18:41.702,2026-04-20 00:31:41.702,04:13:00,253.0,True,DEL-CCU,6F071_20260419201841,,accepted,2026-09-11 07:11:20.739575+00:00
AI105,Air India,CCU,DEL,2026-04-19 20:16:41.702,2026-04-19 22:03:41.702,01:47:00,107.0,False,CCU-DEL,AI105_20260419201641,,accepted,2026-09-11 07:11:20.739575+00:00
AI241,Air India,HYD,BLR,2026-04-19 20:11:41.704,2026-04-19 22:18:41.704,02:07:00,127.0,False,HYD-BLR,AI241_20260419201141,,accepted,2026-09-11 07:11:20.739575+00:00
SJ162,SpiceJet,DEL,HYD,2026-04-19 20:11:41.703,2026-04-19 22:30:41.703,02:19:00,139.0,False,DEL-HYD,SJ162_20260419201141,,accepted,2026-09-11 07:11:20.739575+00:00
6F003,IndiGo,HYD,BOM,2026-04-19 20:06:41.700,2026-04-19 23:13:41.700,03:07:00,187.0,False,HYD-BOM,6F003_20260419200641,,accepted,2026-09-11 07:11:20.739575+00:00
6F249,IndiGo,HYD,BOM,2026-04-19 20:06:41.700,2026-04-19 23:13:41.700,03:07:00,187.0,False,HYD-BOM,6F249_20260419200641,,accepted,2026-09-11 07:11:20.739575+00:00
AI237,Air India,BOM,CCU,2026-04-19 19:58:41.704,2026-04-19 23:13:41.704,03:15:00,195.0,False,BOM-CCU,AI237_20260419195841,,accepted,2026-09-11 07:11:20.739575+00:00
SJ134,SpiceJet,BOM,CCU,2026-04-19 19:58:41.702,2026-04-20 00:15:41.702,04:17:00,257.0,True,BOM-CCU,SJ134_20260419195841,,accepted,2026-09-11 07:11:20.739575+00:00
AI071,Air India,BOM,MAA,2026-04-19 19:55:41.702,2026-04-19 22:58:41.702,03:03:00,183.0,False,BOM-MAA,AI071_20260419195541,,accepted,2026-09-11 07:11:20.739575+00:00
6F118,IndiGo,CCU,HYD,2026-04-19 19:52:41.702,2026-04-19 21:01:41.702,01:09:00,69.0,False,CCU-HYD,6F118_20260419195241,,accepted,2026-09-11 07:11:20.739575+00:00
6F014,IndiGo,DEL,MAA,2026-04-19 19:42:41.701,2026-04-19 23:15:41.701,03:33:00,213.0,False,DEL-MAA,6F014_20260419194241,,accepted,2026-09-11 07:11:20.739575+00:00
6F065,IndiGo,MAA,BLR,2026-04-19 19:40:41.701,2026-04-19 22:23:41.701,02:43:00,163.0,False,MAA-BLR,6F065_20260419194041,,accepted,2026-09-11 07:11:20.739575+00:00
6F271,Unknown,HYD,MAA,2026-04-19 19:33:41.702,2026-04-19 22:52:41.702,03:19:00,199.0,False,HYD-MAA,6F271_20260419193341,,accepted,2026-09-11 07:11:20.739575+00:00
SJ070,SpiceJet,MAA,CCU,2026-04-19 18:55:41.701,2026-04-19 20:48:41.701,01:53:00,113.0,False,MAA-CCU,SJ070_20260419185541,,accepted,2026-09-11 07:11:20.739575+00:00
6F007,IndiGo,HYD,MAA,2026-04-19 18:55:41.701,2026-04-19 19:54:41.701,00:59:00,59.0,False,HYD-MAA,6F007_20260419185541,,accepted,2026-09-11 07:11:20.739575+00:00
UK007,Vistara,DEL,HYD,2026-04-19 18:50:41.701,2026-04-19 21:04:41.701,02:14:00,134.0,False,DEL-HYD,UK007_20260419185041,,accepted,2026-09-11 07:11:20.739575+00:00
AI097,Air India,HYD,MAA,2026-04-19 18:42:41.702,2026-04-19 23:34:41.702,04:52:00,292.0,False,HYD-MAA,AI097_20260419184241,,accepted,2026-09-11 07:11:20.739575+00:00
6F256,Unknown,BOM,CCU,2026-04-19 18:40:41.702,2026-04-19 19:13:41.702,00:33:00,33.0,False,BOM-CCU,6F256_20260419184041,,accepted,2026-09-11 07:11:20.739575+00:00
UK047,Vistara,BLR,HYD,2026-04-19 18:40:41.701,2026-04-19 22:45:41.701,04:05:00,245.0,False,BLR-HYD,UK047_20260419184041,,accepted,2026-09-11 07:11:20.739575+00:00
AI024,Air India,MAA,BOM,2026-04-19 18:38:41.701,2026-04-19 19:45:41.701,01:07:00,67.0,False,MAA-BOM,AI024_20260419183841,,accepted,2026-09-11 07:11:20.739575+00:00
UK113,Vistara,CCU,DEL,2026-04-19 18:34:41.702,2026-04-19 22:58:41.702,04:24:00,264.0,False,CCU-DEL,UK113_20260419183441,,accepted,2026-09-11 07:11:20.739575+00:00
SJ163,SpiceJet,DEL,HYD,2026-04-19 18:32:41.703,2026-04-19 23:08:41.703,04:36:00,276.0,False,DEL-HYD,SJ163_20260419183241,,accepted,2026-09-11 07:11:20.739575+00:00
SJ208,SpiceJet,DEL,HYD,2026-04-19 18:32:41.703,2026-04-19 19:33:41.703,01:01:00,61.0,False,DEL-HYD,SJ208_20260419183241,,accepted,2026-09-11 07:11:20.739575+00:00
SJ221,SpiceJet,MAA,HYD,2026-04-19 18:31:41.703,2026-04-19 23:17:41.703,04:46:00,286.0,False,MAA-HYD,SJ221_20260419183141,,accepted,2026-09-11 07:11:20.739575+00:00
SJ084,SpiceJet,HYD,MAA,2026-04-19 18:31:41.702,2026-04-19 19:30:41.702,00:59:00,59.0,False,HYD-MAA,SJ084_20260419183141,,accepted,2026-09-11 07:11:20.739575+00:00
6F127,IndiGo,HYD,BOM,2026-04-19 18:27:41.702,2026-04-19 22:28:41.702,04:01:00,241.0,False,HYD-BOM,6F127_20260419182741,,accepted,2026-09-11 07:11:20.739575+00:00
AI122,Air India,BOM,CCU,2026-04-19 18:25:41.702,2026-04-19 22:36:41.702,04:11:00,251.0,False,BOM-CCU,AI122_20260419182541,,accepted,2026-09-11 07:11:20.739575+00:00
AI139,Air India,HYD,MAA,2026-04-19 18:23:41.702,2026-04-19 19:24:41.702,01:01:00,61.0,False,HYD-MAA,AI139_20260419182341,,accepted,2026-09-11 07:11:20.739575+00:00
UK149,Vistara,MAA,DEL,2026-04-19 18:22:41.703,2026-04-19 23:08:41.703,04:46:00,286.0,False,MAA-DEL,UK149_20260419182241,,accepted,2026-09-11 07:11:20.739575+00:00
AI149,Air India,BOM,HYD,2026-04-19 18:19:41.703,2026-04-19 21:36:41.703,03:17:00,197.0,False,BOM-HYD,AI149_20260419181941,,accepted,2026-09-11 07:11:20.739575+00:00
SJ243,SpiceJet,BLR,DEL,2026-04-19 18:17:41.704,2026-04-19 23:03:41.704,04:46:00,286.0,False,BLR-DEL,SJ243_20260419181741,,accepted,2026-09-11 07:11:20.739575+00:00
AI053,Air India,CCU,DEL,2026-04-19 18:04:41.701,2026-04-19 22:19:41.701,04:15:00,255.0,False,CCU-DEL,AI053_20260419180441,,accepted,2026-09-11 07:11:20.739575+00:00
UK061,Vistara,BLR,BOM,2026-04-19 17:58:41.701,2026-04-19 19:48:41.701,01:50:00,110.0,False,BLR-BOM,UK061_20260419175841,,accepted,2026-09-11 07:11:20.739575+00:00
SJ004,SpiceJet,MAA,DEL,2026-04-19 17:52:41.701,2026-04-19 21:01:41.701,03:09:00,189.0,False,MAA-DEL,SJ004_20260419175241,,accepted,2026-09-11 07:11:20.739575+00:00
AI173,Air India,HYD,DEL,2026-04-19 17:36:41.703,2026-04-19 22:27:41.703,04:51:00,291.0,False,HYD-DEL,AI173_20260419173641,,accepted,2026-09-11 07:11:20.739575+00:00
6F085,IndiGo,HYD,MAA,2026-04-19 17:32:41.702,2026-04-19 19:32:42.000,02:00:00.298000,120.00496666666666,False,HYD-MAA,6F085_20260419173241,,accepted,2026-09-11 07:11:20.739575+00:00
AI252,Unknown,HYD,DEL,2026-04-19 17:30:41.704,2026-04-19 21:54:41.704,04:24:00,264.0,False,HYD-DEL,AI252_20260419173041,,accepted,2026-09-11 07:11:20.739575+00:00
SJ109,SpiceJet,BOM,DEL,2026-04-19 17:24:41.702,2026-04-19 20:28:41.702,03:04:00,184.0,False,BOM-DEL,SJ109_20260419172441,,accepted,2026-09-11 07:11:20.739575+00:00
UK123,Vistara,BOM,DEL,2026-04-19 17:24:41.702,2026-04-19 20:18:41.702,02:54:00,174.0,False,BOM-DEL,UK123_20260419172441,,accepted,2026-09-11 07:11:20.739575+00:00
6F125,IndiGo,BOM,CCU,2026-04-19 17:09:41.702,2026-04-19 21:13:41.702,04:04:00,244.0,False,BOM-CCU,6F125_20260419170941,,accepted,2026-09-11 07:11:20.739575+00:00
UK183,Vistara,BLR,CCU,2026-04-19 17:07:41.703,2026-04-19 18:30:41.703,01:23:00,83.0,False,BLR-CCU,UK183_20260419170741,,accepted,2026-09-11 07:11:20.739575+00:00
AI110,Air India,BOM,CCU,2026-04-19 17:07:41.702,2026-04-19 22:00:41.702,04:53:00,293.0,False,BOM-CCU,AI110_20260419170741,,accepted,2026-09-11 07:11:20.739575+00:00
UK105,Vistara,CCU,HYD,2026-04-19 17:04:41.702,2026-04-19 18:11:41.702,01:07:00,67.0,False,CCU-HYD,UK105_20260419170441,,accepted,2026-09-11 07:11:20.739575+00:00
6F128,IndiGo,HYD,DEL,2026-04-19 16:56:41.702,2026-04-19 18:03:41.702,01:07:00,67.0,False,HYD-DEL,6F128_20260419165641,,accepted,2026-09-11 07:11:20.739575+00:00
6F224,IndiGo,DEL,MAA,2026-04-19 16:53:41.704,2026-04-19 18:52:41.704,01:59:00,119.0,False,DEL-MAA,6F224_20260419165341,,accepted,2026-09-11 07:11:20.739575+00:00
SJ130,SpiceJet,BOM,DEL,2026-04-19 16:53:41.702,2026-04-19 20:53:41.702,04:00:00,240.0,False,BOM-DEL,SJ130_20260419165341,,accepted,2026-09-11 07:11:20.739575+00:00
AI224,Air India,DEL,HYD,2026-04-19 16:51:41.703,2026-04-19 21:36:41.703,04:45:00,285.0,False,DEL-HYD,AI224_20260419165141,,accepted,2026-09-11 07:11:20.739575+00:00
SJ182,SpiceJet,CCU,BOM,2026-04-19 16:48:41.703,2026-04-19 17:36:41.703,00:48:00,48.0,False,CCU-BOM,SJ182_20260419164841,,accepted,2026-09-11 07:11:20.739575+00:00
UK164,Vistara,BOM,HYD,2026-04-19 16:46:41.703,2026-04-19 21:10:41.703,04:24:00,264.0,False,BOM-HYD,UK164_20260419164641,,accepted,2026-09-11 07:11:20.739575+00:00
AI161,Air India,CCU,BOM,2026-04-19 16:40:41.703,2026-04-19 19:40:41.703,03:00:00,180.0,False,CCU-BOM,AI161_20260419164041,,accepted,2026-09-11 07:11:20.739575+00:00
6F206,IndiGo,DEL,BOM,2026-04-19 16:39:41.703,2026-04-19 20:59:41.703,04:20:00,260.0,False,DEL-BOM,6F206_20260419163941,,accepted,2026-09-11 07:11:20.739575+00:00
SJ204,SpiceJet,CCU,DEL,2026-04-19 16:34:41.703,2026-04-19 18:15:41.703,01:41:00,101.0,False,CCU-DEL,SJ204_20260419163441,,accepted,2026-09-11 07:11:20.739575+00:00
AI206,Air India,CCU,MAA,2026-04-19 16:30:41.703,2026-04-19 20:01:41.703,03:31:00,211.0,False,CCU-MAA,AI206_20260419163041,,accepted,2026-09-11 07:11:20.739575+00:00
6F140,IndiGo,CCU,HYD,2026-04-19 16:30:41.702,2026-04-19 18:21:41.702,01:51:00,111.0,False,CCU-HYD,6F140_20260419163041,,accepted,2026-09-11 07:11:20.739575+00:00
6F253,Unknown,MAA,BLR,2026-04-19 16:26:41.703,2026-04-19 18:24:41.703,01:58:00,118.0,False,MAA-BLR,6F253_20260419162641,,accepted,2026-09-11 07:11:20.739575+00:00
SJ203,Unknown,DEL,HYD,2026-04-19 16:22:41.703,2026-04-19 18:27:41.703,02:05:00,125.0,False,DEL-HYD,SJ203_20260419162241,,accepted,2026-09-11 07:11:20.739575+00:00
SJ161,SpiceJet,MAA,BLR,2026-04-19 16:22:41.703,2026-04-19 17:04:41.703,00:42:00,42.0,False,MAA-BLR,SJ161_20260419162241,,accepted,2026-09-11 07:11:20.739575+00:00
AI098,Air India,HYD,MAA,2026-04-19 16:01:41.702,2026-04-19 18:11:41.702,02:10:00,130.0,False,HYD-MAA,AI098_20260419160141,,accepted,2026-09-11 07:11:20.739575+00:00
AI168,Unknown,DEL,CCU,2026-04-19 15:50:41.703,2026-04-19 20:20:41.703,04:30:00,270.0,False,DEL-CCU,AI168_20260419155041,,accepted,2026-09-11 07:11:20.739575+00:00
UK190,Vistara,DEL,BLR,2026-04-19 15:49:41.703,2026-04-19 18:53:41.703,03:04:00,184.0,False,DEL-BLR,UK190_20260419154941,,accepted,2026-09-11 07:11:20.739575+00:00
AI085,Air India,DEL,HYD,2026-04-19 15:45:41.702,2026-04-19 20:33:41.702,04:48:00,288.0,False,DEL-HYD,AI085_20260419154541,,accepted,2026-09-11 07:11:20.739575+00:00
AI076,Air India,BLR,BOM,2026-04-19 15:37:41.702,2026-04-19 16:12:41.702,00:35:00,35.0,False,BLR-BOM,AI076_20260419153741,,accepted,2026-09-11 07:11:20.739575+00:00
UK130,Vistara,MAA,BLR,2026-04-19 15:36:41.702,2026-04-19 19:43:41.702,04:07:00,247.0,False,MAA-BLR,UK130_20260419153641,,accepted,2026-09-11 07:11:20.739575+00:00
6F038,IndiGo,HYD,MAA,2026-04-19 15:36:41.701,2026-04-19 19:33:41.701,03:57:00,237.0,False,HYD-MAA,6F038_20260419153641,,accepted,2026-09-11 07:11:20.739575+00:00
UK110,Vistara,HYD,DEL,2026-04-19 15:26:41.702,2026-04-19 20:13:41.702,04:47:00,287.0,False,HYD-DEL,UK110_20260419152641,,accepted,2026-09-11 07:11:20.739575+00:00
SJ013,SpiceJet,DEL,MAA,2026-04-19 15:25:41.701,2026-04-19 19:54:41.701,04:29:00,269.0,False,DEL-MAA,SJ013_20260419152541,,accepted,2026-09-11 07:11:20.739575+00:00
AI039,Air India,MAA,BLR,2026-04-19 15:24:41.701,2026-04-19 18:56:41.701,03:32:00,212.0,False,MAA-BLR,AI039_20260419152441,,accepted,2026-09-11 07:11:20.739575+00:00
AI248,Air India,CCU,DEL,2026-04-19 15:17:41.704,2026-04-19 16:35:41.704,01:18:00,78.0,False,CCU-DEL,AI248_20260419151741,,accepted,2026-09-11 07:11:20.739575+00:00
6F199,IndiGo,DEL,MAA,2026-04-19 15:15:41.703,2026-04-19 17:32:41.703,02:17:00,137.0,False,DEL-MAA,6F199_20260419151541,,accepted,2026-09-11 07:11:20.739575+00:00
AI225,Air India,BOM,BLR,2026-04-19 15:05:41.703,2026-04-19 16:01:41.703,00:56:00,56.0,False,BOM-BLR,AI225_20260419150541,,accepted,2026-09-11 07:11:20.739575+00:00
SJ028,SpiceJet,CCU,BOM,2026-04-19 15:04:41.701,2026-04-19 19:32:41.701,04:28:00,268.0,False,CCU-BOM,SJ028_20260419150441,,accepted,2026-09-11 07:11:20.739575+00:00
SJ012,SpiceJet,HYD,BLR,2026-04-19 15:01:41.701,2026-04-19 16:12:41.701,01:11:00,71.0,False,HYD-BLR,SJ012_20260419150141,,accepted,2026-09-11 07:11:20.739575+00:00
SJ131,SpiceJet,MAA,HYD,2026-04-19 15:00:41.702,2026-04-19 16:07:41.702,01:07:00,67.0,False,MAA-HYD,SJ131_20260419150041,,accepted,2026-09-11 07:11:20.739575+00:00
AI010,Air India,BOM,HYD,2026-04-19 15:00:41.701,2026-04-19 19:48:41.701,04:48:00,288.0,False,BOM-HYD,AI010_20260419150041,,accepted,2026-09-11 07:11:20.739575+00:00
6F020,IndiGo,BOM,HYD,2026-04-19 14:58:41.701,2026-04-19 16:43:41.701,01:45:00,105.0,False,BOM-HYD,6F020_20260419145841,,accepted,2026-09-11 07:11:20.739575+00:00
SJ038,SpiceJet,BLR,DEL,2026-04-19 14:57:41.701,2026-04-19 17:46:41.701,02:49:00,169.0,False,BLR-DEL,SJ038_20260419145741,,accepted,2026-09-11 07:11:20.739575+00:00
UK204,Vistara,BLR,DEL,2026-04-19 14:46:41.703,2026-04-19 16:24:41.703,01:38:00,98.0,False,BLR-DEL,UK204_20260419144641,,accepted,2026-09-11 07:11:20.739575+00:00
AI036,Air India,BOM,CCU,2026-04-19 14:45:41.701,2026-04-19 16:16:41.701,01:31:00,91.0,False,BOM-CCU,AI036_20260419144541,,accepted,2026-09-11 07:11:20.739575+00:00
AI100,Unknown,CCU,BOM,2026-04-19 14:42:41.702,2026-04-19 18:22:41.702,03:40:00,220.0,False,CCU-BOM,AI100_20260419144241,,accepted,2026-09-11 07:11:20.739575+00:00
SJ215,SpiceJet,CCU,DEL,2026-04-19 14:37:41.703,2026-04-19 16:12:41.703,01:35:00,95.0,False,CCU-DEL,SJ215_20260419143741,,accepted,2026-09-11 07:11:20.739575+00:00
UK155,Vistara,MAA,HYD,2026-04-19 14:34:41.703,2026-04-19 18:37:41.703,04:03:00,243.0,False,MAA-HYD,UK155_20260419143441,,accepted,2026-09-11 07:11:20.739575+00:00
SJ173,SpiceJet,CCU,HYD,2026-04-19 14:27:41.703,2026-04-19 16:09:41.703,01:42:00,102.0,False,CCU-HYD,SJ173_20260419142741,,accepted,2026-09-11 07:11:20.739575+00:00
UK179,Vistara,DEL,HYD,2026-04-19 14:25:41.703,2026-04-19 19:15:41.703,04:50:00,290.0,False,DEL-HYD,UK179_20260419142541,,accepted,2026-09-11 07:11:20.739575+00:00
UK221,Vistara,CCU,DEL,2026-04-19 14:18:41.704,2026-04-19 18:44:41.704,04:26:00,266.0,False,CCU-DEL,UK221_20260419141841,,accepted,2026-09-11 07:11:20.739575+00:00
UK023,Vistara,DEL,MAA,2026-04-19 14:15:41.701,2026-04-19 19:03:41.701,04:48:00,288.0,False,DEL-MAA,UK023_20260419141541,,accepted,2026-09-11 07:11:20.739575+00:00
SJ107,SpiceJet,BOM,MAA,2026-04-19 14:10:41.702,2026-04-19 18:38:41.702,04:28:00,268.0,False,BOM-MAA,SJ107_20260419141041,,accepted,2026-09-11 07:11:20.739575+00:00
AI073,Air India,BOM,BLR,2026-04-19 14:08:41.702,2026-04-19 16:10:41.702,02:02:00,122.0,False,BOM-BLR,AI073_20260419140841,,accepted,2026-09-11 07:11:20.739575+00:00
SJ187,SpiceJet,MAA,BLR,2026-04-19 14:07:41.703,2026-04-19 17:30:41.703,03:23:00,203.0,False,MAA-BLR,SJ187_20260419140741,,accepted,2026-09-11 07:11:20.739575+00:00
UK058,Vistara,MAA,BOM,2026-04-19 13:46:41.701,2026-04-19 17:04:41.701,03:18:00,198.0,False,MAA-BOM,UK058_20260419134641,,accepted,2026-09-11 07:11:20.739575+00:00
SJ063,SpiceJet,MAA,BOM,2026-04-19 13:38:41.701,2026-04-19 15:23:41.701,01:45:00,105.0,False,MAA-BOM,SJ063_20260419133841,,accepted,2026-09-11 07:11:20.739575+00:00
SJ062,SpiceJet,BLR,HYD,2026-04-19 13:37:41.701,2026-04-19 17:06:41.701,03:29:00,209.0,False,BLR-HYD,SJ062_20260419133741,,accepted,2026-09-11 07:11:20.739575+00:00
UK048,Vistara,MAA,DEL,2026-04-19 13:36:41.701,2026-04-19 18:21:41.701,04:45:00,285.0,False,MAA-DEL,UK048_20260419133641,,accepted,2026-09-11 07:11:20.739575+00:00
AI181,Air India,MAA,HYD,2026-04-19 13:29:41.703,2026-04-19 16:55:41.703,03:26:00,206.0,False,MAA-HYD,AI181_20260419132941,,accepted,2026-09-11 07:11:20.739575+00:00
AI003,Air India,BLR,HYD,2026-04-19 13:27:41.701,2026-04-19 16:55:41.701,03:28:00,208.0,False,BLR-HYD,AI003_20260419132741,,accepted,2026-09-11 07:11:20.739575+00:00
6F041,IndiGo,MAA,BOM,2026-04-19 13:19:41.701,2026-04-19 16:48:41.701,03:29:00,209.0,False,MAA-BOM,6F041_20260419131941,,accepted,2026-09-11 07:11:20.739575+00:00
6F175,IndiGo,MAA,CCU,2026-04-19 13:18:41.703,2026-04-19 15:13:41.703,01:55:00,115.0,False,MAA-CCU,6F175_20260419131841,,accepted,2026-09-11 07:11:20.739575+00:00
6F013,IndiGo,BOM,CCU,2026-04-19 13:15:41.701,2026-04-19 18:05:41.701,04:50:00,290.0,False,BOM-CCU,6F013_20260419131541,,accepted,2026-09-11 07:11:20.739575+00:00
SJ040,SpiceJet,BOM,CCU,2026-04-19 13:12:41.701,2026-04-19 16:44:41.701,03:32:00,212.0,False,BOM-CCU,SJ040_20260419131241,,accepted,2026-09-11 07:11:20.739575+00:00
SJ016,SpiceJet,HYD,CCU,2026-04-19 13:01:41.701,2026-04-19 16:26:41.701,03:25:00,205.0,False,HYD-CCU,SJ016_20260419130141,,accepted,2026-09-11 07:11:20.739575+00:00
6F135,IndiGo,MAA,HYD,2026-04-19 12:59:41.702,2026-04-19 13:45:41.702,00:46:00,46.0,False,MAA-HYD,6F135_20260419125941,,accepted,2026-09-11 07:11:20.739575+00:00
6F150,IndiGo,HYD,MAA,2026-04-19 12:55:41.703,2026-04-19 16:53:41.703,03:58:00,238.0,False,HYD-MAA,6F150_20260419125541,,accepted,2026-09-11 07:11:20.739575+00:00
AI083,Air India,DEL,BOM,2026-04-19 12:54:41.702,2026-04-19 13:37:41.702,00:43:00,43.0,False,DEL-BOM,AI083_20260419125441,,accepted,2026-09-11 07:11:20.739575+00:00
SJ166,SpiceJet,CCU,HYD,2026-04-19 12:51:41.703,2026-04-19 16:18:41.703,03:27:00,207.0,False,CCU-HYD,SJ166_20260419125141,,accepted,2026-09-11 07:11:20.739575+00:00
SJ027,Unknown,BOM,MAA,2026-04-19 12:50:41.701,2026-04-19 17:13:41.701,04:23:00,263.0,False,BOM-MAA,SJ027_20260419125041,,accepted,2026-09-11 07:11:20.739575+00:00
6F134,IndiGo,BLR,MAA,2026-04-19 12:47:41.702,2026-04-19 14:06:41.702,01:19:00,79.0,False,BLR-MAA,6F134_20260419124741,,accepted,2026-09-11 07:11:20.739575+00:00
UK225,Vistara,MAA,BLR,2026-04-19 12:46:41.704,2026-04-19 15:02:41.704,02:16:00,136.0,False,MAA-BLR,UK225_20260419124641,,accepted,2026-09-11 07:11:20.739575+00:00
SJ175,SpiceJet,MAA,BLR,2026-04-19 12:46:41.703,2026-04-19 16:50:41.703,04:04:00,244.0,False,MAA-BLR,SJ175_20260419124641,,accepted,2026-09-11 07:11:20.739575+00:00
AI182,Air India,HYD,DEL,2026-04-19 12:41:41.703,2026-04-19 17:14:41.703,04:33:00,273.0,False,HYD-DEL,AI182_20260419124141,,accepted,2026-09-11 07:11:20.739575+00:00
AI190,Air India,BOM,CCU,2026-04-19 12:38:41.703,2026-04-19 15:56:41.703,03:18:00,198.0,False,BOM-CCU,AI190_20260419123841,,accepted,2026-09-11 07:11:20.739575+00:00
AI120,Air India,MAA,CCU,2026-04-19 12:12:41.702,2026-04-19 14:18:41.702,02:06:00,126.0,False,MAA-CCU,AI120_20260419121241,,accepted,2026-09-11 07:11:20.739575+00:00
6F132,IndiGo,MAA,BOM,2026-04-19 12:00:41.702,2026-04-19 13:00:42.000,01:00:00.298000,60.00496666666666,False,MAA-BOM,6F132_20260419120041,,accepted,2026-09-11 07:11:20.739575+00:00
UK102,Vistara,HYD,CCU,2026-04-19 11:58:41.702,2026-04-19 14:01:41.702,02:03:00,123.0,False,HYD-CCU,UK102_20260419115841,,accepted,2026-09-11 07:11:20.739575+00:00
AI045,Air India,HYD,MAA,2026-04-19 11:58:41.701,2026-04-19 14:37:41.701,02:39:00,159.0,False,HYD-MAA,AI045_20260419115841,,accepted,2026-09-11 07:11:20.739575+00:00
UK136,Vistara,HYD,CCU,2026-04-19 11:43:41.703,2026-04-19 15:26:41.703,03:43:00,223.0,False,HYD-CCU,UK136_20260419114341,,accepted,2026-09-11 07:11:20.739575+00:00
SJ238,SpiceJet,MAA,BLR,2026-04-19 11:41:41.704,2026-04-19 15:39:41.704,03:58:00,238.0,False,MAA-BLR,SJ238_20260419114141,,accepted,2026-09-11 07:11:20.739575+00:00
AI193,Air India,MAA,HYD,2026-04-19 11:33:41.703,2026-04-19 16:07:41.703,04:34:00,274.0,False,MAA-HYD,AI193_20260419113341,,accepted,2026-09-11 07:11:20.739575+00:00
6F001,IndiGo,HYD,BOM,2026-04-19 11:33:41.700,2026-04-19 13:08:41.700,01:35:00,95.0,False,HYD-BOM,6F001_20260419113341,,accepted,2026-09-11 07:11:20.739575+00:00
6F211,IndiGo,MAA,BLR,2026-04-19 11:29:41.703,2026-04-19 16:20:41.703,04:51:00,291.0,False,MAA-BLR,6F211_20260419112941,,accepted,2026-09-11 07:11:20.739575+00:00
SJ199,SpiceJet,HYD,BOM,2026-04-19 11:29:41.703,2026-04-19 13:59:41.703,02:30:00,150.0,False,HYD-BOM,SJ199_20260419112941,,accepted,2026-09-11 07:11:20.739575+00:00
SJ050,SpiceJet,HYD,CCU,2026-04-19 11:24:41.701,2026-04-19 12:03:41.701,00:39:00,39.0,False,HYD-CCU,SJ050_20260419112441,,accepted,2026-09-11 07:11:20.739575+00:00
UK115,Vistara,BLR,BOM,2026-04-19 11:20:41.702,2026-04-19 13:20:42.000,02:00:00.298000,120.00496666666666,False,BLR-BOM,UK115_20260419112041,,accepted,2026-09-11 07:11:20.739575+00:00
AI037,Unknown,BOM,BLR,2026-04-19 11:14:41.701,2026-04-19 15:13:41.701,03:59:00,239.0,False,BOM-BLR,AI037_20260419111441,,accepted,2026-09-11 07:11:20.739575+00:00
6F235,IndiGo,HYD,MAA,2026-04-19 11:06:41.704,2026-04-19 13:51:41.704,02:45:00,165.0,False,HYD-MAA,6F235_20260419110641,,accepted,2026-09-11 07:11:20.739575+00:00
UK111,Vistara,MAA,BLR,2026-04-19 11:06:41.702,2026-04-19 12:20:41.702,01:14:00,74.0,False,MAA-BLR,UK111_20260419110641,,accepted,2026-09-11 07:11:20.739575+00:00
6F005,IndiGo,BOM,MAA,2026-04-19 11:04:41.701,2026-04-19 15:27:41.701,04:23:00,263.0,False,BOM-MAA,6F005_20260419110441,,accepted,2026-09-11 07:11:20.739575+00:00
AI198,Air India,CCU,MAA,2026-04-19 10:56:41.703,2026-04-19 14:19:41.703,03:23:00,203.0,False,CCU-MAA,AI198_20260419105641,,accepted,2026-09-11 07:11:20.739575+00:00
UK184,Vistara,MAA,HYD,2026-04-19 10:49:41.703,2026-04-19 13:00:41.703,02:11:00,131.0,False,MAA-HYD,UK184_20260419104941,,accepted,2026-09-11 07:11:20.739575+00:00
6F219,IndiGo,MAA,DEL,2026-04-19 10:32:41.704,2026-04-19 14:37:41.704,04:05:00,245.0,False,MAA-DEL,6F219_20260419103241,,accepted,2026-09-11 07:11:20.739575+00:00
UK066,Vistara,BOM,CCU,2026-04-19 10:29:41.701,2026-04-19 12:07:41.701,01:38:00,98.0,False,BOM-CCU,UK066_20260419102941,,accepted,2026-09-11 07:11:20.739575+00:00
6F220,IndiGo,HYD,BOM,2026-04-19 10:27:41.704,2026-04-19 11:25:41.704,00:58:00,58.0,False,HYD-BOM,6F220_20260419102741,,accepted,2026-09-11 07:11:20.739575+00:00
AI180,Air India,BOM,CCU,2026-04-19 10:19:41.703,2026-04-19 11:00:41.703,00:41:00,41.0,False,BOM-CCU,AI180_20260419101941,,accepted,2026-09-11 07:11:20.739575+00:00
6F098,IndiGo,BLR,MAA,2026-04-19 10:18:41.702,2026-04-19 12:49:41.702,02:31:00,151.0,False,BLR-MAA,6F098_20260419101841,,accepted,2026-09-11 07:11:20.739575+00:00
AI141,Air India,BLR,DEL,2026-04-19 10:16:41.702,2026-04-19 14:53:41.702,04:37:00,277.0,False,BLR-DEL,AI141_20260419101641,,accepted,2026-09-11 07:11:20.739575+00:00
SJ170,SpiceJet,BLR,BOM,2026-04-19 10:11:41.703,2026-04-19 11:56:41.703,01:45:00,105.0,False,BLR-BOM,SJ170_20260419101141,,accepted,2026-09-11 07:11:20.739575+00:00
SJ178,SpiceJet,BOM,HYD,2026-04-19 09:58:41.703,2026-04-19 12:27:41.703,02:29:00,149.0,False,BOM-HYD,SJ178_20260419095841,,accepted,2026-09-11 07:11:20.739575+00:00
6F172,IndiGo,BOM,BLR,2026-04-19 09:53:41.703,2026-04-19 14:46:41.703,04:53:00,293.0,False,BOM-BLR,6F172_20260419095341,,accepted,2026-09-11 07:11:20.739575+00:00
UK220,Vistara,BLR,BOM,2026-04-19 09:51:41.704,2026-04-19 13:25:41.704,03:34:00,214.0,False,BLR-BOM,UK220_20260419095141,,accepted,2026-09-11 07:11:20.739575+00:00
SJ148,SpiceJet,DEL,BLR,2026-04-19 09:51:41.702,2026-04-19 13:41:41.702,03:50:00,230.0,False,DEL-BLR,SJ148_20260419095141,,accepted,2026-09-11 07:11:20.739575+00:00
UK065,Vistara,BOM,CCU,2026-04-19 09:38:41.701,2026-04-19 13:46:41.701,04:08:00,248.0,False,BOM-CCU,UK065_20260419093841,,accepted,2026-09-11 07:11:20.739575+00:00
6F243,IndiGo,BOM,HYD,2026-04-19 09:37:41.704,2026-04-19 10:33:41.704,00:56:00,56.0,False,BOM-HYD,6F243_20260419093741,,accepted,2026-09-11 07:11:20.739575+00:00
SJ193,SpiceJet,CCU,DEL,2026-04-19 09:37:41.703,2026-04-19 12:16:41.703,02:39:00,159.0,False,CCU-DEL,SJ193_20260419093741,,accepted,2026-09-11 07:11:20.739575+00:00
UK056,Vistara,HYD,MAA,2026-04-19 09:29:41.701,2026-04-19 10:15:41.701,00:46:00,46.0,False,HYD-MAA,UK056_20260419092941,,accepted,2026-09-11 07:11:20.739575+00:00
AI219,Unknown,BLR,DEL,2026-04-19 09:28:41.703,2026-04-19 11:27:41.703,01:59:00,119.0,False,BLR-DEL,AI219_20260419092841,,accepted,2026-09-11 07:11:20.739575+00:00
SJ073,SpiceJet,CCU,BLR,2026-04-19 09:26:41.701,2026-04-19 11:14:41.701,01:48:00,108.0,False,CCU-BLR,SJ073_20260419092641,,accepted,2026-09-11 07:11:20.739575+00:00
6F052,IndiGo,BOM,CCU,2026-04-19 09:13:41.701,2026-04-19 12:02:41.701,02:49:00,169.0,False,BOM-CCU,6F052_20260419091341,,accepted,2026-09-11 07:11:20.739575+00:00
SJ201,SpiceJet,BLR,DEL,2026-04-19 09:10:41.703,2026-04-19 11:12:41.703,02:02:00,122.0,False,BLR-DEL,SJ201_20260419091041,,accepted,2026-09-11 07:11:20.739575+00:00
UK028,Vistara,HYD,MAA,2026-04-19 09:02:41.701,2026-04-19 10:37:41.701,01:35:00,95.0,False,HYD-MAA,UK028_20260419090241,,accepted,2026-09-11 07:11:20.739575+00:00
SJ119,SpiceJet,BOM,CCU,2026-04-19 08:53:41.702,2026-04-19 11:29:41.702,02:36:00,156.0,False,BOM-CCU,SJ119_20260419085341,,accepted,2026-09-11 07:11:20.739575+00:00
AI165,Air India,DEL,CCU,2026-04-19 08:51:41.703,2026-04-19 10:31:41.703,01:40:00,100.0,False,DEL-CCU,AI165_20260419085141,,accepted,2026-09-11 07:11:20.739575+00:00
AI255,Air India,MAA,CCU,2026-04-19 08:45:41.704,2026-04-19 13:12:41.704,04:27:00,267.0,False,MAA-CCU,AI255_20260419084541,,accepted,2026-09-11 07:11:20.739575+00:00
AI202,Air India,HYD,BLR,2026-04-19 08:44:41.703,2026-04-19 10:53:41.703,02:09:00,129.0,False,HYD-BLR,AI202_20260419084441,,accepted,2026-09-11 07:11:20.739575+00:00
SJ039,SpiceJet,MAA,BOM,2026-04-19 08:41:41.701,2026-04-19 12:08:41.701,03:27:00,207.0,False,MAA-BOM,SJ039_20260419084141,,accepted,2026-09-11 07:11:20.739575+00:00
SJ051,Unknown,BOM,BLR,2026-04-19 08:40:41.701,2026-04-19 12:18:41.701,03:38:00,218.0,False,BOM-BLR,SJ051_20260419084041,,accepted,2026-09-11 07:11:20.739575+00:00
UK024,Vistara,MAA,BLR,2026-04-19 08:29:41.701,2026-04-19 13:29:41.701,05:00:00,300.0,False,MAA-BLR,UK024_20260419082941,,accepted,2026-09-11 07:11:20.739575+00:00
SJ006,SpiceJet,HYD,BLR,2026-04-19 08:25:41.701,2026-04-19 08:57:41.701,00:32:00,32.0,False,HYD-BLR,SJ006_20260419082541,,accepted,2026-09-11 07:11:20.739575+00:00
AI207,Air India,BOM,MAA,2026-04-19 08:24:41.703,2026-04-19 11:23:41.703,02:59:00,179.0,False,BOM-MAA,AI207_20260419082441,,accepted,2026-09-11 07:11:20.739575+00:00
SJ168,SpiceJet,CCU,BOM,2026-04-19 08:17:41.703,2026-04-19 12:29:41.703,04:12:00,252.0,False,CCU-BOM,SJ168_20260419081741,,accepted,2026-09-11 07:11:20.739575+00:00
AI028,Air India,HYD,BOM,2026-04-19 07:53:41.701,2026-04-19 08:35:41.701,00:42:00,42.0,False,HYD-BOM,AI028_20260419075341,,accepted,2026-09-11 07:11:20.739575+00:00
6F094,IndiGo,BLR,BOM,2026-04-19 07:37:41.702,2026-04-19 09:06:41.702,01:29:00,89.0,False,BLR-BOM,6F094_20260419073741,,accepted,2026-09-11 07:11:20.739575+00:00
6F024,IndiGo,BOM,DEL,2026-04-19 07:31:41.701,2026-04-19 11:17:41.701,03:46:00,226.0,False,BOM-DEL,6F024_20260419073141,,accepted,2026-09-11 07:11:20.739575+00:00
6F061,IndiGo,MAA,BOM,2026-04-19 07:28:41.701,2026-04-19 08:09:41.701,00:41:00,41.0,False,MAA-BOM,6F061_20260419072841,,accepted,2026-09-11 07:11:20.739575+00:00
AI032,Air India,MAA,BLR,2026-04-19 07:26:41.701,2026-04-19 09:26:42.000,02:00:00.299000,120.00498333333333,False,MAA-BLR,AI032_20260419072641,,accepted,2026-09-11 07:11:20.739575+00:00
UK163,Vistara,DEL,HYD,2026-04-19 07:22:41.703,2026-04-19 09:04:41.703,01:42:00,102.0,False,DEL-HYD,UK163_20260419072241,,accepted,2026-09-11 07:11:20.739575+00:00
SJ067,SpiceJet,MAA,BLR,2026-04-19 07:17:41.701,2026-04-19 08:16:41.701,00:59:00,59.0,False,MAA-BLR,SJ067_20260419071741,,accepted,2026-09-11 07:11:20.739575+00:00
SJ106,SpiceJet,CCU,DEL,2026-04-19 07:16:41.702,2026-04-19 09:40:41.702,02:24:00,144.0,False,CCU-DEL,SJ106_20260419071641,,accepted,2026-09-11 07:11:20.739575+00:00
AI086,Air India,CCU,HYD,2026-04-19 07:13:41.702,2026-04-19 10:09:41.702,02:56:00,176.0,False,CCU-HYD,AI086_20260419071341,,accepted,2026-09-11 07:11:20.739575+00:00
6F263,Unknown,DEL,HYD,2026-04-19 07:07:41.703,2026-04-19 08:30:41.703,01:23:00,83.0,False,DEL-HYD,6F263_20260419070741,,accepted,2026-09-11 07:11:20.739575+00:00
6F163,IndiGo,MAA,BOM,2026-04-19 06:49:41.703,2026-04-19 10:46:41.703,03:57:00,237.0,False,MAA-BOM,6F163_20260419064941,,accepted,2026-09-11 07:11:20.739575+00:00
SJ064,SpiceJet,CCU,DEL,2026-04-19 06:29:41.701,2026-04-19 08:43:41.701,02:14:00,134.0,False,CCU-DEL,SJ064_20260419062941,,accepted,2026-09-11 07:11:20.739575+00:00
UK118,Vistara,HYD,BLR,2026-04-19 06:22:41.702,2026-04-19 07:22:42.000,01:00:00.298000,60.00496666666666,False,HYD-BLR,UK118_20260419062241,,accepted,2026-09-11 07:11:20.739575+00:00
UK022,Vistara,DEL,HYD,2026-04-19 06:22:41.701,2026-04-19 10:59:41.701,04:37:00,277.0,False,DEL-HYD,UK022_20260419062241,,accepted,2026-09-11 07:11:20.739575+00:00
UK099,Vistara,BOM,MAA,2026-04-19 06:16:41.702,2026-04-19 10:24:41.702,04:08:00,248.0,False,BOM-MAA,UK099_20260419061641,,accepted,2026-09-11 07:11:20.739575+00:00
6F212,IndiGo,BLR,CCU,2026-04-19 06:10:41.703,2026-04-19 10:52:41.703,04:42:00,282.0,False,BLR-CCU,6F212_20260419061041,,accepted,2026-09-11 07:11:20.739575+00:00
AI023,Air India,HYD,BLR,2026-04-19 06:10:41.701,2026-04-19 09:35:41.701,03:25:00,205.0,False,HYD-BLR,AI023_20260419061041,,accepted,2026-09-11 07:11:20.739575+00:00
SJ245,SpiceJet,BOM,DEL,2026-04-19 06:07:41.704,2026-04-19 09:39:41.704,03:32:00,212.0,False,BOM-DEL,SJ245_20260419060741,,accepted,2026-09-11 07:11:20.739575+00:00
6F066,IndiGo,BLR,HYD,2026-04-19 06:07:41.701,2026-04-19 07:43:41.701,01:36:00,96.0,False,BLR-HYD,6F066_20260419060741,,accepted,2026-09-11 07:11:20.739575+00:00
AI138,Air India,DEL,CCU,2026-04-19 05:50:41.702,2026-04-19 06:40:41.702,00:50:00,50.0,False,DEL-CCU,AI138_20260419055041,,accepted,2026-09-11 07:11:20.739575+00:00
SJ021,SpiceJet,HYD,BLR,2026-04-19 05:48:41.701,2026-04-19 09:46:41.701,03:58:00,238.0,False,HYD-BLR,SJ021_20260419054841,,accepted,2026-09-11 07:11:20.739575+00:00
SJ136,SpiceJet,HYD,BLR,2026-04-19 05:45:41.702,2026-04-19 08:04:41.702,02:19:00,139.0,False,HYD-BLR,SJ136_20260419054541,,accepted,2026-09-11 07:11:20.739575+00:00
AI148,Air India,HYD,MAA,2026-04-19 05:41:41.703,2026-04-19 08:32:41.703,02:51:00,171.0,False,HYD-MAA,AI148_20260419054141,,accepted,2026-09-11 07:11:20.739575+00:00
SJ014,SpiceJet,BOM,HYD,2026-04-19 05:40:41.701,2026-04-19 06:39:41.701,00:59:00,59.0,False,BOM-HYD,SJ014_20260419054041,,accepted,2026-09-11 07:11:20.739575+00:00
6F104,IndiGo,CCU,BOM,2026-04-19 05:39:41.702,2026-04-19 06:14:41.702,00:35:00,35.0,False,CCU-BOM,6F104_20260419053941,,accepted,2026-09-11 07:11:20.739575+00:00
SJ121,SpiceJet,CCU,DEL,2026-04-19 05:32:41.702,2026-04-19 06:47:41.702,01:15:00,75.0,False,CCU-DEL,SJ121_20260419053241,,accepted,2026-09-11 07:11:20.739575+00:00
UK174,Vistara,CCU,DEL,2026-04-19 05:27:41.703,2026-04-19 07:47:41.703,02:20:00,140.0,False,CCU-DEL,UK174_20260419052741,,accepted,2026-09-11 07:11:20.739575+00:00
AI033,Air India,MAA,CCU,2026-04-19 05:25:41.701,2026-04-19 10:21:41.701,04:56:00,296.0,False,MAA-CCU,AI033_20260419052541,,accepted,2026-09-11 07:11:20.739575+00:00
SJ122,SpiceJet,CCU,BOM,2026-04-19 05:22:41.702,2026-04-19 10:09:41.702,04:47:00,287.0,False,CCU-BOM,SJ122_20260419052241,,accepted,2026-09-11 07:11:20.739575+00:00
UK095,Vistara,BOM,MAA,2026-04-19 05:22:41.702,2026-04-19 07:36:41.702,02:14:00,134.0,False,BOM-MAA,UK095_20260419052241,,accepted,2026-09-11 07:11:20.739575+00:00
SJ026,SpiceJet,CCU,MAA,2026-04-19 05:22:41.701,2026-04-19 09:40:41.701,04:18:00,258.0,False,CCU-MAA,SJ026_20260419052241,,accepted,2026-09-11 07:11:20.739575+00:00
6F221,IndiGo,MAA,DEL,2026-04-19 05:20:41.704,2026-04-19 08:52:41.704,03:32:00,212.0,False,MAA-DEL,6F221_20260419052041,,accepted,2026-09-11 07:11:20.739575+00:00
SJ103,SpiceJet,MAA,BLR,2026-04-19 05:16:41.702,2026-04-19 08:56:41.702,03:40:00,220.0,False,MAA-BLR,SJ103_20260419051641,,accepted,2026-09-11 07:11:20.739575+00:00
SJ011,SpiceJet,BOM,MAA,2026-04-19 05:14:41.701,2026-04-19 09:59:41.701,04:45:00,285.0,False,BOM-MAA,SJ011_20260419051441,,accepted,2026-09-11 07:11:20.739575+00:00
AI002,Air India,HYD,BLR,2026-04-19 05:12:41.700,2026-04-19 07:12:41.700,02:00:00,120.0,False,HYD-BLR,AI002_20260419051241,,accepted,2026-09-11 07:11:20.739575+00:00
AI046,Unknown,DEL,BOM,2026-04-19 05:09:41.701,2026-04-19 08:00:41.701,02:51:00,171.0,False,DEL-BOM,AI046_20260419050941,,accepted,2026-09-11 07:11:20.739575+00:00
SJ053,SpiceJet,CCU,DEL,2026-04-19 05:00:41.701,2026-04-19 06:38:41.701,01:38:00,98.0,False,CCU-DEL,SJ053_20260419050041,,accepted,2026-09-11 07:11:20.739575+00:00
AI236,Air India,DEL,BOM,2026-04-19 04:52:41.704,2026-04-19 09:11:41.704,04:19:00,259.0,False,DEL-BOM,AI236_20260419045241,,accepted,2026-09-11 07:11:20.739575+00:00
AI254,Air India,CCU,HYD,2026-04-19 04:46:41.704,2026-04-19 08:06:41.704,03:20:00,200.0,False,CCU-HYD,AI254_20260419044641,,accepted,2026-09-11 07:11:20.739575+00:00
6F063,IndiGo,DEL,HYD,2026-04-19 04:42:41.701,2026-04-19 07:31:41.701,02:49:00,169.0,False,DEL-HYD,6F063_20260419044241,,accepted,2026-09-11 07:11:20.739575+00:00
6F115,IndiGo,MAA,BLR,2026-04-19 04:41:41.702,2026-04-19 06:23:41.702,01:42:00,102.0,False,MAA-BLR,6F115_20260419044141,,accepted,2026-09-11 07:11:20.739575+00:00
UK070,Vistara,BOM,DEL,2026-04-19 04:36:41.701,2026-04-19 06:49:41.701,02:13:00,133.0,False,BOM-DEL,UK070_20260419043641,,accepted,2026-09-11 07:11:20.739575+00:00
SJ147,SpiceJet,BLR,CCU,2026-04-19 04:30:41.702,2026-04-19 08:52:41.702,04:22:00,262.0,False,BLR-CCU,SJ147_20260419043041,,accepted,2026-09-11 07:11:20.739575+00:00
UK201,Vistara,HYD,BOM,2026-04-19 04:29:41.703,2026-04-19 06:42:41.703,02:13:00,133.0,False,HYD-BOM,UK201_20260419042941,,accepted,2026-09-11 07:11:20.739575+00:00
SJ234,SpiceJet,BLR,CCU,2026-04-19 04:20:41.704,2026-04-19 06:23:41.704,02:03:00,123.0,False,BLR-CCU,SJ234_20260419042041,,accepted,2026-09-11 07:11:20.739575+00:00
AI176,Air India,BLR,DEL,2026-04-19 04:20:41.703,2026-04-19 06:25:41.703,02:05:00,125.0,False,BLR-DEL,AI176_20260419042041,,accepted,2026-09-11 07:11:20.739575+00:00
SJ045,SpiceJet,DEL,MAA,2026-04-19 04:16:41.701,2026-04-19 09:03:41.701,04:47:00,287.0,False,DEL-MAA,SJ045_20260419041641,,accepted,2026-09-11 07:11:20.739575+00:00
SJ174,SpiceJet,CCU,DEL,2026-04-19 04:09:41.703,2026-04-19 05:04:41.703,00:55:00,55.0,False,CCU-DEL,SJ174_20260419040941,,accepted,2026-09-11 07:11:20.739575+00:00
AI007,Air India,MAA,DEL,2026-04-19 04:01:41.701,2026-04-19 06:01:42.000,02:00:00.299000,120.00498333333333,False,MAA-DEL,AI007_20260419040141,,accepted,2026-09-11 07:11:20.739575+00:00
AI143,Air India,CCU,DEL,2026-04-19 03:58:41.702,2026-04-19 04:36:41.702,00:38:00,38.0,False,CCU-DEL,AI143_20260419035841,,accepted,2026-09-11 07:11:20.739575+00:00
SJ241,SpiceJet,DEL,HYD,2026-04-19 03:57:41.704,2026-04-19 06:36:41.704,02:39:00,159.0,False,DEL-HYD,SJ241_20260419035741,,accepted,2026-09-11 07:11:20.739575+00:00
AI020,Unknown,BOM,BLR,2026-04-19 03:53:41.701,2026-04-19 06:21:41.701,02:28:00,148.0,False,BOM-BLR,AI020_20260419035341,,accepted,2026-09-11 07:11:20.739575+00:00
UK031,Vistara,CCU,DEL,2026-04-19 03:45:41.701,2026-04-19 07:20:41.701,03:35:00,215.0,False,CCU-DEL,UK031_20260419034541,,accepted,2026-09-11 07:11:20.739575+00:00
AI013,Air India,HYD,BLR,2026-04-19 03:41:41.701,2026-04-19 04:58:41.701,01:17:00,77.0,False,HYD-BLR,AI013_20260419034141,,accepted,2026-09-11 07:11:20.739575+00:00
AI249,Air India,BLR,HYD,2026-04-19 03:38:41.704,2026-04-19 06:27:41.704,02:49:00,169.0,False,BLR-HYD,AI249_20260419033841,,accepted,2026-09-11 07:11:20.739575+00:00
UK046,Vistara,CCU,DEL,2026-04-19 03:37:41.701,2026-04-19 06:05:41.701,02:28:00,148.0,False,CCU-DEL,UK046_20260419033741,,accepted,2026-09-11 07:11:20.739575+00:00
UK168,Vistara,BLR,CCU,2026-04-19 03:20:41.703,2026-04-19 04:09:41.703,00:49:00,49.0,False,BLR-CCU,UK168_20260419032041,,accepted,2026-09-11 07:11:20.739575+00:00
AI022,Air India,BOM,MAA,2026-04-19 03:15:41.701,2026-04-19 05:10:41.701,01:55:00,115.0,False,BOM-MAA,AI022_20260419031541,,accepted,2026-09-11 07:11:20.739575+00:00
UK218,Vistara,MAA,BLR,2026-04-19 03:12:41.704,2026-04-19 07:22:41.704,04:10:00,250.0,False,MAA-BLR,UK218_20260419031241,,accepted,2026-09-11 07:11:20.739575+00:00
UK142,Vistara,BLR,DEL,2026-04-19 03:03:41.703,2026-04-19 07:13:41.703,04:10:00,250.0,False,BLR-DEL,UK142_20260419030341,,accepted,2026-09-11 07:11:20.739575+00:00
6F067,IndiGo,MAA,BLR,2026-04-19 02:59:41.701,2026-04-19 06:02:41.701,03:03:00,183.0,False,MAA-BLR,6F067_20260419025941,,accepted,2026-09-11 07:11:20.739575+00:00
SJ217,SpiceJet,BOM,CCU,2026-04-19 02:57:41.703,2026-04-19 06:04:41.703,03:07:00,187.0,False,BOM-CCU,SJ217_20260419025741,,accepted,2026-09-11 07:11:20.739575+00:00
SJ143,SpiceJet,DEL,BOM,2026-04-19 02:55:41.702,2026-04-19 03:52:41.702,00:57:00,57.0,False,DEL-BOM,SJ143_20260419025541,,accepted,2026-09-11 07:11:20.739575+00:00
AI243,Unknown,BLR,BOM,2026-04-19 02:50:41.704,2026-04-19 05:09:41.704,02:19:00,139.0,False,BLR-BOM,AI243_20260419025041,,accepted,2026-09-11 07:11:20.739575+00:00
SJ246,SpiceJet,BOM,DEL,2026-04-19 02:47:41.704,2026-04-19 03:47:42.000,01:00:00.296000,60.004933333333334,False,BOM-DEL,SJ246_20260419024741,,accepted,2026-09-11 07:11:20.739575+00:00
6F170,IndiGo,HYD,DEL,2026-04-19 02:44:41.703,2026-04-19 04:14:41.703,01:30:00,90.0,False,HYD-DEL,6F170_20260419024441,,accepted,2026-09-11 07:11:20.739575+00:00
UK157,Vistara,CCU,BOM,2026-04-19 02:41:41.703,2026-04-19 03:41:42.000,01:00:00.297000,60.00495,False,CCU-BOM,UK157_20260419024141,,accepted,2026-09-11 07:11:20.739575+00:00
UK172,Vistara,DEL,BOM,2026-04-19 02:20:41.703,2026-04-19 05:21:41.703,03:01:00,181.0,False,DEL-BOM,UK172_20260419022041,,accepted,2026-09-11 07:11:20.739575+00:00
SJ139,SpiceJet,DEL,BLR,2026-04-19 02:20:41.702,2026-04-19 06:02:41.702,03:42:00,222.0,False,DEL-BLR,SJ139_20260419022041,,accepted,2026-09-11 07:11:20.739575+00:00
UK085,Vistara,MAA,DEL,2026-04-19 02:15:41.702,2026-04-19 03:17:41.702,01:02:00,62.0,False,MAA-DEL,UK085_20260419021541,,accepted,2026-09-11 07:11:20.739575+00:00
6F079,IndiGo,MAA,HYD,2026-04-19 02:14:41.702,2026-04-19 06:18:41.702,04:04:00,244.0,False,MAA-HYD,6F079_20260419021441,,accepted,2026-09-11 07:11:20.739575+00:00
SJ032,SpiceJet,MAA,BOM,2026-04-19 02:11:41.701,2026-04-19 04:33:41.701,02:22:00,142.0,False,MAA-BOM,SJ032_20260419021141,,accepted,2026-09-11 07:11:20.739575+00:00
6F182,IndiGo,BOM,CCU,2026-04-19 02:10:41.703,2026-04-19 04:18:41.703,02:08:00,128.0,False,BOM-CCU,6F182_20260419021041,,accepted,2026-09-11 07:11:20.739575+00:00
AI106,Air India,HYD,BLR,2026-04-19 02:07:41.702,2026-04-19 03:20:41.702,01:13:00,73.0,False,HYD-BLR,AI106_20260419020741,,accepted,2026-09-11 07:11:20.739575+00:00
AI200,Air India,HYD,MAA,2026-04-19 02:05:41.703,2026-04-19 05:29:41.703,03:24:00,204.0,False,HYD-MAA,AI200_20260419020541,,accepted,2026-09-11 07:11:20.739575+00:00
6F142,IndiGo,CCU,MAA,2026-04-19 02:05:41.702,2026-04-19 06:04:41.702,03:59:00,239.0,False,CCU-MAA,6F142_20260419020541,,accepted,2026-09-11 07:11:20.739575+00:00
SJ079,SpiceJet,HYD,DEL,2026-04-19 01:58:41.702,2026-04-19 05:02:41.702,03:04:00,184.0,False,HYD-DEL,SJ079_20260419015841,,accepted,2026-09-11 07:11:20.739575+00:00
SJ082,SpiceJet,BOM,DEL,2026-04-19 01:54:41.702,2026-04-19 02:33:41.702,00:39:00,39.0,False,BOM-DEL,SJ082_20260419015441,,accepted,2026-09-11 07:11:20.739575+00:00
SJ110,SpiceJet,CCU,DEL,2026-04-19 01:47:41.702,2026-04-19 02:20:41.702,00:33:00,33.0,False,CCU-DEL,SJ110_20260419014741,,accepted,2026-09-11 07:11:20.739575+00:00
6F262,Unknown,MAA,DEL,2026-04-19 01:44:41.702,2026-04-19 02:47:41.702,01:03:00,63.0,False,MAA-DEL,6F262_20260419014441,,accepted,2026-09-11 07:11:20.739575+00:00
UK143,Vistara,BLR,BOM,2026-04-19 01:34:41.703,2026-04-19 02:48:41.703,01:14:00,74.0,False,BLR-BOM,UK143_20260419013441,,accepted,2026-09-11 07:11:20.739575+00:00
6F269,Unknown,HYD,MAA,2026-04-19 01:30:41.702,2026-04-19 02:52:41.702,01:22:00,82.0,False,HYD-MAA,6F269_20260419013041,,accepted,2026-09-11 07:11:20.739575+00:00
6F214,IndiGo,BOM,CCU,2026-04-19 01:21:41.703,2026-04-19 05:20:41.703,03:59:00,239.0,False,BOM-CCU,6F214_20260419012141,,accepted,2026-09-11 07:11:20.739575+00:00
SJ213,SpiceJet,BOM,CCU,2026-04-19 01:19:41.703,2026-04-19 04:48:41.703,03:29:00,209.0,False,BOM-CCU,SJ213_20260419011941,,accepted,2026-09-11 07:11:20.739575+00:00
SJ072,SpiceJet,DEL,HYD,2026-04-19 01:18:41.701,2026-04-19 04:08:41.701,02:50:00,170.0,False,DEL-HYD,SJ072_20260419011841,,accepted,2026-09-11 07:11:20.739575+00:00
6F059,IndiGo,BOM,DEL,2026-04-19 01:12:41.701,2026-04-19 06:02:41.701,04:50:00,290.0,False,BOM-DEL,6F059_20260419011241,,accepted,2026-09-11 07:11:20.739575+00:00
UK202,Vistara,DEL,HYD,2026-04-19 01:11:41.703,2026-04-19 05:37:41.703,04:26:00,266.0,False,DEL-HYD,UK202_20260419011141,,accepted,2026-09-11 07:11:20.739575+00:00
UK037,Vistara,BLR,BOM,2026-04-19 01:10:41.701,2026-04-19 05:12:41.701,04:02:00,242.0,False,BLR-BOM,UK037_20260419011041,,accepted,2026-09-11 07:11:20.739575+00:00
UK069,Vistara,CCU,DEL,2026-04-19 01:10:41.701,2026-04-19 03:23:41.701,02:13:00,133.0,False,CCU-DEL,UK069_20260419011041,,accepted,2026-09-11 07:11:20.739575+00:00
SJ118,SpiceJet,DEL,BOM,2026-04-19 01:08:41.702,2026-04-19 02:33:41.702,01:25:00,85.0,False,DEL-BOM,SJ118_20260419010841,,accepted,2026-09-11 07:11:20.739575+00:00
6F145,IndiGo,CCU,DEL,2026-04-19 01:02:41.703,2026-04-19 02:18:41.703,01:16:00,76.0,False,CCU-DEL,6F145_20260419010241,,accepted,2026-09-11 07:11:20.739575+00:00
UK097,Vistara,HYD,BOM,2026-04-19 00:49:41.702,2026-04-19 05:00:41.702,04:11:00,251.0,False,HYD-BOM,UK097_20260419004941,,accepted,2026-09-11 07:11:20.739575+00:00
6F117,IndiGo,CCU,DEL,2026-04-19 00:46:41.702,2026-04-19 01:51:41.702,01:05:00,65.0,False,CCU-DEL,6F117_20260419004641,,accepted,2026-09-11 07:11:20.739575+00:00
6F226,IndiGo,DEL,BOM,2026-04-19 00:38:41.704,2026-04-19 02:55:41.704,02:17:00,137.0,False,DEL-BOM,6F226_20260419003841,,accepted,2026-09-11 07:11:20.739575+00:00
6F050,IndiGo,DEL,BOM,2026-04-19 00:35:41.701,2026-04-19 04:32:41.701,03:57:00,237.0,False,DEL-BOM,6F050_20260419003541,,accepted,2026-09-11 07:11:20.739575+00:00
UK196,Vistara,BOM,HYD,2026-04-19 00:32:41.703,2026-04-19 04:49:41.703,04:17:00,257.0,False,BOM-HYD,UK196_20260419003241,,accepted,2026-09-11 07:11:20.739575+00:00
SJ086,SpiceJet,CCU,DEL,2026-04-19 00:32:41.702,2026-04-19 04:17:41.702,03:45:00,225.0,False,CCU-DEL,SJ086_20260419003241,,accepted,2026-09-11 07:11:20.739575+00:00
AI134,Air India,HYD,BOM,2026-04-19 00:28:41.702,2026-04-19 04:23:41.702,03:55:00,235.0,False,HYD-BOM,AI134_20260419002841,,accepted,2026-09-11 07:11:20.739575+00:00
AI043,Air India,CCU,DEL,2026-04-19 00:28:41.701,2026-04-19 04:37:41.701,04:09:00,249.0,False,CCU-DEL,AI043_20260419002841,,accepted,2026-09-11 07:11:20.739575+00:00
UK119,Vistara,BOM,CCU,2026-04-19 00:21:41.702,2026-04-19 04:38:41.702,04:17:00,257.0,False,BOM-CCU,UK119_20260419002141,,accepted,2026-09-11 07:11:20.739575+00:00
SJ181,SpiceJet,BOM,BLR,2026-04-19 00:20:41.703,2026-04-19 01:49:41.703,01:29:00,89.0,False,BOM-BLR,SJ181_20260419002041,,accepted,2026-09-11 07:11:20.739575+00:00
AI070,Air India,CCU,DEL,2026-04-19 00:05:41.702,2026-04-19 01:44:41.702,01:39:00,99.0,False,CCU-DEL,AI070_20260419000541,,accepted,2026-09-11 07:11:20.739575+00:00
6F233,IndiGo,BLR,BOM,2026-04-18 23:56:41.704,2026-04-19 03:53:41.704,03:57:00,237.0,True,BLR-BOM,6F233_20260418235641,,accepted,2026-09-11 07:11:20.739575+00:00
UK013,Vistara,BOM,MAA,2026-04-18 23:52:41.701,2026-04-19 02:52:41.701,03:00:00,180.0,True,BOM-MAA,UK013_20260418235241,,accepted,2026-09-11 07:11:20.739575+00:00
6F015,IndiGo,BOM,CCU,2026-04-18 23:39:41.701,2026-04-19 02:27:41.701,02:48:00,168.0,True,BOM-CCU,6F015_20260418233941,,accepted,2026-09-11 07:11:20.739575+00:00
SJ247,SpiceJet,DEL,BOM,2026-04-18 23:38:41.704,2026-04-19 03:43:41.704,04:05:00,245.0,True,DEL-BOM,SJ247_20260418233841,,accepted,2026-09-11 07:11:20.739575+00:00
AI067,Air India,HYD,DEL,2026-04-18 23:36:41.701,2026-04-19 03:09:41.701,03:33:00,213.0,True,HYD-DEL,AI067_20260418233641,,accepted,2026-09-11 07:11:20.739575+00:00
AI211,Air India,DEL,CCU,2026-04-18 23:34:41.703,2026-04-19 01:21:41.703,01:47:00,107.0,True,DEL-CCU,AI211_20260418233441,,accepted,2026-09-11 07:11:20.739575+00:00
UK029,Vistara,DEL,BOM,2026-04-18 23:26:41.701,2026-04-19 02:15:41.701,02:49:00,169.0,True,DEL-BOM,UK029_20260418232641,,accepted,2026-09-11 07:11:20.739575+00:00
SJ200,SpiceJet,BOM,DEL,2026-04-18 23:24:41.703,2026-04-19 02:11:41.703,02:47:00,167.0,True,BOM-DEL,SJ200_20260418232441,,accepted,2026-09-11 07:11:20.739575+00:00
6F087,IndiGo,DEL,HYD,2026-04-18 23:24:41.702,2026-04-19 03:10:41.702,03:46:00,226.0,True,DEL-HYD,6F087_20260418232441,,accepted,2026-09-11 07:11:20.739575+00:00
SJ210,SpiceJet,HYD,CCU,2026-04-18 23:21:41.703,2026-04-19 02:54:41.703,03:33:00,213.0,True,HYD-CCU,SJ210_20260418232141,,accepted,2026-09-11 07:11:20.739575+00:00
AI101,Air India,DEL,BLR,2026-04-18 23:20:41.702,2026-04-19 02:23:41.702,03:03:00,183.0,True,DEL-BLR,AI101_20260418232041,,accepted,2026-09-11 07:11:20.739575+00:00
UK075,Vistara,MAA,CCU,2026-04-18 23:15:41.702,2026-04-19 03:54:41.702,04:39:00,279.0,True,MAA-CCU,UK075_20260418231541,,accepted,2026-09-11 07:11:20.739575+00:00
SJ091,SpiceJet,BLR,CCU,2026-04-18 23:10:41.702,2026-04-19 00:47:41.702,01:37:00,97.0,True,BLR-CCU,SJ091_20260418231041,,accepted,2026-09-11 07:11:20.739575+00:00
AI251,Air India,MAA,DEL,2026-04-18 22:40:41.704,2026-04-18 23:24:41.704,00:44:00,44.0,False,MAA-DEL,AI251_20260418224041,,accepted,2026-09-11 07:11:20.739575+00:00
SJ042,SpiceJet,HYD,CCU,2026-04-18 22:38:41.701,2026-04-19 02:20:41.701,03:42:00,222.0,True,HYD-CCU,SJ042_20260418223841,,accepted,2026-09-11 07:11:20.739575+00:00
UK126,Vistara,CCU,DEL,2026-04-18 22:37:41.702,2026-04-19 00:03:41.702,01:26:00,86.0,True,CCU-DEL,UK126_20260418223741,,accepted,2026-09-11 07:11:20.739575+00:00
6F042,IndiGo,HYD,DEL,2026-04-18 22:35:41.701,2026-04-19 02:41:41.701,04:06:00,246.0,True,HYD-DEL,6F042_20260418223541,,accepted,2026-09-11 07:11:20.739575+00:00
AI116,Air India,CCU,BOM,2026-04-18 22:30:41.702,2026-04-19 01:57:41.702,03:27:00,207.0,True,CCU-BOM,AI116_20260418223041,,accepted,2026-09-11 07:11:20.739575+00:00
SJ209,SpiceJet,BLR,BOM,2026-04-18 22:22:41.703,2026-04-19 02:03:41.703,03:41:00,221.0,True,BLR-BOM,SJ209_20260418222241,,accepted,2026-09-11 07:11:20.739575+00:00
AI123,Air India,MAA,BOM,2026-04-18 22:19:41.702,2026-04-19 00:45:41.702,02:26:00,146.0,True,MAA-BOM,AI123_20260418221941,,accepted,2026-09-11 07:11:20.739575+00:00
6F016,IndiGo,HYD,BOM,2026-04-18 22:18:41.701,2026-04-18 22:54:41.701,00:36:00,36.0,False,HYD-BOM,6F016_20260418221841,,accepted,2026-09-11 07:11:20.739575+00:00
UK012,Vistara,MAA,BOM,2026-04-18 22:16:41.701,2026-04-19 00:25:41.701,02:09:00,129.0,True,MAA-BOM,UK012_20260418221641,,accepted,2026-09-11 07:11:20.739575+00:00
SJ188,SpiceJet,BLR,BOM,2026-04-18 22:15:41.703,2026-04-18 22:55:41.703,00:40:00,40.0,False,BLR-BOM,SJ188_20260418221541,,accepted,2026-09-11 07:11:20.739575+00:00
UK096,Vistara,BLR,HYD,2026-04-18 22:11:41.702,2026-04-19 00:06:41.702,01:55:00,115.0,True,BLR-HYD,UK096_20260418221141,,accepted,2026-09-11 07:11:20.739575+00:00
SJ046,SpiceJet,BOM,MAA,2026-04-18 22:01:41.701,2026-04-19 01:25:41.701,03:24:00,204.0,True,BOM-MAA,SJ046_20260418220141,,accepted,2026-09-11 07:11:20.739575+00:00
UK081,Unknown,BLR,DEL,2026-04-18 22:00:41.702,2026-04-18 23:00:41.702,01:00:00,60.0,False,BLR-DEL,UK081_20260418220041,,accepted,2026-09-11 07:11:20.739575+00:00
UK191,Vistara,MAA,BLR,2026-04-18 21:51:41.703,2026-04-18 22:57:41.703,01:06:00,66.0,False,MAA-BLR,UK191_20260418215141,,accepted,2026-09-11 07:11:20.739575+00:00
6F064,IndiGo,CCU,DEL,2026-04-18 21:45:41.701,2026-04-18 22:50:41.701,01:05:00,65.0,False,CCU-DEL,6F064_20260418214541,,accepted,2026-09-11 07:11:20.739575+00:00
AI005,Air India,DEL,CCU,2026-04-18 21:24:41.701,2026-04-18 22:11:41.701,00:47:00,47.0,False,DEL-CCU,AI005_20260418212441,,accepted,2026-09-11 07:11:20.739575+00:00
6F021,IndiGo,BLR,MAA,2026-04-18 21:23:41.701,2026-04-19 01:25:41.701,04:02:00,242.0,True,BLR-MAA,6F021_20260418212341,,accepted,2026-09-11 07:11:20.739575+00:00
AI169,Air India,CCU,DEL,2026-04-18 21:21:41.703,2026-04-19 01:34:41.703,04:13:00,253.0,True,CCU-DEL,AI169_20260418212141,,accepted,2026-09-11 07:11:20.739575+00:00
UK035,Vistara,HYD,BOM,2026-04-18 21:08:41.701,2026-04-18 22:24:41.701,01:16:00,76.0,False,HYD-BOM,UK035_20260418210841,,accepted,2026-09-11 07:11:20.739575+00:00
AI040,Air India,HYD,BLR,2026-04-18 21:01:41.701,2026-04-18 22:42:41.701,01:41:00,101.0,False,HYD-BLR,AI040_20260418210141,,accepted,2026-09-11 07:11:20.739575+00:00
UK042,Vistara,MAA,BOM,2026-04-18 20:59:41.701,2026-04-19 01:38:41.701,04:39:00,279.0,True,MAA-BOM,UK042_20260418205941,,accepted,2026-09-11 07:11:20.739575+00:00
SJ171,SpiceJet,DEL,HYD,2026-04-18 20:52:41.703,2026-04-18 23:52:41.703,03:00:00,180.0,False,DEL-HYD,SJ171_20260418205241,,accepted,2026-09-11 07:11:20.739575+00:00
AI250,Unknown,BOM,CCU,2026-04-18 20:48:41.704,2026-04-19 00:12:41.704,03:24:00,204.0,True,BOM-CCU,AI250_20260418204841,,accepted,2026-09-11 07:11:20.739575+00:00
SJ195,SpiceJet,BOM,CCU,2026-04-18 20:41:41.703,2026-04-18 23:54:41.703,03:13:00,193.0,False,BOM-CCU,SJ195_20260418204141,,accepted,2026-09-11 07:11:20.739575+00:00
UK211,Vistara,MAA,CCU,2026-04-18 20:39:41.704,2026-04-18 22:02:41.704,01:23:00,83.0,False,MAA-CCU,UK211_20260418203941,,accepted,2026-09-11 07:11:20.739575+00:00
UK122,Vistara,HYD,CCU,2026-04-18 20:29:42.000,2026-04-18 23:29:42.000,03:00:00,180.0,False,HYD-CCU,UK122_20260418202942,,accepted,2026-09-11 07:11:20.739575+00:00
AI136,Air India,BLR,DEL,2026-04-18 20:29:41.702,2026-04-18 23:48:41.702,03:19:00,199.0,False,BLR-DEL,AI136_20260418202941,,accepted,2026-09-11 07:11:20.739575+00:00
6F141,IndiGo,BOM,CCU,2026-04-18 20:26:41.702,2026-04-18 22:28:41.702,02:02:00,122.0,False,BOM-CCU,6F141_20260418202641,,accepted,2026-09-11 07:11:20.739575+00:00
6F053,IndiGo,DEL,HYD,2026-04-18 20:26:41.701,2026-04-19 00:39:41.701,04:13:00,253.0,True,DEL-HYD,6F053_20260418202641,,accepted,2026-09-11 07:11:20.739575+00:00
6F136,IndiGo,CCU,DEL,2026-04-18 20:24:41.702,2026-04-18 21:01:41.702,00:37:00,37.0,False,CCU-DEL,6F136_20260418202441,,accepted,2026-09-11 07:11:20.739575+00:00
6F009,IndiGo,BLR,CCU,2026-04-18 20:21:41.701,2026-04-18 23:36:41.701,03:15:00,195.0,False,BLR-CCU,6F009_20260418202141,,accepted,2026-09-11 07:11:20.739575+00:00
6F023,IndiGo,MAA,BLR,2026-04-18 20:18:41.701,2026-04-19 00:14:41.701,03:56:00,236.0,True,MAA-BLR,6F023_20260418201841,,accepted,2026-09-11 07:11:20.739575+00:00
UK006,Vistara,MAA,CCU,2026-04-18 20:16:41.701,2026-04-18 21:55:41.701,01:39:00,99.0,False,MAA-CCU,UK006_20260418201641,,accepted,2026-09-11 07:11:20.739575+00:00
SJ165,SpiceJet,CCU,BOM,2026-04-18 20:08:41.703,2026-04-18 23:18:41.703,03:10:00,190.0,False,CCU-BOM,SJ165_20260418200841,,accepted,2026-09-11 07:11:20.739575+00:00
6F189,IndiGo,MAA,BLR,2026-04-18 20:08:41.703,2026-04-18 21:51:41.703,01:43:00,103.0,False,MAA-BLR,6F189_20260418200841,,accepted,2026-09-11 07:11:20.739575+00:00
AI131,Air India,MAA,BOM,2026-04-18 19:55:41.702,2026-04-18 22:35:41.702,02:40:00,160.0,False,MAA-BOM,AI131_20260418195541,,accepted,2026-09-11 07:11:20.739575+00:00
6F004,IndiGo,BOM,CCU,2026-04-18 19:53:41.701,2026-04-18 23:33:41.701,03:40:00,220.0,False,BOM-CCU,6F004_20260418195341,,accepted,2026-09-11 07:11:20.739575+00:00
AI027,Air India,BOM,MAA,2026-04-18 19:41:41.701,2026-04-18 23:23:41.701,03:42:00,222.0,False,BOM-MAA,AI027_20260418194141,,accepted,2026-09-11 07:11:20.739575+00:00
AI238,Air India,CCU,MAA,2026-04-18 19:25:41.704,2026-04-19 00:07:41.704,04:42:00,282.0,True,CCU-MAA,AI238_20260418192541,,accepted,2026-09-11 07:11:20.739575+00:00
SJ105,SpiceJet,BOM,HYD,2026-04-18 19:22:41.702,2026-04-18 22:48:41.702,03:26:00,206.0,False,BOM-HYD,SJ105_20260418192241,,accepted,2026-09-11 07:11:20.739575+00:00
UK088,Unknown,MAA,BLR,2026-04-18 19:16:41.702,2026-04-18 23:36:41.702,04:20:00,260.0,False,MAA-BLR,UK088_20260418191641,,accepted,2026-09-11 07:11:20.739575+00:00
6F035,IndiGo,CCU,HYD,2026-04-18 19:16:41.701,2026-04-18 23:40:41.701,04:24:00,264.0,False,CCU-HYD,6F035_20260418191641,,accepted,2026-09-11 07:11:20.739575+00:00
AI133,Air India,DEL,CCU,2026-04-18 19:12:41.702,2026-04-18 21:32:41.702,02:20:00,140.0,False,DEL-CCU,AI133_20260418191241,,accepted,2026-09-11 07:11:20.739575+00:00
AI001,Air India,DEL,HYD,2026-04-18 19:00:41.700,2026-04-18 22:03:41.700,03:03:00,183.0,False,DEL-HYD,AI001_20260418190041,,accepted,2026-09-11 07:11:20.739575+00:00
SJ133,SpiceJet,BOM,CCU,2026-04-18 18:50:41.702,2026-04-18 21:29:41.702,02:39:00,159.0,False,BOM-CCU,SJ133_20260418185041,,accepted,2026-09-11 07:11:20.739575+00:00
SJ216,SpiceJet,BOM,CCU,2026-04-18 18:35:41.703,2026-04-18 21:31:41.703,02:56:00,176.0,False,BOM-CCU,SJ216_20260418183541,,accepted,2026-09-11 07:11:20.739575+00:00
SJ225,Unknown,DEL,HYD,2026-04-18 18:16:41.704,2026-04-18 20:53:41.704,02:37:00,157.0,False,DEL-HYD,SJ225_20260418181641,,accepted,2026-09-11 07:11:20.739575+00:00
AI147,Air India,HYD,CCU,2026-04-18 18:14:41.703,2026-04-18 20:10:41.703,01:56:00,116.0,False,HYD-CCU,AI147_20260418181441,,accepted,2026-09-11 07:11:20.739575+00:00
SJ054,SpiceJet,MAA,BLR,2026-04-18 18:13:41.701,2026-04-18 22:46:41.701,04:33:00,273.0,False,MAA-BLR,SJ054_20260418181341,,accepted,2026-09-11 07:11:20.739575+00:00
6F197,IndiGo,BOM,BLR,2026-04-18 17:59:41.703,2026-04-18 22:44:41.703,04:45:00,285.0,False,BOM-BLR,6F197_20260418175941,,accepted,2026-09-11 07:11:20.739575+00:00
SJ066,SpiceJet,HYD,CCU,2026-04-18 17:47:41.701,2026-04-18 19:03:41.701,01:16:00,76.0,False,HYD-CCU,SJ066_20260418174741,,accepted,2026-09-11 07:11:20.739575+00:00
SJ183,SpiceJet,CCU,DEL,2026-04-18 17:44:41.703,2026-04-18 19:40:41.703,01:56:00,116.0,False,CCU-DEL,SJ183_20260418174441,,accepted,2026-09-11 07:11:20.739575+00:00
SJ151,SpiceJet,BOM,CCU,2026-04-18 17:44:41.702,2026-04-18 19:16:41.702,01:32:00,92.0,False,BOM-CCU,SJ151_20260418174441,,accepted,2026-09-11 07:11:20.739575+00:00
SJ071,SpiceJet,CCU,MAA,2026-04-18 17:43:41.701,2026-04-18 19:32:41.701,01:49:00,109.0,False,CCU-MAA,SJ071_20260418174341,,accepted,2026-09-11 07:11:20.739575+00:00
SJ102,SpiceJet,MAA,CCU,2026-04-18 17:26:41.702,2026-04-18 18:58:41.702,01:32:00,92.0,False,MAA-CCU,SJ102_20260418172641,,accepted,2026-09-11 07:11:20.739575+00:00
AI209,Air India,BLR,CCU,2026-04-18 17:25:41.703,2026-04-18 18:37:41.703,01:12:00,72.0,False,BLR-CCU,AI209_20260418172541,,accepted,2026-09-11 07:11:20.739575+00:00
6F111,IndiGo,HYD,DEL,2026-04-18 17:09:41.702,2026-04-18 20:02:41.702,02:53:00,173.0,False,HYD-DEL,6F111_20260418170941,,accepted,2026-09-11 07:11:20.739575+00:00
AI050,Air India,BLR,BOM,2026-04-18 17:07:41.701,2026-04-18 19:42:41.701,02:35:00,155.0,False,BLR-BOM,AI050_20260418170741,,accepted,2026-09-11 07:11:20.739575+00:00
SJ189,SpiceJet,HYD,BLR,2026-04-18 17:05:41.703,2026-04-18 22:01:41.703,04:56:00,296.0,False,HYD-BLR,SJ189_20260418170541,,accepted,2026-09-11 07:11:20.739575+00:00
UK112,Unknown,CCU,DEL,2026-04-18 17:05:41.702,2026-04-18 19:47:41.702,02:42:00,162.0,False,CCU-DEL,UK112_20260418170541,,accepted,2026-09-11 07:11:20.739575+00:00
6F171,IndiGo,DEL,BLR,2026-04-18 17:03:41.703,2026-04-18 18:12:41.703,01:09:00,69.0,False,DEL-BLR,6F171_20260418170341,,accepted,2026-09-11 07:11:20.739575+00:00
AI011,Air India,CCU,BOM,2026-04-18 16:58:41.701,2026-04-18 21:01:41.701,04:03:00,243.0,False,CCU-BOM,AI011_20260418165841,,accepted,2026-09-11 07:11:20.739575+00:00
6F027,IndiGo,BLR,DEL,2026-04-18 16:52:41.701,2026-04-18 18:21:41.701,01:29:00,89.0,False,BLR-DEL,6F027_20260418165241,,accepted,2026-09-11 07:11:20.739575+00:00
UK082,Vistara,DEL,BOM,2026-04-18 16:50:41.702,2026-04-18 21:21:41.702,04:31:00,271.0,False,DEL-BOM,UK082_20260418165041,,accepted,2026-09-11 07:11:20.739575+00:00
UK138,Vistara,DEL,BLR,2026-04-18 16:47:41.703,2026-04-18 19:36:41.703,02:49:00,169.0,False,DEL-BLR,UK138_20260418164741,,accepted,2026-09-11 07:11:20.739575+00:00
UK198,Vistara,DEL,BLR,2026-04-18 16:43:41.703,2026-04-18 18:18:41.703,01:35:00,95.0,False,DEL-BLR,UK198_20260418164341,,accepted,2026-09-11 07:11:20.739575+00:00
6F039,IndiGo,MAA,CCU,2026-04-18 16:43:41.701,2026-04-18 21:01:41.701,04:18:00,258.0,False,MAA-CCU,6F039_20260418164341,,accepted,2026-09-11 07:11:20.739575+00:00
6F157,IndiGo,MAA,CCU,2026-04-18 16:37:41.703,2026-04-18 18:04:41.703,01:27:00,87.0,False,MAA-CCU,6F157_20260418163741,,accepted,2026-09-11 07:11:20.739575+00:00
SJ024,SpiceJet,DEL,MAA,2026-04-18 16:29:41.701,2026-04-18 20:21:41.701,03:52:00,232.0,False,DEL-MAA,SJ024_20260418162941,,accepted,2026-09-11 07:11:20.739575+00:00
6F167,IndiGo,BLR,BOM,2026-04-18 16:26:41.703,2026-04-18 17:50:41.703,01:24:00,84.0,False,BLR-BOM,6F167_20260418162641,,accepted,2026-09-11 07:11:20.739575+00:00
AI197,Air India,BOM,CCU,2026-04-18 16:25:41.703,2026-04-18 20:00:41.703,03:35:00,215.0,False,BOM-CCU,AI197_20260418162541,,accepted,2026-09-11 07:11:20.739575+00:00
SJ211,SpiceJet,MAA,BOM,2026-04-18 16:22:41.703,2026-04-18 18:34:41.703,02:12:00,132.0,False,MAA-BOM,SJ211_20260418162241,,accepted,2026-09-11 07:11:20.739575+00:00
6F055,IndiGo,DEL,CCU,2026-04-18 16:21:41.701,2026-04-18 18:49:41.701,02:28:00,148.0,False,DEL-CCU,6F055_20260418162141,,accepted,2026-09-11 07:11:20.739575+00:00
AI253,Air India,BLR,BOM,2026-04-18 16:13:41.704,2026-04-18 19:51:41.704,03:38:00,218.0,False,BLR-BOM,AI253_20260418161341,,accepted,2026-09-11 07:11:20.739575+00:00
UK060,Vistara,BLR,CCU,2026-04-18 16:09:41.701,2026-04-18 19:42:41.701,03:33:00,213.0,False,BLR-CCU,UK060_20260418160941,,accepted,2026-09-11 07:11:20.739575+00:00
6F257,Unknown,MAA,CCU,2026-04-18 16:04:41.704,2026-04-18 19:55:41.704,03:51:00,231.0,False,MAA-CCU,6F257_20260418160441,,accepted,2026-09-11 07:11:20.739575+00:00
SJ135,SpiceJet,MAA,CCU,2026-04-18 16:03:41.702,2026-04-18 19:48:41.702,03:45:00,225.0,False,MAA-CCU,SJ135_20260418160341,,accepted,2026-09-11 07:11:20.739575+00:00
AI247,Air India,BOM,CCU,2026-04-18 15:58:41.704,2026-04-18 19:02:41.704,03:04:00,184.0,False,BOM-CCU,AI247_20260418155841,,accepted,2026-09-11 07:11:20.739575+00:00
UK127,Vistara,BOM,HYD,2026-04-18 15:56:41.702,2026-04-18 20:00:41.702,04:04:00,244.0,False,BOM-HYD,UK127_20260418155641,,accepted,2026-09-11 07:11:20.739575+00:00
AI109,Air India,BLR,BOM,2026-04-18 15:53:41.702,2026-04-18 20:14:41.702,04:21:00,261.0,False,BLR-BOM,AI109_20260418155341,,accepted,2026-09-11 07:11:20.739575+00:00
AI057,Air India,BOM,CCU,2026-04-18 15:53:41.701,2026-04-18 19:22:41.701,03:29:00,209.0,False,BOM-CCU,AI057_20260418155341,,accepted,2026-09-11 07:11:20.739575+00:00
6F103,IndiGo,CCU,MAA,2026-04-18 15:37:41.702,2026-04-18 18:32:41.702,02:55:00,175.0,False,CCU-MAA,6F103_20260418153741,,accepted,2026-09-11 07:11:20.739575+00:00
SJ144,SpiceJet,BLR,BOM,2026-04-18 15:35:41.702,2026-04-18 19:12:41.702,03:37:00,217.0,False,BLR-BOM,SJ144_20260418153541,,accepted,2026-09-11 07:11:20.739575+00:00
6F076,IndiGo,CCU,HYD,2026-04-18 15:35:41.702,2026-04-18 16:20:41.702,00:45:00,45.0,False,CCU-HYD,6F076_20260418153541,,accepted,2026-09-11 07:11:20.739575+00:00
6F240,IndiGo,DEL,HYD,2026-04-18 15:31:41.704,2026-04-18 19:56:41.704,04:25:00,265.0,False,DEL-HYD,6F240_20260418153141,,accepted,2026-09-11 07:11:20.739575+00:00
UK057,Vistara,CCU,DEL,2026-04-18 15:25:41.701,2026-04-18 20:04:41.701,04:39:00,279.0,False,CCU-DEL,UK057_20260418152541,,accepted,2026-09-11 07:11:20.739575+00:00
AI201,Air India,BLR,CCU,2026-04-18 15:19:41.703,2026-04-18 16:40:41.703,01:21:00,81.0,False,BLR-CCU,AI201_20260418151941,,accepted,2026-09-11 07:11:20.739575+00:00
SJ242,SpiceJet,BLR,HYD,2026-04-18 14:55:41.704,2026-04-18 17:42:41.704,02:47:00,167.0,False,BLR-HYD,SJ242_20260418145541,,accepted,2026-09-11 07:11:20.739575+00:00
6F037,IndiGo,BOM,MAA,2026-04-18 14:51:41.701,2026-04-18 17:23:41.701,02:32:00,152.0,False,BOM-MAA,6F037_20260418145141,,accepted,2026-09-11 07:11:20.739575+00:00
SJ132,SpiceJet,MAA,DEL,2026-04-18 14:44:41.702,2026-04-18 15:36:41.702,00:52:00,52.0,False,MAA-DEL,SJ132_20260418144441,,accepted,2026-09-11 07:11:20.739575+00:00
AI055,Air India,CCU,BOM,2026-04-18 14:39:41.701,2026-04-18 16:18:41.701,01:39:00,99.0,False,CCU-BOM,AI055_20260418143941,,accepted,2026-09-11 07:11:20.739575+00:00
6F252,Unknown,MAA,BLR,2026-04-18 14:25:41.701,2026-04-18 18:52:41.701,04:27:00,267.0,False,MAA-BLR,6F252_20260418142541,,accepted,2026-09-11 07:11:20.739575+00:00
AI183,Air India,DEL,CCU,2026-04-18 14:24:41.703,2026-04-18 16:06:41.703,01:42:00,102.0,False,DEL-CCU,AI183_20260418142441,,accepted,2026-09-11 07:11:20.739575+00:00
SJ125,SpiceJet,DEL,BLR,2026-04-18 14:21:41.702,2026-04-18 16:55:41.702,02:34:00,154.0,False,DEL-BLR,SJ125_20260418142141,,accepted,2026-09-11 07:11:20.739575+00:00
SJ087,SpiceJet,BOM,DEL,2026-04-18 14:20:41.702,2026-04-18 19:09:41.702,04:49:00,289.0,False,BOM-DEL,SJ087_20260418142041,,accepted,2026-09-11 07:11:20.739575+00:00
UK182,Vistara,HYD,CCU,2026-04-18 14:19:41.703,2026-04-18 18:25:41.703,04:06:00,246.0,False,HYD-CCU,UK182_20260418141941,,accepted,2026-09-11 07:11:20.739575+00:00
AI016,Air India,BOM,CCU,2026-04-18 14:15:41.701,2026-04-18 18:38:41.701,04:23:00,263.0,False,BOM-CCU,AI016_20260418141541,,accepted,2026-09-11 07:11:20.739575+00:00
6F107,IndiGo,CCU,BLR,2026-04-18 14:14:41.702,2026-04-18 17:14:42.000,03:00:00.298000,180.0049666666667,False,CCU-BLR,6F107_20260418141441,,accepted,2026-09-11 07:11:20.739575+00:00
AI026,Air India,DEL,BOM,2026-04-18 14:14:41.701,2026-04-18 15:13:41.701,00:59:00,59.0,False,DEL-BOM,AI026_20260418141441,,accepted,2026-09-11 07:11:20.739575+00:00
AI177,Air India,CCU,HYD,2026-04-18 14:11:41.703,2026-04-18 16:26:41.703,02:15:00,135.0,False,CCU-HYD,AI177_20260418141141,,accepted,2026-09-11 07:11:20.739575+00:00
AI041,Air India,BOM,BLR,2026-04-18 14:08:41.701,2026-04-18 15:59:41.701,01:51:00,111.0,False,BOM-BLR,AI041_20260418140841,,accepted,2026-09-11 07:11:20.739575+00:00
6F264,Unknown,DEL,HYD,2026-04-18 14:03:41.701,2026-04-18 18:23:41.701,04:20:00,260.0,False,DEL-HYD,6F264_20260418140341,,accepted,2026-09-11 07:11:20.739575+00:00
6F222,IndiGo,HYD,MAA,2026-04-18 14:01:41.704,2026-04-18 16:11:41.704,02:10:00,130.0,False,HYD-MAA,6F222_20260418140141,,accepted,2026-09-11 07:11:20.739575+00:00
AI004,Air India,HYD,MAA,2026-04-18 13:58:41.701,2026-04-18 18:12:41.701,04:14:00,254.0,False,HYD-MAA,AI004_20260418135841,,accepted,2026-09-11 07:11:20.739575+00:00
SJ126,SpiceJet,DEL,BLR,2026-04-18 13:47:41.702,2026-04-18 16:31:41.702,02:44:00,164.0,False,DEL-BLR,SJ126_20260418134741,,accepted,2026-09-11 07:11:20.739575+00:00
SJ220,SpiceJet,BOM,CCU,2026-04-18 13:45:41.703,2026-04-18 15:21:41.703,01:36:00,96.0,False,BOM-CCU,SJ220_20260418134541,,accepted,2026-09-11 07:11:20.739575+00:00
AI204,Air India,CCU,MAA,2026-04-18 13:40:41.703,2026-04-18 18:38:41.703,04:58:00,298.0,False,CCU-MAA,AI204_20260418134041,,accepted,2026-09-11 07:11:20.739575+00:00
UK098,Vistara,CCU,DEL,2026-04-18 13:38:41.702,2026-04-18 17:54:41.702,04:16:00,256.0,False,CCU-DEL,UK098_20260418133841,,accepted,2026-09-11 07:11:20.739575+00:00
AI090,Air India,MAA,CCU,2026-04-18 13:37:41.702,2026-04-18 16:11:41.702,02:34:00,154.0,False,MAA-CCU,AI090_20260418133741,,accepted,2026-09-11 07:11:20.739575+00:00
AI092,Air India,CCU,BOM,2026-04-18 13:36:41.702,2026-04-18 16:20:41.702,02:44:00,164.0,False,CCU-BOM,AI092_20260418133641,,accepted,2026-09-11 07:11:20.739575+00:00
AI049,Air India,CCU,MAA,2026-04-18 13:35:41.701,2026-04-18 15:48:41.701,02:13:00,133.0,False,CCU-MAA,AI049_20260418133541,,accepted,2026-09-11 07:11:20.739575+00:00
UK117,Vistara,BLR,BOM,2026-04-18 13:17:41.702,2026-04-18 16:54:41.702,03:37:00,217.0,False,BLR-BOM,UK117_20260418131741,,accepted,2026-09-11 07:11:20.739575+00:00
6F227,IndiGo,MAA,BOM,2026-04-18 13:16:41.704,2026-04-18 17:41:41.704,04:25:00,265.0,False,MAA-BOM,6F227_20260418131641,,accepted,2026-09-11 07:11:20.739575+00:00
AI228,Air India,BLR,BOM,2026-04-18 13:16:41.703,2026-04-18 17:44:41.703,04:28:00,268.0,False,BLR-BOM,AI228_20260418131641,,accepted,2026-09-11 07:11:20.739575+00:00
SJ164,SpiceJet,CCU,MAA,2026-04-18 13:14:41.703,2026-04-18 15:14:42.000,02:00:00.297000,120.00495,False,CCU-MAA,SJ164_20260418131441,,accepted,2026-09-11 07:11:20.739575+00:00
AI018,Air India,BOM,CCU,2026-04-18 13:12:41.701,2026-04-18 18:04:41.701,04:52:00,292.0,False,BOM-CCU,AI018_20260418131241,,accepted,2026-09-11 07:11:20.739575+00:00
UK192,Vistara,HYD,DEL,2026-04-18 12:54:41.703,2026-04-18 13:54:42.000,01:00:00.297000,60.00495,False,HYD-DEL,UK192_20260418125441,,accepted,2026-09-11 07:11:20.739575+00:00
SJ224,SpiceJet,DEL,MAA,2026-04-18 12:41:41.703,2026-04-18 15:33:41.703,02:52:00,172.0,False,DEL-MAA,SJ224_20260418124141,,accepted,2026-09-11 07:11:20.739575+00:00
UK050,Vistara,BOM,DEL,2026-04-18 12:39:41.701,2026-04-18 13:18:41.701,00:39:00,39.0,False,BOM-DEL,UK050_20260418123941,,accepted,2026-09-11 07:11:20.739575+00:00
SJ159,SpiceJet,CCU,DEL,2026-04-18 12:22:41.703,2026-04-18 14:05:41.703,01:43:00,103.0,False,CCU-DEL,SJ159_20260418122241,,accepted,2026-09-11 07:11:20.739575+00:00
UK038,Vistara,MAA,CCU,2026-04-18 12:22:41.701,2026-04-18 15:31:41.701,03:09:00,189.0,False,MAA-CCU,UK038_20260418122241,,accepted,2026-09-11 07:11:20.739575+00:00
6F192,IndiGo,CCU,BLR,2026-04-18 12:20:41.703,2026-04-18 16:45:41.703,04:25:00,265.0,False,CCU-BLR,6F192_20260418122041,,accepted,2026-09-11 07:11:20.739575+00:00
6F173,IndiGo,BOM,CCU,2026-04-18 12:19:41.703,2026-04-18 13:08:41.703,00:49:00,49.0,False,BOM-CCU,6F173_20260418121941,,accepted,2026-09-11 07:11:20.739575+00:00
AI185,Air India,CCU,BOM,2026-04-18 12:16:41.703,2026-04-18 16:18:41.703,04:02:00,242.0,False,CCU-BOM,AI185_20260418121641,,accepted,2026-09-11 07:11:20.739575+00:00
SJ152,SpiceJet,BOM,DEL,2026-04-18 12:09:41.702,2026-04-18 13:50:41.702,01:41:00,101.0,False,BOM-DEL,SJ152_20260418120941,,accepted,2026-09-11 07:11:20.739575+00:00
AI215,Air India,BLR,DEL,2026-04-18 12:07:41.703,2026-04-18 13:43:41.703,01:36:00,96.0,False,BLR-DEL,AI215_20260418120741,,accepted,2026-09-11 07:11:20.739575+00:00
AI074,Air India,CCU,BOM,2026-04-18 12:03:41.702,2026-04-18 12:50:41.702,00:47:00,47.0,False,CCU-BOM,AI074_20260418120341,,accepted,2026-09-11 07:11:20.739575+00:00
6F109,IndiGo,BLR,BOM,2026-04-18 12:00:41.702,2026-04-18 12:51:41.702,00:51:00,51.0,False,BLR-BOM,6F109_20260418120041,,accepted,2026-09-11 07:11:20.739575+00:00
6F144,IndiGo,HYD,BOM,2026-04-18 11:56:41.702,2026-04-18 15:11:41.702,03:15:00,195.0,False,HYD-BOM,6F144_20260418115641,,accepted,2026-09-11 07:11:20.739575+00:00
6F210,IndiGo,HYD,DEL,2026-04-18 11:51:41.703,2026-04-18 15:58:41.703,04:07:00,247.0,False,HYD-DEL,6F210_20260418115141,,accepted,2026-09-11 07:11:20.739575+00:00
SJ111,SpiceJet,DEL,MAA,2026-04-18 11:47:41.702,2026-04-18 12:59:41.702,01:12:00,72.0,False,DEL-MAA,SJ111_20260418114741,,accepted,2026-09-11 07:11:20.739575+00:00
UK092,Vistara,MAA,BLR,2026-04-18 11:42:41.702,2026-04-18 13:17:41.702,01:35:00,95.0,False,MAA-BLR,UK092_20260418114241,,accepted,2026-09-11 07:11:20.739575+00:00
UK009,Vistara,BOM,DEL,2026-04-18 11:34:41.701,2026-04-18 13:41:41.701,02:07:00,127.0,False,BOM-DEL,UK009_20260418113441,,accepted,2026-09-11 07:11:20.739575+00:00
AI170,Air India,HYD,DEL,2026-04-18 11:27:41.703,2026-04-18 15:50:41.703,04:23:00,263.0,False,HYD-DEL,AI170_20260418112741,,accepted,2026-09-11 07:11:20.739575+00:00
6F154,IndiGo,CCU,DEL,2026-04-18 11:26:41.703,2026-04-18 12:23:41.703,00:57:00,57.0,False,CCU-DEL,6F154_20260418112641,,accepted,2026-09-11 07:11:20.739575+00:00
6F161,IndiGo,MAA,DEL,2026-04-18 11:24:41.703,2026-04-18 12:21:41.703,00:57:00,57.0,False,MAA-DEL,6F161_20260418112441,,accepted,2026-09-11 07:11:20.739575+00:00
UK128,Vistara,BOM,CCU,2026-04-18 11:22:41.702,2026-04-18 14:11:41.702,02:49:00,169.0,False,BOM-CCU,UK128_20260418112241,,accepted,2026-09-11 07:11:20.739575+00:00
AI186,Air India,DEL,BOM,2026-04-18 11:11:41.703,2026-04-18 13:05:41.703,01:54:00,114.0,False,DEL-BOM,AI186_20260418111141,,accepted,2026-09-11 07:11:20.739575+00:00
AI099,Air India,BLR,BOM,2026-04-18 11:07:41.702,2026-04-18 13:29:41.702,02:22:00,142.0,False,BLR-BOM,AI099_20260418110741,,accepted,2026-09-11 07:11:20.739575+00:00
6F203,IndiGo,BLR,HYD,2026-04-18 11:05:41.703,2026-04-18 12:56:41.703,01:51:00,111.0,False,BLR-HYD,6F203_20260418110541,,accepted,2026-09-11 07:11:20.739575+00:00
UK139,Unknown,BLR,MAA,2026-04-18 10:54:41.703,2026-04-18 14:31:41.703,03:37:00,217.0,False,BLR-MAA,UK139_20260418105441,,accepted,2026-09-11 07:11:20.739575+00:00
SJ008,SpiceJet,HYD,BLR,2026-04-18 10:53:41.701,2026-04-18 15:48:41.701,04:55:00,295.0,False,HYD-BLR,SJ008_20260418105341,,accepted,2026-09-11 07:11:20.739575+00:00
AI171,Air India,MAA,BLR,2026-04-18 10:51:41.703,2026-04-18 13:34:41.703,02:43:00,163.0,False,MAA-BLR,AI171_20260418105141,,accepted,2026-09-11 07:11:20.739575+00:00
6F124,IndiGo,BLR,BOM,2026-04-18 10:47:41.702,2026-04-18 15:21:41.702,04:34:00,274.0,False,BLR-BOM,6F124_20260418104741,,accepted,2026-09-11 07:11:20.739575+00:00
6F137,IndiGo,CCU,DEL,2026-04-18 10:45:41.702,2026-04-18 15:01:41.702,04:16:00,256.0,False,CCU-DEL,6F137_20260418104541,,accepted,2026-09-11 07:11:20.739575+00:00
AI008,Air India,BOM,CCU,2026-04-18 10:43:41.701,2026-04-18 12:43:42.000,02:00:00.299000,120.00498333333333,False,BOM-CCU,AI008_20260418104341,,accepted,2026-09-11 07:11:20.739575+00:00
SJ140,Unknown,HYD,DEL,2026-04-18 10:42:41.702,2026-04-18 14:30:41.702,03:48:00,228.0,False,HYD-DEL,SJ140_20260418104241,,accepted,2026-09-11 07:11:20.739575+00:00
UK016,Vistara,DEL,CCU,2026-04-18 10:42:41.701,2026-04-18 11:22:41.701,00:40:00,40.0,False,DEL-CCU,UK016_20260418104241,,accepted,2026-09-11 07:11:20.739575+00:00
AI127,Air India,DEL,HYD,2026-04-18 10:37:41.702,2026-04-18 13:45:41.702,03:08:00,188.0,False,DEL-HYD,AI127_20260418103741,,accepted,2026-09-11 07:11:20.739575+00:00
SJ096,Unknown,DEL,HYD,2026-04-18 10:29:41.702,2026-04-18 13:45:41.702,03:16:00,196.0,False,DEL-HYD,SJ096_20260418102941,,accepted,2026-09-11 07:11:20.739575+00:00
6F048,IndiGo,HYD,DEL,2026-04-18 10:27:41.701,2026-04-18 11:18:41.701,00:51:00,51.0,False,HYD-DEL,6F048_20260418102741,,accepted,2026-09-11 07:11:20.739575+00:00
SJ090,SpiceJet,HYD,MAA,2026-04-18 10:24:41.702,2026-04-18 13:11:41.702,02:47:00,167.0,False,HYD-MAA,SJ090_20260418102441,,accepted,2026-09-11 07:11:20.739575+00:00
AI014,Air India,HYD,MAA,2026-04-18 10:24:41.701,2026-04-18 13:51:41.701,03:27:00,207.0,False,HYD-MAA,AI014_20260418102441,,accepted,2026-09-11 07:11:20.739575+00:00
6F131,IndiGo,BLR,HYD,2026-04-18 10:22:41.702,2026-04-18 14:20:41.702,03:58:00,238.0,False,BLR-HYD,6F131_20260418102241,,accepted,2026-09-11 07:11:20.739575+00:00
AI130,Air India,BOM,BLR,2026-04-18 10:18:41.702,2026-04-18 12:59:41.702,02:41:00,161.0,False,BOM-BLR,AI130_20260418101841,,accepted,2026-09-11 07:11:20.739575+00:00
UK151,Unknown,BOM,CCU,2026-04-18 10:11:41.703,2026-04-18 13:30:41.703,03:19:00,199.0,False,BOM-CCU,UK151_20260418101141,,accepted,2026-09-11 07:11:20.739575+00:00
6F165,IndiGo,BLR,BOM,2026-04-18 10:11:41.703,2026-04-18 11:09:41.703,00:58:00,58.0,False,BLR-BOM,6F165_20260418101141,,accepted,2026-09-11 07:11:20.739575+00:00
UK161,Vistara,BLR,BOM,2026-04-18 10:05:41.703,2026-04-18 12:48:41.703,02:43:00,163.0,False,BLR-BOM,UK161_20260418100541,,accepted,2026-09-11 07:11:20.739575+00:00
AI107,Air India,HYD,CCU,2026-04-18 10:03:41.702,2026-04-18 10:49:41.702,00:46:00,46.0,False,HYD-CCU,AI107_20260418100341,,accepted,2026-09-11 07:11:20.739575+00:00
SJ104,SpiceJet,HYD,DEL,2026-04-18 10:00:41.702,2026-04-18 11:00:42.000,01:00:00.298000,60.00496666666666,False,HYD-DEL,SJ104_20260418100041,,accepted,2026-09-11 07:11:20.739575+00:00
AI042,Air India,CCU,DEL,2026-04-18 09:53:41.701,2026-04-18 10:57:41.701,01:04:00,64.0,False,CCU-DEL,AI042_20260418095341,,accepted,2026-09-11 07:11:20.739575+00:00
6F266,Unknown,CCU,MAA,2026-04-18 09:49:41.703,2026-04-18 11:17:41.703,01:28:00,88.0,False,CCU-MAA,6F266_20260418094941,,accepted,2026-09-11 07:11:20.739575+00:00
6F138,IndiGo,HYD,BLR,2026-04-18 09:49:41.702,2026-04-18 12:53:41.702,03:04:00,184.0,False,HYD-BLR,6F138_20260418094941,,accepted,2026-09-11 07:11:20.739575+00:00
SJ219,SpiceJet,BOM,DEL,2026-04-18 09:32:41.703,2026-04-18 14:09:41.703,04:37:00,277.0,False,BOM-DEL,SJ219_20260418093241,,accepted,2026-09-11 07:11:20.739575+00:00
UK197,Vistara,BLR,HYD,2026-04-18 09:22:41.703,2026-04-18 10:54:41.703,01:32:00,92.0,False,BLR-HYD,UK197_20260418092241,,accepted,2026-09-11 07:11:20.739575+00:00
6F119,IndiGo,DEL,BOM,2026-04-18 09:19:41.702,2026-04-18 11:33:41.702,02:14:00,134.0,False,DEL-BOM,6F119_20260418091941,,accepted,2026-09-11 07:11:20.739575+00:00
SJ058,SpiceJet,DEL,HYD,2026-04-18 08:58:41.701,2026-04-18 13:14:41.701,04:16:00,256.0,False,DEL-HYD,SJ058_20260418085841,,accepted,2026-09-11 07:11:20.739575+00:00
AI218,Air India,BOM,CCU,2026-04-18 08:55:41.703,2026-04-18 11:55:41.703,03:00:00,180.0,False,BOM-CCU,AI218_20260418085541,,accepted,2026-09-11 07:11:20.739575+00:00
SJ060,SpiceJet,HYD,CCU,2026-04-18 08:51:41.701,2026-04-18 13:46:41.701,04:55:00,295.0,False,HYD-CCU,SJ060_20260418085141,,accepted,2026-09-11 07:11:20.739575+00:00
UK121,Vistara,BLR,BOM,2026-04-18 08:36:41.702,2026-04-18 12:36:41.702,04:00:00,240.0,False,BLR-BOM,UK121_20260418083641,,accepted,2026-09-11 07:11:20.739575+00:00
6F208,IndiGo,CCU,BOM,2026-04-18 08:27:41.703,2026-04-18 11:34:41.703,03:07:00,187.0,False,CCU-BOM,6F208_20260418082741,,accepted,2026-09-11 07:11:20.739575+00:00
6F153,IndiGo,CCU,BLR,2026-04-18 08:23:41.703,2026-04-18 12:20:41.703,03:57:00,237.0,False,CCU-BLR,6F153_20260418082341,,accepted,2026-09-11 07:11:20.739575+00:00
AI117,Air India,HYD,BLR,2026-04-18 08:18:41.702,2026-04-18 10:09:41.702,01:51:00,111.0,False,HYD-BLR,AI117_20260418081841,,accepted,2026-09-11 07:11:20.739575+00:00
SJ113,SpiceJet,BLR,BOM,2026-04-18 08:10:41.702,2026-04-18 10:10:42.000,02:00:00.298000,120.00496666666666,False,BLR-BOM,SJ113_20260418081041,,accepted,2026-09-11 07:11:20.739575+00:00
AI191,Air India,BLR,MAA,2026-04-18 07:57:41.703,2026-04-18 11:58:41.703,04:01:00,241.0,False,BLR-MAA,AI191_20260418075741,,accepted,2026-09-11 07:11:20.739575+00:00
6F267,Unknown,DEL,MAA,2026-04-18 07:56:41.703,2026-04-18 11:49:41.703,03:53:00,233.0,False,DEL-MAA,6F267_20260418075641,,accepted,2026-09-11 07:11:20.739575+00:00
6F185,IndiGo,CCU,DEL,2026-04-18 07:49:41.703,2026-04-18 10:08:41.703,02:19:00,139.0,False,CCU-DEL,6F185_20260418074941,,accepted,2026-09-11 07:11:20.739575+00:00
AI114,Air India,CCU,DEL,2026-04-18 07:48:41.702,2026-04-18 09:03:41.702,01:15:00,75.0,False,CCU-DEL,AI114_20260418074841,,accepted,2026-09-11 07:11:20.739575+00:00
6F155,IndiGo,DEL,BLR,2026-04-18 07:47:41.703,2026-04-18 08:20:41.703,00:33:00,33.0,False,DEL-BLR,6F155_20260418074741,,accepted,2026-09-11 07:11:20.739575+00:00
UK045,Vistara,MAA,HYD,2026-04-18 07:43:41.701,2026-04-18 09:28:41.701,01:45:00,105.0,False,MAA-HYD,UK045_20260418074341,,accepted,2026-09-11 07:11:20.739575+00:00
AI111,Air India,MAA,CCU,2026-04-18 07:40:41.702,2026-04-18 10:39:41.702,02:59:00,179.0,False,MAA-CCU,AI111_20260418074041,,accepted,2026-09-11 07:11:20.739575+00:00
AI156,Air India,CCU,BOM,2026-04-18 07:39:41.703,2026-04-18 09:22:41.703,01:43:00,103.0,False,CCU-BOM,AI156_20260418073941,,accepted,2026-09-11 07:11:20.739575+00:00
SJ128,SpiceJet,CCU,BLR,2026-04-18 07:39:41.702,2026-04-18 10:42:41.702,03:03:00,183.0,False,CCU-BLR,SJ128_20260418073941,,accepted,2026-09-11 07:11:20.739575+00:00
AI104,Air India,MAA,HYD,2026-04-18 07:35:41.702,2026-04-18 09:20:41.702,01:45:00,105.0,False,MAA-HYD,AI104_20260418073541,,accepted,2026-09-11 07:11:20.739575+00:00
6F225,IndiGo,HYD,CCU,2026-04-18 07:33:41.704,2026-04-18 12:12:41.704,04:39:00,279.0,False,HYD-CCU,6F225_20260418073341,,accepted,2026-09-11 07:11:20.739575+00:00
6F033,IndiGo,DEL,HYD,2026-04-18 07:08:41.701,2026-04-18 09:08:41.701,02:00:00,120.0,False,DEL-HYD,6F033_20260418070841,,accepted,2026-09-11 07:11:20.739575+00:00
6F244,IndiGo,MAA,CCU,2026-04-18 07:07:41.704,2026-04-18 08:31:41.704,01:24:00,84.0,False,MAA-CCU,6F244_20260418070741,,accepted,2026-09-11 07:11:20.739575+00:00
UK137,Vistara,BOM,MAA,2026-04-18 07:04:41.703,2026-04-18 09:14:41.703,02:10:00,130.0,False,BOM-MAA,UK137_20260418070441,,accepted,2026-09-11 07:11:20.739575+00:00
AI063,Air India,HYD,BLR,2026-04-18 07:03:41.701,2026-04-18 11:26:41.701,04:23:00,263.0,False,HYD-BLR,AI063_20260418070341,,accepted,2026-09-11 07:11:20.739575+00:00
SJ156,SpiceJet,BOM,DEL,2026-04-18 06:59:41.703,2026-04-18 07:34:41.703,00:35:00,35.0,False,BOM-DEL,SJ156_20260418065941,,accepted,2026-09-11 07:11:20.739575+00:00
UK125,Vistara,HYD,BOM,2026-04-18 06:58:41.702,2026-04-18 11:44:41.702,04:46:00,286.0,False,HYD-BOM,UK125_20260418065841,,accepted,2026-09-11 07:11:20.739575+00:00
AI232,Air India,DEL,BLR,2026-04-18 06:43:41.704,2026-04-18 10:13:41.704,03:30:00,210.0,False,DEL-BLR,AI232_20260418064341,,accepted,2026-09-11 07:11:20.739575+00:00
AI167,Air India,BLR,DEL,2026-04-18 06:43:41.703,2026-04-18 11:10:41.703,04:27:00,267.0,False,BLR-DEL,AI167_20260418064341,,accepted,2026-09-11 07:11:20.739575+00:00
UK160,Vistara,BLR,BOM,2026-04-18 06:42:41.703,2026-04-18 10:58:41.703,04:16:00,256.0,False,BLR-BOM,UK160_20260418064241,,accepted,2026-09-11 07:11:20.739575+00:00
UK129,Vistara,HYD,MAA,2026-04-18 06:29:41.702,2026-04-18 07:29:42.000,01:00:00.298000,60.00496666666666,False,HYD-MAA,UK129_20260418062941,,accepted,2026-09-11 07:11:20.739575+00:00
SJ230,SpiceJet,BOM,CCU,2026-04-18 06:22:41.704,2026-04-18 10:57:41.704,04:35:00,275.0,False,BOM-CCU,SJ230_20260418062241,,accepted,2026-09-11 07:11:20.739575+00:00
SJ056,SpiceJet,HYD,DEL,2026-04-18 06:11:41.701,2026-04-18 07:10:41.701,00:59:00,59.0,False,HYD-DEL,SJ056_20260418061141,,accepted,2026-09-11 07:11:20.739575+00:00
SJ137,SpiceJet,CCU,DEL,2026-04-18 06:08:41.702,2026-04-18 10:14:41.702,04:06:00,246.0,False,CCU-DEL,SJ137_20260418060841,,accepted,2026-09-11 07:11:20.739575+00:00
6F081,IndiGo,MAA,BLR,2026-04-18 06:04:41.702,2026-04-18 07:43:41.702,01:39:00,99.0,False,MAA-BLR,6F081_20260418060441,,accepted,2026-09-11 07:11:20.739575+00:00
6F088,IndiGo,CCU,BLR,2026-04-18 05:51:41.702,2026-04-18 08:22:41.702,02:31:00,151.0,False,CCU-BLR,6F088_20260418055141,,accepted,2026-09-11 07:11:20.739575+00:00
6F121,IndiGo,HYD,MAA,2026-04-18 05:44:41.702,2026-04-18 10:42:41.702,04:58:00,298.0,False,HYD-MAA,6F121_20260418054441,,accepted,2026-09-11 07:11:20.739575+00:00
UK214,Vistara,HYD,DEL,2026-04-18 05:30:41.704,2026-04-18 09:10:41.704,03:40:00,220.0,False,HYD-DEL,UK214_20260418053041,,accepted,2026-09-11 07:11:20.739575+00:00
6F060,IndiGo,DEL,BLR,2026-04-18 05:29:41.701,2026-04-18 07:29:42.000,02:00:00.299000,120.00498333333333,False,DEL-BLR,6F060_20260418052941,,accepted,2026-09-11 07:11:20.739575+00:00
SJ101,SpiceJet,CCU,DEL,2026-04-18 05:17:41.702,2026-04-18 06:57:41.702,01:40:00,100.0,False,CCU-DEL,SJ101_20260418051741,,accepted,2026-09-11 07:11:20.739575+00:00
AI017,Air India,CCU,BOM,2026-04-18 05:15:41.701,2026-04-18 08:48:41.701,03:33:00,213.0,False,CCU-BOM,AI017_20260418051541,,accepted,2026-09-11 07:11:20.739575+00:00
6F120,IndiGo,BLR,BOM,2026-04-18 05:14:41.702,2026-04-18 06:14:41.702,01:00:00,60.0,False,BLR-BOM,6F120_20260418051441,,accepted,2026-09-11 07:11:20.739575+00:00
6F217,IndiGo,BLR,BOM,2026-04-18 05:13:41.704,2026-04-18 08:01:41.704,02:48:00,168.0,False,BLR-BOM,6F217_20260418051341,,accepted,2026-09-11 07:11:20.739575+00:00
AI194,Air India,MAA,BLR,2026-04-18 05:09:41.703,2026-04-18 09:38:41.703,04:29:00,269.0,False,MAA-BLR,AI194_20260418050941,,accepted,2026-09-11 07:11:20.739575+00:00
AI095,Air India,DEL,MAA,2026-04-18 05:00:41.702,2026-04-18 08:18:41.702,03:18:00,198.0,False,DEL-MAA,AI095_20260418050041,,accepted,2026-09-11 07:11:20.739575+00:00
SJ190,SpiceJet,BOM,CCU,2026-04-18 04:57:41.703,2026-04-18 09:25:41.703,04:28:00,268.0,False,BOM-CCU,SJ190_20260418045741,,accepted,2026-09-11 07:11:20.739575+00:00
6F139,IndiGo,HYD,MAA,2026-04-18 04:55:41.702,2026-04-18 08:17:41.702,03:22:00,202.0,False,HYD-MAA,6F139_20260418045541,,accepted,2026-09-11 07:11:20.739575+00:00
6F062,IndiGo,CCU,DEL,2026-04-18 04:55:41.701,2026-04-18 06:22:41.701,01:27:00,87.0,False,CCU-DEL,6F062_20260418045541,,accepted,2026-09-11 07:11:20.739575+00:00
UK011,Vistara,CCU,DEL,2026-04-18 04:41:41.701,2026-04-18 06:25:41.701,01:44:00,104.0,False,CCU-DEL,UK011_20260418044141,,accepted,2026-09-11 07:11:20.739575+00:00
6F100,IndiGo,BOM,BLR,2026-04-18 04:40:41.702,2026-04-18 07:49:41.702,03:09:00,189.0,False,BOM-BLR,6F100_20260418044041,,accepted,2026-09-11 07:11:20.739575+00:00
6F228,IndiGo,HYD,MAA,2026-04-18 04:36:41.704,2026-04-18 09:27:41.704,04:51:00,291.0,False,HYD-MAA,6F228_20260418043641,,accepted,2026-09-11 07:11:20.739575+00:00
UK033,Vistara,HYD,DEL,2026-04-18 04:34:41.701,2026-04-18 09:18:41.701,04:44:00,284.0,False,HYD-DEL,UK033_20260418043441,,accepted,2026-09-11 07:11:20.739575+00:00
SJ231,SpiceJet,DEL,BLR,2026-04-18 04:23:41.704,2026-04-18 05:48:41.704,01:25:00,85.0,False,DEL-BLR,SJ231_20260418042341,,accepted,2026-09-11 07:11:20.739575+00:00
AI166,Air India,BOM,CCU,2026-04-18 04:20:41.703,2026-04-18 07:23:41.703,03:03:00,183.0,False,BOM-CCU,AI166_20260418042041,,accepted,2026-09-11 07:11:20.739575+00:00
SJ176,SpiceJet,DEL,BOM,2026-04-18 04:15:41.703,2026-04-18 06:17:41.703,02:02:00,122.0,False,DEL-BOM,SJ176_20260418041541,,accepted,2026-09-11 07:11:20.739575+00:00
SJ065,SpiceJet,MAA,BLR,2026-04-18 04:10:41.701,2026-04-18 06:54:41.701,02:44:00,164.0,False,MAA-BLR,SJ065_20260418041041,,accepted,2026-09-11 07:11:20.739575+00:00
6F160,IndiGo,MAA,BLR,2026-04-18 04:09:41.703,2026-04-18 08:26:41.703,04:17:00,257.0,False,MAA-BLR,6F160_20260418040941,,accepted,2026-09-11 07:11:20.739575+00:00
AI089,Air India,CCU,BOM,2026-04-18 04:05:41.702,2026-04-18 04:47:41.702,00:42:00,42.0,False,CCU-BOM,AI089_20260418040541,,accepted,2026-09-11 07:11:20.739575+00:00
UK226,Vistara,MAA,HYD,2026-04-18 03:58:41.704,2026-04-18 05:01:41.704,01:03:00,63.0,False,MAA-HYD,UK226_20260418035841,,accepted,2026-09-11 07:11:20.739575+00:00
SJ123,SpiceJet,BOM,CCU,2026-04-18 03:57:41.702,2026-04-18 05:25:41.702,01:28:00,88.0,False,BOM-CCU,SJ123_20260418035741,,accepted,2026-09-11 07:11:20.739575+00:00
AI054,Air India,HYD,CCU,2026-04-18 03:44:41.701,2026-04-18 08:10:41.701,04:26:00,266.0,False,HYD-CCU,AI054_20260418034441,,accepted,2026-09-11 07:11:20.739575+00:00
UK019,Vistara,BOM,HYD,2026-04-18 03:41:41.701,2026-04-18 04:35:41.701,00:54:00,54.0,False,BOM-HYD,UK019_20260418034141,,accepted,2026-09-11 07:11:20.739575+00:00
UK032,Vistara,BLR,BOM,2026-04-18 03:31:41.701,2026-04-18 07:28:41.701,03:57:00,237.0,False,BLR-BOM,UK032_20260418033141,,accepted,2026-09-11 07:11:20.739575+00:00
SJ100,SpiceJet,MAA,BLR,2026-04-18 03:28:41.702,2026-04-18 06:50:41.702,03:22:00,202.0,False,MAA-BLR,SJ100_20260418032841,,accepted,2026-09-11 07:11:20.739575+00:00
SJ094,SpiceJet,MAA,HYD,2026-04-18 03:23:41.702,2026-04-18 08:07:41.702,04:44:00,284.0,False,MAA-HYD,SJ094_20260418032341,,accepted,2026-09-11 07:11:20.739575+00:00
6F101,IndiGo,BOM,MAA,2026-04-18 03:18:41.702,2026-04-18 08:15:41.702,04:57:00,297.0,False,BOM-MAA,6F101_20260418031841,,accepted,2026-09-11 07:11:20.739575+00:00
6F006,IndiGo,BOM,BLR,2026-04-18 03:06:41.701,2026-04-18 05:06:42.000,02:00:00.299000,120.00498333333333,False,BOM-BLR,6F006_20260418030641,,accepted,2026-09-11 07:11:20.739575+00:00
AI006,Air India,BOM,BLR,2026-04-18 03:04:41.701,2026-04-18 05:54:41.701,02:50:00,170.0,False,BOM-BLR,AI006_20260418030441,,accepted,2026-09-11 07:11:20.739575+00:00
AI195,Air India,CCU,MAA,2026-04-18 02:58:41.703,2026-04-18 04:57:41.703,01:59:00,119.0,False,CCU-MAA,AI195_20260418025841,,accepted,2026-09-11 07:11:20.739575+00:00
UK072,Vistara,BOM,BLR,2026-04-18 02:55:41.702,2026-04-18 05:55:42.000,03:00:00.298000,180.0049666666667,False,BOM-BLR,UK072_20260418025541,,accepted,2026-09-11 07:11:20.739575+00:00
AI244,Air India,BLR,BOM,2026-04-18 02:50:41.704,2026-04-18 03:25:41.704,00:35:00,35.0,False,BLR-BOM,AI244_20260418025041,,accepted,2026-09-11 07:11:20.739575+00:00
SJ059,SpiceJet,CCU,DEL,2026-04-18 02:50:41.701,2026-04-18 04:06:41.701,01:16:00,76.0,False,CCU-DEL,SJ059_20260418025041,,accepted,2026-09-11 07:11:20.739575+00:00
SJ009,SpiceJet,CCU,BLR,2026-04-18 02:48:41.701,2026-04-18 04:23:41.701,01:35:00,95.0,False,CCU-BLR,SJ009_20260418024841,,accepted,2026-09-11 07:11:20.739575+00:00
AI121,Air India,HYD,MAA,2026-04-18 02:42:41.702,2026-04-18 06:11:41.702,03:29:00,209.0,False,HYD-MAA,AI121_20260418024241,,accepted,2026-09-11 07:11:20.739575+00:00
6F265,Unknown,DEL,HYD,2026-04-18 02:27:41.703,2026-04-18 03:24:41.703,00:57:00,57.0,False,DEL-HYD,6F265_20260418022741,,accepted,2026-09-11 07:11:20.739575+00:00
6F110,IndiGo,HYD,DEL,2026-04-18 02:27:41.702,2026-04-18 05:48:41.702,03:21:00,201.0,False,HYD-DEL,6F110_20260418022741,,accepted,2026-09-11 07:11:20.739575+00:00
UK018,Vistara,BOM,CCU,2026-04-18 02:15:41.701,2026-04-18 04:08:41.701,01:53:00,113.0,False,BOM-CCU,UK018_20260418021541,,accepted,2026-09-11 07:11:20.739575+00:00
6F072,IndiGo,BLR,CCU,2026-04-18 02:14:41.702,2026-04-18 03:11:41.702,00:57:00,57.0,False,BLR-CCU,6F072_20260418021441,,accepted,2026-09-11 07:11:20.739575+00:00
6F159,IndiGo,CCU,BOM,2026-04-18 02:08:41.703,2026-04-18 02:43:41.703,00:35:00,35.0,False,CCU-BOM,6F159_20260418020841,,accepted,2026-09-11 07:11:20.739575+00:00
6F095,IndiGo,BLR,MAA,2026-04-18 01:53:41.702,2026-04-18 05:34:41.702,03:41:00,221.0,False,BLR-MAA,6F095_20260418015341,,accepted,2026-09-11 07:11:20.739575+00:00
SJ129,SpiceJet,CCU,BOM,2026-04-18 01:48:41.702,2026-04-18 05:48:41.702,04:00:00,240.0,False,CCU-BOM,SJ129_20260418014841,,accepted,2026-09-11 07:11:20.739575+00:00
UK039,Vistara,HYD,BOM,2026-04-18 01:40:41.701,2026-04-18 02:53:41.701,01:13:00,73.0,False,HYD-BOM,UK039_20260418014041,,accepted,2026-09-11 07:11:20.739575+00:00
6F130,IndiGo,DEL,HYD,2026-04-18 01:27:41.702,2026-04-18 02:45:41.702,01:18:00,78.0,False,DEL-HYD,6F130_20260418012741,,accepted,2026-09-11 07:11:20.739575+00:00
6F247,IndiGo,DEL,HYD,2026-04-18 01:27:41.702,2026-04-18 02:45:41.702,01:18:00,78.0,False,DEL-HYD,6F247_20260418012741,,accepted,2026-09-11 07:11:20.739575+00:00
SJ233,SpiceJet,DEL,HYD,2026-04-18 01:18:41.704,2026-04-18 02:56:41.704,01:38:00,98.0,False,DEL-HYD,SJ233_20260418011841,,accepted,2026-09-11 07:11:20.739575+00:00
6F231,IndiGo,HYD,MAA,2026-04-18 01:16:41.704,2026-04-18 05:43:41.704,04:27:00,267.0,False,HYD-MAA,6F231_20260418011641,,accepted,2026-09-11 07:11:20.739575+00:00
AI125,Unknown,CCU,DEL,2026-04-18 01:12:41.702,2026-04-18 04:51:41.702,03:39:00,219.0,False,CCU-DEL,AI125_20260418011241,,accepted,2026-09-11 07:11:20.739575+00:00
6F102,IndiGo,HYD,MAA,2026-04-18 01:10:41.702,2026-04-18 02:24:41.702,01:14:00,74.0,False,HYD-MAA,6F102_20260418011041,,accepted,2026-09-11 07:11:20.739575+00:00
UK078,Vistara,BOM,HYD,2026-04-18 01:03:41.702,2026-04-18 04:32:41.702,03:29:00,209.0,False,BOM-HYD,UK078_20260418010341,,accepted,2026-09-11 07:11:20.739575+00:00
UK043,Unknown,DEL,HYD,2026-04-18 00:48:41.701,2026-04-18 04:52:41.701,04:04:00,244.0,False,DEL-HYD,UK043_20260418004841,,accepted,2026-09-11 07:11:20.739575+00:00
AI144,Air India,MAA,BOM,2026-04-18 00:43:41.702,2026-04-18 03:36:41.702,02:53:00,173.0,False,MAA-BOM,AI144_20260418004341,,accepted,2026-09-11 07:11:20.739575+00:00
UK054,Vistara,BLR,BOM,2026-04-18 00:37:41.701,2026-04-18 05:30:41.701,04:53:00,293.0,False,BLR-BOM,UK054_20260418003741,,accepted,2026-09-11 07:11:20.739575+00:00
UK108,Vistara,DEL,BLR,2026-04-18 00:28:41.702,2026-04-18 03:46:41.702,03:18:00,198.0,False,DEL-BLR,UK108_20260418002841,,accepted,2026-09-11 07:11:20.739575+00:00
6F008,IndiGo,DEL,BOM,2026-04-18 00:14:41.701,2026-04-18 04:59:41.701,04:45:00,285.0,False,DEL-BOM,6F008_20260418001441,,accepted,2026-09-11 07:11:20.739575+00:00
6F106,IndiGo,BOM,CCU,2026-04-18 00:10:41.702,2026-04-18 01:52:41.702,01:42:00,102.0,False,BOM-CCU,6F106_20260418001041,,accepted,2026-09-11 07:11:20.739575+00:00
AI203,Air India,BOM,CCU,2026-04-18 00:09:41.703,2026-04-18 02:56:41.703,02:47:00,167.0,False,BOM-CCU,AI203_20260418000941,,accepted,2026-09-11 07:11:20.739575+00:00
AI065,Unknown,MAA,BLR,2026-04-18 00:09:41.701,2026-04-18 05:00:41.701,04:51:00,291.0,False,MAA-BLR,AI065_20260418000941,,accepted,2026-09-11 07:11:20.739575+00:00
UK053,Vistara,BLR,BOM,2026-04-17 23:56:41.701,2026-04-18 02:46:41.701,02:50:00,170.0,True,BLR-BOM,UK053_20260417235641,,accepted,2026-09-11 07:11:20.739575+00:00
UK086,Vistara,CCU,BLR,2026-04-17 23:55:41.702,2026-04-18 02:27:41.702,02:32:00,152.0,True,CCU-BLR,UK086_20260417235541,,accepted,2026-09-11 07:11:20.739575+00:00
SJ223,SpiceJet,HYD,MAA,2026-04-17 23:54:41.703,2026-04-18 01:08:41.703,01:14:00,74.0,True,HYD-MAA,SJ223_20260417235441,,accepted,2026-09-11 07:11:20.739575+00:00
6F069,IndiGo,MAA,BLR,2026-04-17 23:44:41.701,2026-04-18 03:17:41.701,03:33:00,213.0,True,MAA-BLR,6F069_20260417234441,,accepted,2026-09-11 07:11:20.739575+00:00
6F032,IndiGo,DEL,BOM,2026-04-17 23:43:41.701,2026-04-18 02:22:41.701,02:39:00,159.0,True,DEL-BOM,6F032_20260417234341,,accepted,2026-09-11 07:11:20.739575+00:00
UK178,Vistara,DEL,BLR,2026-04-17 23:41:41.703,2026-04-18 04:09:41.703,04:28:00,268.0,True,DEL-BLR,UK178_20260417234141,,accepted,2026-09-11 07:11:20.739575+00:00
6F108,IndiGo,DEL,HYD,2026-04-17 23:41:41.702,2026-04-18 03:23:41.702,03:42:00,222.0,True,DEL-HYD,6F108_20260417234141,,accepted,2026-09-11 07:11:20.739575+00:00
UK147,Vistara,CCU,DEL,2026-04-17 23:35:41.703,2026-04-18 02:55:41.703,03:20:00,200.0,True,CCU-DEL,UK147_20260417233541,,accepted,2026-09-11 07:11:20.739575+00:00
AI187,Air India,BLR,HYD,2026-04-17 23:32:41.703,2026-04-18 01:16:41.703,01:44:00,104.0,True,BLR-HYD,AI187_20260417233241,,accepted,2026-09-11 07:11:20.739575+00:00
UK213,Vistara,BOM,CCU,2026-04-17 23:21:41.704,2026-04-18 01:01:41.704,01:40:00,100.0,True,BOM-CCU,UK213_20260417232141,,accepted,2026-09-11 07:11:20.739575+00:00
AI035,Air India,DEL,MAA,2026-04-17 23:17:41.701,2026-04-18 00:48:41.701,01:31:00,91.0,True,DEL-MAA,AI035_20260417231741,,accepted,2026-09-11 07:11:20.739575+00:00
UK186,Vistara,BOM,BLR,2026-04-17 23:05:41.703,2026-04-18 02:22:41.703,03:17:00,197.0,True,BOM-BLR,UK186_20260417230541,,accepted,2026-09-11 07:11:20.739575+00:00
6F045,IndiGo,BOM,HYD,2026-04-17 23:04:41.701,2026-04-18 03:38:41.701,04:34:00,274.0,True,BOM-HYD,6F045_20260417230441,,accepted,2026-09-11 07:11:20.739575+00:00
UK025,Vistara,DEL,BOM,2026-04-17 22:55:41.701,2026-04-18 02:47:41.701,03:52:00,232.0,True,DEL-BOM,UK025_20260417225541,,accepted,2026-09-11 07:11:20.739575+00:00
UK162,Vistara,BOM,CCU,2026-04-17 22:47:41.703,2026-04-18 00:21:41.703,01:34:00,94.0,True,BOM-CCU,UK162_20260417224741,,accepted,2026-09-11 07:11:20.739575+00:00
AI157,Air India,BLR,CCU,2026-04-17 22:45:41.703,2026-04-18 01:33:41.703,02:48:00,168.0,True,BLR-CCU,AI157_20260417224541,,accepted,2026-09-11 07:11:20.739575+00:00
6F096,IndiGo,MAA,BLR,2026-04-17 22:45:41.702,2026-04-18 02:58:41.702,04:13:00,253.0,True,MAA-BLR,6F096_20260417224541,,accepted,2026-09-11 07:11:20.739575+00:00
SJ229,SpiceJet,CCU,DEL,2026-04-17 22:25:41.704,2026-04-18 00:27:41.704,02:02:00,122.0,True,CCU-DEL,SJ229_20260417222541,,accepted,2026-09-11 07:11:20.739575+00:00
AI214,Air India,CCU,DEL,2026-04-17 22:23:41.703,2026-04-18 02:49:41.703,04:26:00,266.0,True,CCU-DEL,AI214_20260417222341,,accepted,2026-09-11 07:11:20.739575+00:00
6F205,IndiGo,HYD,BOM,2026-04-17 22:16:41.703,2026-04-18 00:02:41.703,01:46:00,106.0,True,HYD-BOM,6F205_20260417221641,,accepted,2026-09-11 07:11:20.739575+00:00
SJ157,SpiceJet,DEL,HYD,2026-04-17 22:11:41.703,2026-04-18 01:05:41.703,02:54:00,174.0,True,DEL-HYD,SJ157_20260417221141,,accepted,2026-09-11 07:11:20.739575+00:00
UK114,Vistara,HYD,CCU,2026-04-17 22:10:41.702,2026-04-17 23:58:41.702,01:48:00,108.0,False,HYD-CCU,UK114_20260417221041,,accepted,2026-09-11 07:11:20.739575+00:00
6F054,IndiGo,HYD,BLR,2026-04-17 22:00:41.701,2026-04-18 01:25:41.701,03:25:00,205.0,True,HYD-BLR,6F054_20260417220041,,accepted,2026-09-11 07:11:20.739575+00:00
6F216,IndiGo,BLR,DEL,2026-04-17 21:58:41.704,2026-04-18 02:51:41.704,04:53:00,293.0,True,BLR-DEL,6F216_20260417215841,,accepted,2026-09-11 07:11:20.739575+00:00
AI231,Air India,DEL,HYD,2026-04-17 21:52:41.704,2026-04-17 23:51:41.704,01:59:00,119.0,False,DEL-HYD,AI231_20260417215241,,accepted,2026-09-11 07:11:20.739575+00:00
UK103,Vistara,MAA,DEL,2026-04-17 21:52:41.702,2026-04-18 01:06:41.702,03:14:00,194.0,True,MAA-DEL,UK103_20260417215241,,accepted,2026-09-11 07:11:20.739575+00:00
AI066,Air India,HYD,MAA,2026-04-17 21:51:41.701,2026-04-18 00:11:41.701,02:20:00,140.0,True,HYD-MAA,AI066_20260417215141,,accepted,2026-09-11 07:11:20.739575+00:00
6F186,IndiGo,HYD,BOM,2026-04-17 21:48:41.703,2026-04-18 02:02:41.703,04:14:00,254.0,True,HYD-BOM,6F186_20260417214841,,accepted,2026-09-11 07:11:20.739575+00:00
AI021,Air India,DEL,HYD,2026-04-17 21:39:41.701,2026-04-18 01:38:41.701,03:59:00,239.0,True,DEL-HYD,AI021_20260417213941,,accepted,2026-09-11 07:11:20.739575+00:00
AI113,Air India,CCU,HYD,2026-04-17 21:21:41.702,2026-04-17 23:51:41.702,02:30:00,150.0,False,CCU-HYD,AI113_20260417212141,,accepted,2026-09-11 07:11:20.739575+00:00
SJ031,SpiceJet,DEL,BOM,2026-04-17 21:20:41.701,2026-04-17 22:29:41.701,01:09:00,69.0,False,DEL-BOM,SJ031_20260417212041,,accepted,2026-09-11 07:11:20.739575+00:00
UK217,Vistara,MAA,CCU,2026-04-17 21:19:41.704,2026-04-17 22:14:41.704,00:55:00,55.0,False,MAA-CCU,UK217_20260417211941,,accepted,2026-09-11 07:11:20.739575+00:00
SJ120,SpiceJet,MAA,BLR,2026-04-17 21:19:41.702,2026-04-18 00:56:41.702,03:37:00,217.0,True,MAA-BLR,SJ120_20260417211941,,accepted,2026-09-11 07:11:20.739575+00:00
UK180,Vistara,CCU,MAA,2026-04-17 21:18:41.703,2026-04-17 23:29:41.703,02:11:00,131.0,False,CCU-MAA,UK180_20260417211841,,accepted,2026-09-11 07:11:20.739575+00:00
6F242,IndiGo,BLR,MAA,2026-04-17 21:10:41.704,2026-04-18 01:04:41.704,03:54:00,234.0,True,BLR-MAA,6F242_20260417211041,,accepted,2026-09-11 07:11:20.739575+00:00
UK080,Vistara,BLR,MAA,2026-04-17 21:09:41.702,2026-04-17 22:29:41.702,01:20:00,80.0,False,BLR-MAA,UK080_20260417210941,,accepted,2026-09-11 07:11:20.739575+00:00
SJ124,SpiceJet,HYD,DEL,2026-04-17 21:05:41.702,2026-04-18 01:12:41.702,04:07:00,247.0,True,HYD-DEL,SJ124_20260417210541,,accepted,2026-09-11 07:11:20.739575+00:00
SJ115,SpiceJet,BOM,HYD,2026-04-17 21:05:41.702,2026-04-17 23:10:41.702,02:05:00,125.0,False,BOM-HYD,SJ115_20260417210541,,accepted,2026-09-11 07:11:20.739575+00:00
AI081,Air India,CCU,BOM,2026-04-17 21:03:41.702,2026-04-17 22:51:41.702,01:48:00,108.0,False,CCU-BOM,AI081_20260417210341,,accepted,2026-09-11 07:11:20.739575+00:00
AI142,Air India,BOM,DEL,2026-04-17 20:49:41.702,2026-04-17 23:03:41.702,02:14:00,134.0,False,BOM-DEL,AI142_20260417204941,,accepted,2026-09-11 07:11:20.739575+00:00
UK052,Vistara,BLR,CCU,2026-04-17 20:48:41.701,2026-04-17 21:40:41.701,00:52:00,52.0,False,BLR-CCU,UK052_20260417204841,,accepted,2026-09-11 07:11:20.739575+00:00
UK014,Vistara,HYD,MAA,2026-04-17 20:41:41.701,2026-04-17 22:06:41.701,01:25:00,85.0,False,HYD-MAA,UK014_20260417204141,,accepted,2026-09-11 07:11:20.739575+00:00
AI230,Unknown,CCU,BLR,2026-04-17 20:37:41.704,2026-04-18 00:22:41.704,03:45:00,225.0,True,CCU-BLR,AI230_20260417203741,,accepted,2026-09-11 07:11:20.739575+00:00
6F268,Unknown,DEL,MAA,2026-04-17 20:29:41.701,2026-04-17 21:58:41.701,01:29:00,89.0,False,DEL-MAA,6F268_20260417202941,,accepted,2026-09-11 07:11:20.739575+00:00
AI124,Air India,CCU,HYD,2026-04-17 20:28:41.702,2026-04-18 00:00:41.702,03:32:00,212.0,True,CCU-HYD,AI124_20260417202841,,accepted,2026-09-11 07:11:20.739575+00:00
6F082,IndiGo,BOM,BLR,2026-04-17 20:26:41.702,2026-04-17 22:26:41.702,02:00:00,120.0,False,BOM-BLR,6F082_20260417202641,,accepted,2026-09-11 07:11:20.739575+00:00
SJ035,SpiceJet,CCU,DEL,2026-04-17 20:15:41.701,2026-04-17 21:15:42.000,01:00:00.299000,60.004983333333335,False,CCU-DEL,SJ035_20260417201541,,accepted,2026-09-11 07:11:20.739575+00:00
SJ095,SpiceJet,DEL,MAA,2026-04-17 20:09:41.702,2026-04-17 23:13:41.702,03:04:00,184.0,False,DEL-MAA,SJ095_20260417200941,,accepted,2026-09-11 07:11:20.739575+00:00
UK230,Vistara,BLR,BOM,2026-04-17 20:02:41.704,2026-04-17 21:35:41.704,01:33:00,93.0,False,BLR-BOM,UK230_20260417200241,,accepted,2026-09-11 07:11:20.739575+00:00
UK171,Vistara,HYD,CCU,2026-04-17 19:59:41.703,2026-04-17 22:53:41.703,02:54:00,174.0,False,HYD-CCU,UK171_20260417195941,,accepted,2026-09-11 07:11:20.739575+00:00
6F147,IndiGo,HYD,MAA,2026-04-17 19:57:41.703,2026-04-18 00:31:41.703,04:34:00,274.0,True,HYD-MAA,6F147_20260417195741,,accepted,2026-09-11 07:11:20.739575+00:00
SJ212,Unknown,MAA,BLR,2026-04-17 19:49:41.703,2026-04-17 21:44:41.703,01:55:00,115.0,False,MAA-BLR,SJ212_20260417194941,,accepted,2026-09-11 07:11:20.739575+00:00
6F080,IndiGo,HYD,MAA,2026-04-17 19:47:41.702,2026-04-17 23:13:41.702,03:26:00,206.0,False,HYD-MAA,6F080_20260417194741,,accepted,2026-09-11 07:11:20.739575+00:00
UK049,Vistara,HYD,BOM,2026-04-17 19:47:41.701,2026-04-17 20:32:41.701,00:45:00,45.0,False,HYD-BOM,UK049_20260417194741,,accepted,2026-09-11 07:11:20.739575+00:00
AI152,Air India,BLR,CCU,2026-04-17 19:21:41.703,2026-04-17 20:26:41.703,01:05:00,65.0,False,BLR-CCU,AI152_20260417192141,,accepted,2026-09-11 07:11:20.739575+00:00
AI162,Air India,MAA,DEL,2026-04-17 19:20:41.703,2026-04-17 22:40:41.703,03:20:00,200.0,False,MAA-DEL,AI162_20260417192041,,accepted,2026-09-11 07:11:20.739575+00:00
SJ037,SpiceJet,BLR,BOM,2026-04-17 19:14:41.701,2026-04-17 22:31:41.701,03:17:00,197.0,False,BLR-BOM,SJ037_20260417191441,,accepted,2026-09-11 07:11:20.739575+00:00
AI172,Air India,BOM,CCU,2026-04-17 19:08:41.703,2026-04-17 19:53:41.703,00:45:00,45.0,False,BOM-CCU,AI172_20260417190841,,accepted,2026-09-11 07:11:20.739575+00:00
UK205,Vistara,HYD,MAA,2026-04-17 18:57:41.703,2026-04-17 21:46:41.703,02:49:00,169.0,False,HYD-MAA,UK205_20260417185741,,accepted,2026-09-11 07:11:20.739575+00:00
AI199,Air India,HYD,DEL,2026-04-17 18:47:41.703,2026-04-17 22:26:41.703,03:39:00,219.0,False,HYD-DEL,AI199_20260417184741,,accepted,2026-09-11 07:11:20.739575+00:00
6F241,IndiGo,DEL,HYD,2026-04-17 18:27:41.704,2026-04-17 19:02:41.704,00:35:00,35.0,False,DEL-HYD,6F241_20260417182741,,accepted,2026-09-11 07:11:20.739575+00:00
SJ041,SpiceJet,CCU,HYD,2026-04-17 18:24:41.701,2026-04-17 22:59:41.701,04:35:00,275.0,False,CCU-HYD,SJ041_20260417182441,,accepted,2026-09-11 07:11:20.739575+00:00
AI064,Air India,BLR,MAA,2026-04-17 18:24:41.701,2026-04-17 20:07:41.701,01:43:00,103.0,False,BLR-MAA,AI064_20260417182441,,accepted,2026-09-11 07:11:20.739575+00:00
UK169,Vistara,HYD,DEL,2026-04-17 18:12:41.703,2026-04-17 23:01:41.703,04:49:00,289.0,False,HYD-DEL,UK169_20260417181241,,accepted,2026-09-11 07:11:20.739575+00:00
UK144,Vistara,BOM,CCU,2026-04-17 18:07:41.703,2026-04-17 20:59:41.703,02:52:00,172.0,False,BOM-CCU,UK144_20260417180741,,accepted,2026-09-11 07:11:20.739575+00:00
AI118,Air India,HYD,MAA,2026-04-17 17:50:41.702,2026-04-17 19:59:41.702,02:09:00,129.0,False,HYD-MAA,AI118_20260417175041,,accepted,2026-09-11 07:11:20.739575+00:00
SJ145,SpiceJet,BLR,HYD,2026-04-17 17:41:41.702,2026-04-17 20:38:41.702,02:57:00,177.0,False,BLR-HYD,SJ145_20260417174141,,accepted,2026-09-11 07:11:20.739575+00:00
SJ077,SpiceJet,BLR,MAA,2026-04-17 17:32:41.701,2026-04-17 19:40:41.701,02:08:00,128.0,False,BLR-MAA,SJ077_20260417173241,,accepted,2026-09-11 07:11:20.739575+00:00
AI126,Air India,MAA,HYD,2026-04-17 17:26:41.702,2026-04-17 20:48:41.702,03:22:00,202.0,False,MAA-HYD,AI126_20260417172641,,accepted,2026-09-11 07:11:20.739575+00:00
SJ033,SpiceJet,HYD,DEL,2026-04-17 17:26:41.701,2026-04-17 18:51:41.701,01:25:00,85.0,False,HYD-DEL,SJ033_20260417172641,,accepted,2026-09-11 07:11:20.739575+00:00
SJ180,SpiceJet,HYD,CCU,2026-04-17 17:12:41.703,2026-04-17 22:00:41.703,04:48:00,288.0,False,HYD-CCU,SJ180_20260417171241,,accepted,2026-09-11 07:11:20.739575+00:00
6F183,IndiGo,MAA,HYD,2026-04-17 17:08:41.703,2026-04-17 19:52:41.703,02:44:00,164.0,False,MAA-HYD,6F183_20260417170841,,accepted,2026-09-11 07:11:20.739575+00:00
AI145,Unknown,DEL,BOM,2026-04-17 17:06:41.702,2026-04-17 21:31:41.702,04:25:00,265.0,False,DEL-BOM,AI145_20260417170641,,accepted,2026-09-11 07:11:20.739575+00:00
6F089,IndiGo,DEL,HYD,2026-04-17 17:06:41.702,2026-04-17 19:10:41.702,02:04:00,124.0,False,DEL-HYD,6F089_20260417170641,,accepted,2026-09-11 07:11:20.739575+00:00
6F207,IndiGo,BOM,HYD,2026-04-17 16:59:41.703,2026-04-17 21:00:41.703,04:01:00,241.0,False,BOM-HYD,6F207_20260417165941,,accepted,2026-09-11 07:11:20.739575+00:00
AI229,Air India,HYD,MAA,2026-04-17 16:48:41.703,2026-04-17 18:40:41.703,01:52:00,112.0,False,HYD-MAA,AI229_20260417164841,,accepted,2026-09-11 07:11:20.739575+00:00
6F223,IndiGo,MAA,BLR,2026-04-17 16:47:41.704,2026-04-17 17:21:41.704,00:34:00,34.0,False,MAA-BLR,6F223_20260417164741,,accepted,2026-09-11 07:11:20.739575+00:00
6F116,IndiGo,MAA,CCU,2026-04-17 16:43:41.702,2026-04-17 19:02:41.702,02:19:00,139.0,False,MAA-CCU,6F116_20260417164341,,accepted,2026-09-11 07:11:20.739575+00:00
SJ240,SpiceJet,BOM,HYD,2026-04-17 16:42:41.704,2026-04-17 20:21:41.704,03:39:00,219.0,False,BOM-HYD,SJ240_20260417164241,,accepted,2026-09-11 07:11:20.739575+00:00
SJ184,SpiceJet,CCU,DEL,2026-04-17 16:32:41.703,2026-04-17 21:00:41.703,04:28:00,268.0,False,CCU-DEL,SJ184_20260417163241,,accepted,2026-09-11 07:11:20.739575+00:00
AI087,Air India,MAA,DEL,2026-04-17 16:32:41.702,2026-04-17 20:30:41.702,03:58:00,238.0,False,MAA-DEL,AI087_20260417163241,,accepted,2026-09-11 07:11:20.739575+00:00
UK148,Vistara,HYD,BOM,2026-04-17 16:31:41.703,2026-04-17 18:43:41.703,02:12:00,132.0,False,HYD-BOM,UK148_20260417163141,,accepted,2026-09-11 07:11:20.739575+00:00
AI210,Air India,BLR,BOM,2026-04-17 16:13:41.703,2026-04-17 18:50:41.703,02:37:00,157.0,False,BLR-BOM,AI210_20260417161341,,accepted,2026-09-11 07:11:20.739575+00:00
6F093,IndiGo,CCU,DEL,2026-04-17 16:09:41.702,2026-04-17 20:00:41.702,03:51:00,231.0,False,CCU-DEL,6F093_20260417160941,,accepted,2026-09-11 07:11:20.739575+00:00
SJ080,SpiceJet,CCU,MAA,2026-04-17 16:04:41.702,2026-04-17 17:59:41.702,01:55:00,115.0,False,CCU-MAA,SJ080_20260417160441,,accepted,2026-09-11 07:11:20.739575+00:00
SJ005,SpiceJet,DEL,MAA,2026-04-17 16:03:41.701,2026-04-17 17:24:41.701,01:21:00,81.0,False,DEL-MAA,SJ005_20260417160341,,accepted,2026-09-11 07:11:20.739575+00:00
6F040,IndiGo,HYD,CCU,2026-04-17 15:52:41.701,2026-04-17 20:33:41.701,04:41:00,281.0,False,HYD-CCU,6F040_20260417155241,,accepted,2026-09-11 07:11:20.739575+00:00
AI212,Air India,DEL,CCU,2026-04-17 15:31:41.703,2026-04-17 20:13:41.703,04:42:00,282.0,False,DEL-CCU,AI212_20260417153141,,accepted,2026-09-11 07:11:20.739575+00:00
AI154,Air India,HYD,MAA,2026-04-17 15:25:41.703,2026-04-17 19:16:41.703,03:51:00,231.0,False,HYD-MAA,AI154_20260417152541,,accepted,2026-09-11 07:11:20.739575+00:00
6F239,IndiGo,CCU,BOM,2026-04-17 15:24:41.704,2026-04-17 17:37:41.704,02:13:00,133.0,False,CCU-BOM,6F239_20260417152441,,accepted,2026-09-11 07:11:20.739575+00:00
UK199,Vistara,BOM,CCU,2026-04-17 15:24:41.703,2026-04-17 18:55:41.703,03:31:00,211.0,False,BOM-CCU,UK199_20260417152441,,accepted,2026-09-11 07:11:20.739575+00:00
6F218,IndiGo,BLR,BOM,2026-04-17 15:16:41.704,2026-04-17 19:03:41.704,03:47:00,227.0,False,BLR-BOM,6F218_20260417151641,,accepted,2026-09-11 07:11:20.739575+00:00
6F011,IndiGo,MAA,BLR,2026-04-17 15:16:41.701,2026-04-17 17:16:42.000,02:00:00.299000,120.00498333333333,False,MAA-BLR,6F011_20260417151641,,accepted,2026-09-11 07:11:20.739575+00:00
UK106,Vistara,BOM,CCU,2026-04-17 15:12:41.702,2026-04-17 17:23:41.702,02:11:00,131.0,False,BOM-CCU,UK106_20260417151241,,accepted,2026-09-11 07:11:20.739575+00:00
UK030,Vistara,CCU,DEL,2026-04-17 15:11:41.701,2026-04-17 19:38:41.701,04:27:00,267.0,False,CCU-DEL,UK030_20260417151141,,accepted,2026-09-11 07:11:20.739575+00:00
6F090,IndiGo,HYD,BLR,2026-04-17 15:10:41.702,2026-04-17 19:22:41.702,04:12:00,252.0,False,HYD-BLR,6F090_20260417151041,,accepted,2026-09-11 07:11:20.739575+00:00
AI184,Air India,BOM,CCU,2026-04-17 15:03:41.703,2026-04-17 17:03:42.000,02:00:00.297000,120.00495,False,BOM-CCU,AI184_20260417150341,,accepted,2026-09-11 07:11:20.739575+00:00
SJ232,SpiceJet,MAA,BLR,2026-04-17 15:02:41.704,2026-04-17 19:22:41.704,04:20:00,260.0,False,MAA-BLR,SJ232_20260417150241,,accepted,2026-09-11 07:11:20.739575+00:00
AI153,Air India,BOM,CCU,2026-04-17 15:02:41.703,2026-04-17 16:30:41.703,01:28:00,88.0,False,BOM-CCU,AI153_20260417150241,,accepted,2026-09-11 07:11:20.739575+00:00
UK101,Vistara,DEL,HYD,2026-04-17 15:00:41.702,2026-04-17 17:43:41.702,02:43:00,163.0,False,DEL-HYD,UK101_20260417150041,,accepted,2026-09-11 07:11:20.739575+00:00
6F200,IndiGo,HYD,DEL,2026-04-17 14:54:41.703,2026-04-17 19:41:41.703,04:47:00,287.0,False,HYD-DEL,6F200_20260417145441,,accepted,2026-09-11 07:11:20.739575+00:00
6F162,IndiGo,CCU,BOM,2026-04-17 14:50:41.703,2026-04-17 17:44:41.703,02:54:00,174.0,False,CCU-BOM,6F162_20260417145041,,accepted,2026-09-11 07:11:20.739575+00:00
SJ197,SpiceJet,HYD,BLR,2026-04-17 14:49:41.703,2026-04-17 17:33:41.703,02:44:00,164.0,False,HYD-BLR,SJ197_20260417144941,,accepted,2026-09-11 07:11:20.739575+00:00
AI174,Air India,DEL,CCU,2026-04-17 14:45:41.703,2026-04-17 17:01:41.703,02:16:00,136.0,False,DEL-CCU,AI174_20260417144541,,accepted,2026-09-11 07:11:20.739575+00:00
UK090,Vistara,HYD,MAA,2026-04-17 14:44:41.702,2026-04-17 17:24:41.702,02:40:00,160.0,False,HYD-MAA,UK090_20260417144441,,accepted,2026-09-11 07:11:20.739575+00:00
UK124,Vistara,MAA,BLR,2026-04-17 14:35:41.702,2026-04-17 17:09:41.702,02:34:00,154.0,False,MAA-BLR,UK124_20260417143541,,accepted,2026-09-11 07:11:20.739575+00:00
AI239,Air India,BOM,HYD,2026-04-17 14:33:41.704,2026-04-17 17:47:41.704,03:14:00,194.0,False,BOM-HYD,AI239_20260417143341,,accepted,2026-09-11 07:11:20.739575+00:00
UK002,Vistara,CCU,MAA,2026-04-17 14:28:41.700,2026-04-17 19:20:41.700,04:52:00,292.0,False,CCU-MAA,UK002_20260417142841,,accepted,2026-09-11 07:11:20.739575+00:00
SJ055,SpiceJet,HYD,MAA,2026-04-17 14:17:41.701,2026-04-17 17:56:41.701,03:39:00,219.0,False,HYD-MAA,SJ055_20260417141741,,accepted,2026-09-11 07:11:20.739575+00:00
UK132,Vistara,BOM,DEL,2026-04-17 14:12:41.702,2026-04-17 16:19:41.702,02:07:00,127.0,False,BOM-DEL,UK132_20260417141241,,accepted,2026-09-11 07:11:20.739575+00:00
6F002,IndiGo,BLR,MAA,2026-04-17 14:11:41.700,2026-04-17 17:34:41.700,03:23:00,203.0,False,BLR-MAA,6F002_20260417141141,,accepted,2026-09-11 07:11:20.739575+00:00
UK005,Vistara,BOM,MAA,2026-04-17 14:02:41.701,2026-04-17 18:14:41.701,04:12:00,252.0,False,BOM-MAA,UK005_20260417140241,,accepted,2026-09-11 07:11:20.739575+00:00
6F258,Unknown,BOM,DEL,2026-04-17 13:54:41.703,2026-04-17 16:49:41.703,02:55:00,175.0,False,BOM-DEL,6F258_20260417135441,,accepted,2026-09-11 07:11:20.739575+00:00
SJ244,SpiceJet,BLR,DEL,2026-04-17 13:51:41.704,2026-04-17 15:39:41.704,01:48:00,108.0,False,BLR-DEL,SJ244_20260417135141,,accepted,2026-09-11 07:11:20.739575+00:00
AI075,Air India,CCU,DEL,2026-04-17 13:51:41.702,2026-04-17 16:49:41.702,02:58:00,178.0,False,CCU-DEL,AI075_20260417135141,,accepted,2026-09-11 07:11:20.739575+00:00
AI160,Air India,MAA,DEL,2026-04-17 13:41:41.703,2026-04-17 17:01:41.703,03:20:00,200.0,False,MAA-DEL,AI160_20260417134141,,accepted,2026-09-11 07:11:20.739575+00:00
UK091,Vistara,CCU,BOM,2026-04-17 13:37:41.702,2026-04-17 17:31:41.702,03:54:00,234.0,False,CCU-BOM,UK091_20260417133741,,accepted,2026-09-11 07:11:20.739575+00:00
UK195,Vistara,HYD,BOM,2026-04-17 13:35:41.703,2026-04-17 16:35:41.703,03:00:00,180.0,False,HYD-BOM,UK195_20260417133541,,accepted,2026-09-11 07:11:20.739575+00:00
6F044,IndiGo,DEL,HYD,2026-04-17 13:25:41.701,2026-04-17 17:36:41.701,04:11:00,251.0,False,DEL-HYD,6F044_20260417132541,,accepted,2026-09-11 07:11:20.739575+00:00
6F248,IndiGo,DEL,HYD,2026-04-17 13:25:41.701,2026-04-17 17:36:41.701,04:11:00,251.0,False,DEL-HYD,6F248_20260417132541,,accepted,2026-09-11 07:11:20.739575+00:00
6F204,IndiGo,DEL,CCU,2026-04-17 13:23:41.703,2026-04-17 16:04:41.703,02:41:00,161.0,False,DEL-CCU,6F204_20260417132341,,accepted,2026-09-11 07:11:20.739575+00:00
SJ092,SpiceJet,BLR,MAA,2026-04-17 13:19:41.702,2026-04-17 17:56:41.702,04:37:00,277.0,False,BLR-MAA,SJ092_20260417131941,,accepted,2026-09-11 07:11:20.739575+00:00
AI119,Air India,MAA,BLR,2026-04-17 13:15:41.702,2026-04-17 15:57:41.702,02:42:00,162.0,False,MAA-BLR,AI119_20260417131541,,accepted,2026-09-11 07:11:20.739575+00:00
AI151,Air India,MAA,HYD,2026-04-17 13:14:41.703,2026-04-17 14:10:41.703,00:56:00,56.0,False,MAA-HYD,AI151_20260417131441,,accepted,2026-09-11 07:11:20.739575+00:00
UK107,Vistara,HYD,BOM,2026-04-17 13:09:41.702,2026-04-17 14:25:41.702,01:16:00,76.0,False,HYD-BOM,UK107_20260417130941,,accepted,2026-09-11 07:11:20.739575+00:00
SJ019,SpiceJet,BLR,DEL,2026-04-17 13:07:41.701,2026-04-17 15:56:41.701,02:49:00,169.0,False,BLR-DEL,SJ019_20260417130741,,accepted,2026-09-11 07:11:20.739575+00:00
AI052,Air India,CCU,MAA,2026-04-17 13:06:41.701,2026-04-17 15:42:41.701,02:36:00,156.0,False,CCU-MAA,AI052_20260417130641,,accepted,2026-09-11 07:11:20.739575+00:00
SJ177,SpiceJet,BOM,CCU,2026-04-17 13:04:41.703,2026-04-17 17:37:41.703,04:33:00,273.0,False,BOM-CCU,SJ177_20260417130441,,accepted,2026-09-11 07:11:20.739575+00:00
6F215,IndiGo,DEL,BLR,2026-04-17 13:00:41.703,2026-04-17 17:30:41.703,04:30:00,270.0,False,DEL-BLR,6F215_20260417130041,,accepted,2026-09-11 07:11:20.739575+00:00
AI223,Air India,BOM,CCU,2026-04-17 12:53:41.703,2026-04-17 14:42:41.703,01:49:00,109.0,False,BOM-CCU,AI223_20260417125341,,accepted,2026-09-11 07:11:20.739575+00:00
SJ069,SpiceJet,HYD,BLR,2026-04-17 12:53:41.701,2026-04-17 14:17:41.701,01:24:00,84.0,False,HYD-BLR,SJ069_20260417125341,,accepted,2026-09-11 07:11:20.739575+00:00
6F198,IndiGo,HYD,BLR,2026-04-17 12:40:41.703,2026-04-17 17:39:41.703,04:59:00,299.0,False,HYD-BLR,6F198_20260417124041,,accepted,2026-09-11 07:11:20.739575+00:00
AI093,Air India,BOM,BLR,2026-04-17 12:35:41.702,2026-04-17 17:28:41.702,04:53:00,293.0,False,BOM-BLR,AI093_20260417123541,,accepted,2026-09-11 07:11:20.739575+00:00
UK062,Vistara,HYD,DEL,2026-04-17 12:33:41.701,2026-04-17 15:35:41.701,03:02:00,182.0,False,HYD-DEL,UK062_20260417123341,,accepted,2026-09-11 07:11:20.739575+00:00
6F057,IndiGo,MAA,DEL,2026-04-17 12:32:41.701,2026-04-17 15:50:41.701,03:18:00,198.0,False,MAA-DEL,6F057_20260417123241,,accepted,2026-09-11 07:11:20.739575+00:00
UK064,Vistara,BOM,DEL,2026-04-17 12:25:41.701,2026-04-17 14:55:41.701,02:30:00,150.0,False,BOM-DEL,UK064_20260417122541,,accepted,2026-09-11 07:11:20.739575+00:00
